cell,cycle,discharge_time,V_mean,T_max,V_min,dV_mid_slope,area_curve
B0055,156,2395.75,3.334305277604063,2395.75,2.496210707787105,4.632201482683667e-05,-1172.3236914035322
B0055,158,2410.688,3.3786546268712003,2410.688,2.499306018937951,6.909459074408997e-05,-1129.843730143912
B0055,208,2329.375,3.3172254241940724,2329.375,2.4984561833393784,3.9836927458836425e-05,-1090.0820959181967
B0055,212,2317.453,3.394889434849021,2317.453,2.48261274521935,6.956180433250995e-05,-1023.4652325019337
B0055,228,2400.672,3.319390417324328,2400.672,2.495661665849974,3.750483158197541e-05,-1103.9891851630307
B0055,230,2396.407,3.3844424778085056,2396.407,2.4989003291461986,6.240800177947476e-05,-1047.6301711559702
B0055,242,2363.047000000006,3.358032061134385,2363.047000000006,2.493973960448579,6.791849290389005e-05,-1011.4974666495971
B0056,0,2660.313,3.2954766160397115,2660.313,2.689656173110366,9.87562918346982e-05,-910.7534520032518
B0056,16,2530.172,3.3009005971377725,2530.172,2.6902918098264004,6.628409742953093e-05,-1548.3179616112077
B0056,22,2676.578,3.3506707667670343,2676.578,2.6988155601873713,8.158028803501704e-05,-1470.1375090119836
B0056,32,2640.016,3.373106355519255,2640.016,2.6910057831221796,7.452347680787026e-05,-1406.2793668775753
B0056,52,2697.75,3.346029829980996,2697.75,2.6854368250416094,5.615261234760799e-05,-1469.9787998762313
B0056,92,2488.734,3.377027547912212,2488.734,2.6842747820981163,6.818155193667704e-05,-1226.6157704767163
B0056,110,2521.985,3.3798132231944376,2521.985,2.694145271746648,6.0235040359216276e-05,-1229.1644390793717
B0056,122,2522.375,3.3452443163116468,2522.375,2.68847764541694,3.72249211494069e-05,-1342.4333256864188
B0056,132,2495.5,3.34756316321185,2495.5,2.693866336049454,6.076172399264187e-05,-1265.914491312934
B0056,134,2481.078,3.35733086174805,2481.078,2.692863343941837,6.507139375427742e-05,-1241.8222385056827
B0056,180,2392.468,3.3512931070480225,2392.468,2.6955474945092024,6.15456564936876e-05,-1134.8170484586335
B0056,204,2335.0,3.35382161318218,2335.0,2.690667005796631,6.586208806306818e-05,-1076.1752532837063
B0056,220,2479.297,3.3018532294003613,2479.297,2.6936113374580533,1.4541464979815016e-05,-1205.6328080056287
B0056,236,2373.687,3.375017576434803,2373.687,2.6916361141573137,7.349307778009126e-05,-1049.1441931986196
B0056,238,2385.922,3.3447811593714,2385.922,2.6977127849492053,5.20783041838757e-05,-1081.926801621303
B0056,244,2316.687,3.3416787046537793,2316.687,2.6927360739353285,4.3505815978716505e-05,-1063.7148467194743
B0042,14,2646.625,3.5813916541827884,2646.625,3.3813406435619986,-0.00015758681241398443,-1957.8391868424767
B0042,30,3058.469,3.505007993364287,3058.469,2.0349571700229223,-0.00016672062469986774,-2127.681263455354
B0042,44,3015.0,3.5017895249825077,3015.0,2.072733153164181,-0.00017311272554614983,-2034.0094884397677
B0042,54,3034.875,3.512523395065814,3034.875,2.199482829433638,-0.00017044895774483794,-2026.3104766396089
B0042,62,2980.234,3.504132817164544,2980.234,2.1678081694534352,-0.0001759346163844329,-1951.0185324078025
B0042,96,2887.407,3.483959694653678,2887.407,2.040034213071634,-0.0001940192104341493,-1778.6112507039327
B0042,115,1067.641,2.6739113004169983,1067.641,2.1758569457027304,-0.006701758299633975,-989.5451098003656
B0042,135,1016.859,2.6207075351068365,1016.859,2.1770285343272047,-0.007326444148277226,-895.2007937699802
B0042,143,1003.313,2.6084761921076964,1003.313,2.181654361966916,-0.00768637280615567,-869.8258378236579
B0042,205,96.484,3.1754074399247436,96.484,2.1767041905630014,,-81.44983431053176
B0042,225,5582.375,3.4271379640174557,5582.375,2.177720591678305,-0.00012075059650882811,-1541.870129501985
B0042,235,5486.187,3.411339830211173,5486.187,2.1308714510516316,-0.0001281817867701031,-1476.3182550682614
B0042,237,5461.922,3.406171736681636,5461.922,2.1249846428522594,-0.00012538068489157994,-1477.6085890696736
B0042,255,5267.843,3.377876069069321,5267.843,2.158726692822152,-0.000130864509802776,-1383.569503569406
B0042,257,5229.688,3.386987302997726,5229.688,2.1998128745691083,-0.00014188397422525346,-1376.927169129616
B0042,273,5051.672,3.3609438971566714,5051.672,2.153907127504055,-0.00014534944117107113,-1295.2534104464212
B0043,78,2957.016,3.4871652344467092,2957.016,2.435189655089205,-0.00016942826844547993,-1763.758995544391
B0043,106,1012.187,4.049827246639277,1012.187,2.427637650375664,,-71.83706716263296
B0043,121,687.328,3.984804652705164,687.328,2.3944641668469124,,-83.74675569956435
B0043,123,1047.531,4.061944839809304,1047.531,2.484746371426068,,-74.23162979763445
B0043,133,1025.719,4.057321348653441,1025.719,2.4347562857307143,,-73.46443228683971
B0043,141,1010.562,4.030996821807475,1010.562,2.381706206862016,,-84.26698370407934
B0043,157,586.719,3.989213116660272,586.719,2.4780138487049133,,-73.58706262674805
B0043,219,5703.296,3.48966312523739,5703.296,2.4700528908595785,-0.00010322288496137112,-1601.033717060133
B0043,221,5668.032,3.488348128969056,5668.032,2.4917865311625422,-0.00010580392647321662,-1586.4723443801304
B0043,227,5567.329,3.472364264525715,5567.329,2.4820985064146877,-0.00011502820576458897,-1531.4799583631616
B0043,233,5513.39,3.462170960038744,5513.39,2.4624361945446704,-0.00011814552089509518,-1493.2806589960417
B0043,245,5384.438,3.439373735149159,5384.438,2.4798848457409326,-0.0001271638934805008,-1405.158159013452
B0043,247,5344.859,3.437163038991663,5344.859,2.483308761917933,-0.0001278624821947679,-1386.872608913993
B0043,263,5144.109,3.4121967412564462,5144.109,2.4661345187240347,-0.00011516945400635998,-1281.0713300626446
B0043,269,5109.734,3.4128712396915963,5109.734,2.4919564449811342,-8.659549015110317e-05,-1250.4251106596448
B0044,78,2957.016,3.4563824255325124,2957.016,2.695456060678521,-9.170310570246394e-05,-1665.5416418711839
B0044,106,1012.187,4.048971725415951,1012.187,2.5372412665469883,,-59.019369319608764
B0044,121,687.328,3.990132495391901,687.328,2.502639203032668,,-71.25825777667492
B0044,123,1047.531,4.0600721563757505,1047.531,2.645057195756969,,-60.77641531671669
B0044,133,1025.719,4.056631496996698,1025.719,2.6214259323214453,,-60.688394611978865
B0044,141,1010.562,4.031869983878109,1010.562,2.5126783310210183,,-71.98965399983372
B0044,157,586.719,4.001898132433219,586.719,2.6997767051836083,,-61.63462823097919
B0044,219,5703.296,3.4576572257357188,5703.296,2.6902025456609366,-8.905923373152734e-05,-1510.7161615956788
B0044,221,5668.032,3.455388721055787,5668.032,2.682194069736634,-8.76597821446872e-05,-1499.578943596156
B0044,227,5567.329,3.4460660596643393,5567.329,2.6816548421625512,-7.760374131303722e-05,-1446.7131326519034
B0044,233,5513.39,3.43852489590756,5513.39,2.6766750362925413,-7.860462935379778e-05,-1412.528761802229
B0044,245,5384.438,3.4328533274735107,5384.438,2.697702269918439,-4.852557342583341e-05,-1318.4367269720624
B0044,247,5344.859,3.4316708520467656,5344.859,2.6908621173584564,-4.787591950961551e-05,-1304.2071052880574
B0044,263,5144.109,3.412152763562301,5144.109,2.699098319484438,-4.161340394972464e-05,-1217.1828196917916
B0044,269,5109.734,3.415105540482758,5109.734,2.684075358151804,-3.2431287159925255e-05,-1190.3994436746389
B0045,78,4760.938,3.371800066416972,4760.938,1.9932756058141663,3.341828896114935e-05,-661.4534126746813
B0045,100,4733.156,3.3716599583869105,4733.156,1.9845097801200726,3.747450555641583e-05,-636.4789757999462
B0045,106,4615.86,3.367632771675604,4615.86,1.9790832878431535,3.6852880985090996e-05,-627.6213422436107
B0045,148,4487.438,3.341190569830259,4487.438,1.9683654551310577,3.19583155997081e-05,-592.3190739396575
B0046,78,4760.938,3.349047830330531,4760.938,2.190167787518222,-0.00015809322252547048,-1131.4231486556619
B0046,100,4733.156,3.332816913331477,4733.156,2.1583931144361963,-0.00015835019737385703,-1102.5141652148584
B0046,106,4615.86,3.3330584507140104,4615.86,2.153169565361056,-0.00016679196825359507,-1068.779654899893
B0007,281,3094.328,3.5125204100391976,3094.328,2.0912297625621297,-0.00018890633505452042,-2214.9053592694454
B0007,315,3082.937,3.5195909283968354,3082.937,2.0962813773920193,-0.00018566674886605472,-2232.709717542851
B0007,382,2983.375,3.5001408438621677,2983.375,2.1646360641399958,-0.00020764562814249427,-2110.002449252409
B0007,398,2956.359,3.496089957852059,2956.359,2.13627215665258,-0.00021176913031251566,-2086.314258984832
B0007,430,2946.031,3.492836452260529,2946.031,2.0069579017420067,-0.00020896309959041672,-2091.627956830579
B0007,456,2901.375,3.487878571337591,2901.375,2.1743012710834013,-0.0002237589923519537,-2032.5845698758878
B0007,492,2873.453,3.4756949339238057,2873.453,2.0034792344341588,-0.0002334826955557525,-1998.252035945182
B0007,524,2847.36,3.4686822529487804,2847.36,1.9947266977360072,-0.0002437716401027523,-1959.695521129723
B0007,540,2828.328,3.4662499547181254,2828.328,2.003221375307111,-0.0002480511461252297,-1944.5479025282646
B0007,567,2829.625,3.4635011119445216,2829.625,1.987193667465448,-0.0002499358921705392,-1936.4182202340705
B0018,26,3380.406,3.543478027416411,3380.406,2.4152206992194847,-0.0001594973060351287,-2350.2361365317684
B0018,31,3396.141,3.545155146280937,3396.141,2.3887487262583647,-0.00015859760192253,-2336.98379500974
B0018,55,3302.031,3.5333109441755544,3302.031,2.4458096660548825,-0.00017273750622732943,-2116.3707670444605
B0018,67,3317.547,3.532438322521665,3317.547,2.3497771039810256,-0.0001716217438371152,-2082.046274508731
B0018,81,3268.687,3.525692957415014,3268.687,2.4337177596826547,-0.0001830771459301824,-1957.066590997009
B0018,83,3260.594,3.5243962482347304,3260.594,2.4424506461535755,-0.00018037171569457058,-1934.7667326163328
B0018,91,3236.515,3.513165600287965,3236.515,2.323395712524894,-0.0001766644138539209,-1822.183634984828
B0018,110,3197.969,3.5086485685152677,3197.969,2.4644431530094417,-0.00016233088192395677,-1790.0800118072564
B0018,118,3285.812,3.527269876472837,3285.812,2.3755467142668496,-0.00017051168824854833,-1994.4313154511071
B0018,122,3240.031,3.523020179476107,3240.031,2.3844645496129964,-0.00017866243840234587,-1934.1865460086049
B0018,166,3034.672,3.4962554827793944,3034.672,2.497752653580319,-0.00016073412038010576,-1634.731917384354
B0018,180,3012.937,3.484377015629626,3012.937,2.342731326096539,-0.0001729754463512067,-1588.342308929245
B0018,182,2998.875,3.485911679355838,2998.875,2.4198650452188226,-0.00016175278365112956,-1574.0366831568608
B0018,236,2832.703,3.458027727779736,2832.703,2.3528810264952194,-0.0001513850209511865,-1378.9538443114138
B0018,238,2827.077999999994,3.461399671850785,2827.077999999994,2.4646122144537173,-0.00013948245767289987,-1365.7469185599564
B0018,275,2818.312,3.4632601403204886,2818.312,2.377011586588198,-0.00017307145581297578,-1326.406178420489
B0018,301,2791.187,3.455566169506735,2791.187,2.395547668334432,-0.00016155017416581122,-1273.687484654829
B0018,306,2774.719,3.4525282614097668,2774.719,2.3062728144586413,-0.00017403068265836922,-1266.2469017868502
B0018,310,2781.125,3.4619744219744666,2781.125,2.4884289104730986,-0.00014578340075743066,-1254.938532050182
B0018,313,2760.906,3.452221905520614,2760.906,2.3992178234155577,-0.00014583207880911585,-1237.3053447067734
B0025,42,6384.75,3.437200278486184,6384.75,1.8355395996102943,1.1180117107542132e-05,-2038.3699508456732
B0025,50,6370.937000000005,3.3997812429989804,6370.937000000005,1.7363301713780446,9.789643728319561e-06,-1981.9213952480172
B0028,34,6442.203,3.680982701747773,6442.203,2.5683373423176117,-4.3525244482144654e-05,-2112.8150252071937
B0005,7,3631.563,3.5436661072601443,3631.563,2.592947964776547,-0.00015318584845017992,-1262.7295899092733
B0005,13,3650.828,3.5410250495075224,3650.828,2.487927319492314,-0.00015296780588702134,-1263.6657923198452
B0005,19,3551.25,3.5512057319376997,3551.25,2.552853984885676,-0.00015432209124798806,-1257.5248816118697
B0005,57,3511.594,3.5566107947817986,3511.594,2.6237674644021887,-0.00015202694799272844,-1258.263146871272
B0005,61,3431.9370000000054,3.5586742170266286,3431.9370000000054,2.5010798299873738,-0.00015252844918137601,-1257.1225813248582
B0005,77,3410.718,3.562441085094898,3410.718,2.6613903306108773,-0.00015517723362461588,-1243.7362381738164
B0005,149,3328.937,3.5597648340955144,3328.937,2.605158060541757,-0.0001552364690385321,-2463.9286921152793
B0005,153,3329.266,3.5623454342368555,3329.266,2.672012007453096,-0.00015771479214405715,-2451.239675555823
B0005,169,3265.656,3.549618661283731,3265.656,2.612942119873717,-0.0001656451993882535,-2385.0645656200672
B0005,209,3203.578,3.5376048790268775,3203.578,2.639091813583503,-0.00016126564497963804,-2284.775106218641
B0005,231,3167.719,3.530913477168431,3167.719,2.6657030585650423,-0.00015001343234898363,-2223.092590662421
B0005,243,3149.094,3.5286843243370085,3149.094,2.696157404617167,-0.0001415706892005048,-2192.56020766419
B0005,297,3058.157,3.509393098217417,3058.157,2.682380966742509,-0.0001211521843832266,-2065.8262341073482
B0005,335,3039.218,3.506809757955535,3039.218,2.6540810507928123,-0.00012300476033455832,-2044.0887940385949
B0005,363,3012.0,3.4982324882487914,3012.0,2.6355034454892072,-0.00011792472338360466,-2003.7568400806617
B0005,386,2975.297,3.4960807773600746,2975.297,2.6376728619288525,-0.00010900752247042665,-1959.7469120334915
B0005,390,2974.9850000000006,3.4959014526387993,2974.9850000000006,2.645120521151077,-0.0001061544160754185,-1951.8927349817802
B0005,394,2966.25,3.49758697990267,2966.25,2.698012437629632,-9.739673248957982e-05,-1937.367677847184
B0005,406,2956.406,3.4955107642336793,2956.406,2.6832134764261997,-9.6713648591838e-05,-1922.481703921128
B0005,464,2891.64,3.4836274447098923,2891.64,2.684008069130594,-8.096589232953295e-05,-1842.9935062668949
B0005,468,2882.906,3.4801724425386023,2882.906,2.6585256208771644,-8.195531153712567e-05,-1834.3897196199387
B0005,551,2846.39,3.4758956827369127,2846.39,2.674198661305034,-7.511996645940518e-05,-1789.5983848106541
B0005,591,2801.625,3.467864133752209,2801.625,2.673348140468748,-5.8887261084777496e-05,-1726.500385477353
B0005,611,2802.016,3.4710707220080397,2802.016,2.6787137407179737,-7.177572922961549e-05,-1744.747237163074
B0006,125,3321.844,3.5141396840039363,3321.844,2.4418858444380294,-0.00018021960977123108,-2391.883689669413
B0006,139,3293.172,3.505853407270776,3293.172,2.4510125175432287,-0.00018660651781406156,-2363.250016426435
B0006,173,3266.093,3.497301989882089,3266.093,2.4482931262785135,-0.0001931190286704634,-2310.755511731516
B0006,239,3148.829,3.4450080159856653,3148.829,2.436845595522602,-0.00012874212536511024,-2050.3909023448996
B0006,251,3131.625,3.4399432696179084,3131.625,2.450611393803655,-0.00011322218121057821,-2017.903140179657
B0006,277,3095.781,3.4307536518687582,3095.781,2.479712742728869,-9.26627416130011e-05,-1967.8671830455478
B0006,289,3085.625,3.426913589626697,3085.625,2.421513989921717,-9.006134650987181e-05,-1952.1729026067214
B0006,309,3049.328,3.4247420964314865,3049.328,2.4840755398082255,-7.818548100969457e-05,-1913.753532044702
B0006,319,3074.266,3.439948189189649,3074.266,2.452449045714353,-0.00012103646043606538,-2023.6079273398304
B0006,343,3030.375,3.4220957701069397,3030.375,2.4087687236133313,-8.264245365985072e-05,-1919.7209900140772
B0006,378,2964.468,3.417521467040601,2964.468,2.4482618595124874,-6.800608528373113e-05,-1865.8374925791034
B0006,410,2947.266,3.4131710032395346,2947.266,2.426962848243194,-4.934002331971308e-05,-1812.1556188363966
B0006,448,2919.812,3.411930366643557,2919.812,2.4440756213040964,-3.466741178602702e-05,-1780.3076663017325
B0006,504,2864.984,3.4076936865602874,2864.984,2.3942028718004007,-1.2485436312941443e-05,-1697.0992903233187
B0006,563,2829.843,3.409452435657406,2829.843,2.40986495422137,1.1125409893019287e-05,-1608.5260517685042
B0006,579,2810.672,3.409651424735993,2810.672,2.417924401749313,1.805773318421528e-05,-1571.6173773377402
B0006,583,2811.485,3.412857837344252,2811.485,2.4541577949851603,2.1678799555437644e-05,-1558.3591515508915
B0006,595,2802.031,3.4124190388130593,2802.031,2.4357634426689945,2.5642376617841676e-05,-1535.761252773588
B0007,24,3491.016,3.556043360371467,3491.016,1.910336108594535,-0.0001499818999195327,-1289.5296797863905
B0007,45,3552.297,3.5531968089006365,3552.297,1.7951975189442124,-0.00014680419861591977,-1303.896296810697
B0007,53,3492.907,3.559560496823799,3492.907,1.846021007590992,-0.00014687856520452316,-1296.3746316955003
B0007,113,3339.5,3.5644810268524876,3339.5,2.15845357648832,-0.000151982354524322,-2514.6258719926977
B0007,161,3283.563,3.56332743107325,3283.563,2.1286295199076855,-0.0001540910382330298,-2471.3931849334176
B0007,193,3230.109,3.546521542096414,3230.109,2.0789964919635966,-0.0001631169933650136,-2394.3683146569615
B0007,197,3229.7810000000027,3.540832547654253,3229.7810000000027,1.9925354808829658,-0.00016412086400003652,-2384.303072922964
B0007,265,3120.86,3.521222605727353,3120.86,2.103155697792567,-0.0001831092705651298,-2254.55255839385
B0046,148,4487.438,3.3240811528709644,4487.438,2.159229413482601,-0.00018158256111902704,-1005.6950048627787
B0047,78,4760.938,3.3932667889977264,4760.938,2.488620645344286,-6.800585437827288e-05,-1058.5005207184486
B0047,100,4733.156,3.3845577863508067,4733.156,2.494550023378076,-8.17977444799679e-05,-1042.3277452320021
B0047,106,4615.86,3.382026759648076,4615.86,2.494831087986124,-8.424596854457725e-05,-1011.3095222002213
B0047,148,4487.438,3.382777180161617,4487.438,2.4920392941768497,-0.00013213922163896044,-974.7770922203284
B0048,8,5543.61,3.457580706097497,5543.61,2.6934384147921953,-0.00011202522679593449,-1389.7447759525535
B0048,48,5166.812,3.426473499744201,5166.812,2.69610071870072,-7.226013285237518e-05,-1204.4590303018176
B0048,66,4907.859,3.4115448650857556,4907.859,2.6849697818820895,-7.010253678098856e-05,-1120.6339986004145
B0048,80,4740.907,3.3973450050321654,4740.907,2.6835548325191994,-7.352996087938738e-05,-1071.9730239715013
B0048,84,4914.532,3.399339201034876,4914.532,2.681569834191177,-9.979741891113471e-05,-1124.1608400911502
B0048,90,4890.015,3.417645007960132,4890.015,2.682654869893668,-8.608618562885945e-05,-1116.212136005606
B0048,102,4670.61,3.397998613644674,4670.61,2.682663772646134,-0.00011526231023706985,-1062.6911684418967
B0048,112,4557.406,3.3935074662882836,4557.406,2.688395997689043,-8.556961265303997e-05,-1016.5677972763542
B0048,140,4679.156,3.3970417211274984,4679.156,2.6816961536149058,-0.00017151883897680332,-1049.044139815851
B0048,144,4544.641,3.4044637089503005,4544.641,2.6819098951639786,-0.00017319903134653043,-1020.7083413401903
B0049,4,3170.984,3.2129415422375125,3170.984,1.9882559316714203,9.385526531574836e-06,-1958.9888497315424
B0049,40,236.156,3.633321533272127,236.156,3.4543504315144196,-0.001420065424622135,-158.6940341604773
B0049,56,1614.406,3.022114915131472,1614.406,1.9911540027307004,-0.0017580378198943105,-901.8197256219108
B0051,4,3170.984,3.3515013948204966,3170.984,2.4943981098310886,9.209290362517734e-05,-1679.8364397744137
B0051,40,236.156,3.712953718696354,236.156,3.546618065659587,-0.001206529807736853,-160.51389991423662
B0051,56,1614.406,3.2841455177779633,1614.406,2.488325882818304,7.158098208286584e-05,-817.6418377535454
B0052,42,1899.218,0.3234524095139687,1899.218,0.3194939610849327,,0.05977829316121701
B0052,50,1800.421,0.49068744132178593,1800.421,0.4493991260435427,,0.05512312130624242
B0053,8,2488.719,3.1150279423602787,2488.719,1.9974831055926598,-0.0005676215525257573,-1393.737571642368
B0053,46,2355.265,3.0920593287919136,2355.265,1.9763616179319545,-0.0006359841064443968,-1240.1638004513372
B0053,48,2396.719,3.075226421555525,2396.719,1.958878972318411,-0.000698265841479905,-1251.8491040346466
B0053,80,2360.172,3.051560493087082,2360.172,1.9646771872417268,-0.0007891770907170652,-1180.7463137279021
B0053,84,2322.156,3.0764274410465124,2322.156,1.9519786488395736,-0.0007082554979386972,-1165.8132138995027
B0053,86,2327.1570000000065,3.073517162790174,2327.1570000000065,1.9991200294367055,-0.0007239794463333431,-1164.6601647228645
B0053,112,2400.672,3.0933175888032802,2400.672,1.9856387948209866,-0.0006688639528793782,-1178.4010904231734
B0054,42,2532.531,3.0995001166042577,2532.531,2.189366386338004,-1.4399258087638248e-05,-1428.2884589081334
B0054,70,2555.453,3.2752270146367803,2555.453,2.1974155139704856,6.565084647078117e-05,-1240.8042486409481
B0054,74,2536.172,3.3354691487943056,2536.172,2.19582689132158,7.194355535128922e-05,-1174.4483271815493
B0054,108,2534.156,3.085795975435221,2534.156,2.158914847324055,-3.511132256771265e-05,-1304.5778227049927
B0054,124,2488.719,3.091692942596913,2488.719,2.16190489413124,-4.077267748556994e-05,-1319.628933024847
B0054,128,2473.875,3.0868228519569647,2473.875,2.198752976514828,-3.194627353620883e-05,-1291.555810962252
B0054,150,2409.906,3.0632347540000886,2409.906,2.1844861596911245,-4.710956150634769e-05,-1221.7790356970402
B0054,174,2412.25,3.292510597456585,2412.25,2.1972629267290893,6.886954344622806e-05,-1011.1270272274818
B0054,190,2359.296,3.0561639338398625,2359.296,2.184361072149743,-3.8074202296901244e-05,-1125.3755461619378
B0054,192,2345.453,3.236611432340167,2345.453,2.1930074246895095,5.555902067480095e-05,-1009.9773080877201
B0054,200,2322.156,3.0611426143701364,2322.156,2.1680465237840907,-4.9255054471285394e-05,-1103.7517939342197
B0055,10,2786.578,3.3690503311576347,2786.578,2.484071154442301,7.871794062458254e-05,-1550.6023744814029
B0055,18,2446.062,3.3351556526758355,2446.062,2.4898705968581996,5.2468742056005035e-05,-1509.0229600164712
B0055,28,2673.0,3.4016962939915647,2673.0,2.4856427415338582,7.986966711271814e-05,-1412.1745500008951
B0055,34,2621.187,3.40620743808144,2621.187,2.4929609831648176,8.226458361142977e-05,-1360.807208378319
B0055,60,2593.531,3.3678744885149587,2593.531,2.491266216084571,5.9323784472478934e-05,-1374.2566715648761
B0055,88,2459.297,3.364191938389695,2459.297,2.488192777263103,5.6422000436949775e-05,-1247.937872189469
B0028,71,6265.969,3.6806154890222973,6265.969,2.6531966228276134,-4.435963870125679e-05,-1927.1975064038077
B0029,1,1572.359,3.3651860477851856,1572.359,1.9999364731586213,-0.0004651765996741411,-2254.802968044081
B0029,21,1643.812,3.4052467951556404,1643.812,1.9713665258317914,-0.0005047163739586791,-2256.2068532881162
B0029,25,1652.266,3.3969592538295337,1652.266,1.8523796286853516,-0.0005050125311410282,-2262.0397816913883
B0029,87,1566.578,3.393524360046661,1566.578,1.988399313722457,-0.0005689878981632843,-1867.9139329907525
B0030,15,1677.469,3.3806295984219497,1677.469,2.0440070679316857,-0.000528527515816141,-2243.3309398241254
B0030,31,1625.187,3.390844943918411,1625.187,2.1697054636701996,-0.00026225577213803973,-2083.742590216791
B0030,55,1600.75,3.3873404080498886,1600.75,2.056878607135279,-0.0002034422917845082,-1944.556595931636
B0030,67,1577.484,3.388301557000226,1577.484,2.085108474542319,-0.00019040685270474035,-1876.3014504361665
B0030,81,1554.234,3.3870672693934294,1554.234,2.051939170845275,-0.00016953594650999935,-1806.880280890484
B0030,91,1543.64,3.387023398111767,1543.64,2.0574175231777425,-0.00016590825261451395,-1766.0147419257128
B0031,7,1697.688,3.4140799844765937,1697.688,2.455290559392926,-0.00048774603313762394,-2358.1692414767263
B0031,13,1678.563,3.39632377228224,1678.563,2.3704531055353044,-0.0004896162048074334,-2279.5661261580453
B0031,19,1654.328,3.4177020031944347,1654.328,2.359674470455269,-0.000496353496590183,-2275.9301985908482
B0031,27,1648.672,3.4209100741209455,1648.672,2.3997094392914415,-0.0004971772598413953,-2237.16288138574
B0031,57,1595.0,3.4194705619732533,1595.0,2.328244465576847,-0.0005162758209561016,-2045.997649902373
B0031,61,1612.422,3.4145994489347062,1612.422,2.318164845471509,-0.0005122942257187789,-2056.675653425163
B0031,77,1568.281,3.4182076392683864,1568.281,2.3048157078228537,-0.0005276284767180704,-1950.1841279827975
B0032,3,1723.281,3.3609321039854207,1723.281,2.6672646952717707,-0.0005659337789264033,-2434.0451638397035
B0032,41,1634.765,3.353937965863669,1634.765,2.6363985091733704,-0.0006263695043045006,-2108.422611430868
B0032,69,1571.547,3.344566812676642,1571.547,2.6133538721871226,-0.0006727377370457493,-1915.6716214221806
B0032,73,1578.484,3.342616690150326,1578.484,2.647938106735209,-0.0006728016798614278,-1914.3039631689435
B0032,89,1550.047,3.3406975425250525,1550.047,2.612265282912701,-0.00034718880605783545,-1819.8403406439688
B0033,6,3265.75,3.524738825009035,3265.75,1.287217552704193,4.657199489471281e-05,-1376.0982540310463
B0033,12,3242.578,3.4539676253884353,3242.578,1.891347070952385,5.108198138975658e-05,-1544.2138330308455
B0033,20,3236.125,3.2871463464425306,3236.125,1.9084502918482382,6.982072435587722e-05,-1974.0093366030571
B0033,36,3215.859,3.361940322162542,3215.859,1.9056198246248632,6.613957700987467e-05,-1888.1183267926804
B0033,58,3245.25,3.35908941953155,3245.25,1.8748346357265961,5.966119180713988e-05,-1837.5467519341305
B0033,68,3220.219,3.372839244866596,3220.219,1.9449657495126544,6.454562003541612e-05,-1779.309707164495
B0033,76,3188.625,3.3755322471085787,3188.625,1.8729343749213587,6.841682808371053e-05,-1721.9625467670216
B0033,82,3190.313,3.384960985713244,3190.313,1.9801558945564506,6.814480287614656e-05,-1702.070543248873
B0033,94,3194.735,3.382889233805486,3194.735,1.9197120509411163,6.606153590212533e-05,-1682.8832373674607
B0033,98,3165.359,3.385796894558174,3165.359,1.9002006601986492,6.897540508779153e-05,-1634.9246807146073
B0033,116,3198.0,3.363721350351349,3198.0,1.9935504677327178,5.307765115208468e-05,-1683.1223077880072
B0033,142,3172.375,3.384287544034089,3172.375,1.9780549546482917,6.956554459890777e-05,-1549.9634280148844
B0033,146,3141.578,3.381460281305352,3141.578,1.90750106961619,7.179992227866828e-05,-1498.984924163701
B0033,152,3157.969,3.3801788533503028,3157.969,1.8981581536679577,7.111372109285854e-05,-1501.8265386515618
B0033,164,3161.89,3.329913840594753,3161.89,1.852348915398631,5.8845675736512484e-05,-1531.6351579285897
B0033,186,3135.0310000000027,3.3634718549107707,3135.0310000000027,1.8429746742692776,7.597289389110705e-05,-1406.3500209551285
B0033,210,3093.25,3.3636755419047937,3093.25,1.935722285136851,7.324787444643499e-05,-1323.0681459172636
B0033,218,3088.328,3.358584830353843,3088.328,1.817348554391127,7.661589350054212e-05,-1306.5417779980387
B0033,294,3017.391,3.3646263159375542,3017.391,1.9599501667839596,7.399482094434848e-05,-1154.6525311122323
B0033,362,3001.235,3.231278722369955,3001.235,1.8345225826317897,0.00010111514191886956,-1110.0059173933187
B0033,370,2941.719,3.3451260552283553,2941.719,1.8129527074235323,7.645301049369194e-05,-1085.158131761216
B0033,402,2996.922,3.3571376570885594,2996.922,1.8056023837774513,7.553156114242462e-05,-1100.1161749203152
B0033,416,2967.2810000000027,3.3642689313071976,2967.2810000000027,1.828763483963188,7.273760382030234e-05,-1062.851202733495
B0034,4,3260.531,3.302276207895287,3260.531,2.184438966859873,4.478026728654423e-05,-2045.5969710370853
B0034,24,3226.078,3.3831286267397487,3226.078,2.161327607707136,6.274241207333058e-05,-1791.8622592806962
B0034,40,3225.125,3.4002648970649165,3225.125,2.100542699118501,6.264840412264203e-05,-1736.2018596223804
B0034,56,3252.985,3.3870125285087678,3252.985,2.1509974200024624,6.335395685703252e-05,-1738.9667048904143
B0034,72,3210.546,3.4081748881889484,3210.546,2.1326343880232206,6.122859538900617e-05,-1581.5446301967834
B0034,120,3183.797,3.3905180732853615,3183.797,2.1895562891910765,6.186840907723504e-05,-1517.5576062378848
B0034,136,3164.672,3.3988819411159543,3164.672,2.066307670696809,6.306457517198383e-05,-1442.3526099424296
B0034,176,3141.203,3.4009920061492958,3141.203,2.155432405052415,6.215521707218024e-05,-1336.2073664187797
B0034,188,3117.984,3.4065465230061798,3117.984,2.1845053475658913,5.967973216597633e-05,-1285.4187137447475
B0034,196,3116.641,3.4020136665550305,3116.641,2.0595928588832932,6.173214958389739e-05,-1268.8762162672163
B0034,206,3104.64,3.4019343263921793,3104.64,2.0585536221704452,6.268741843748618e-05,-1257.0912892398171
B0034,232,3064.437,3.4062456980134703,3064.437,2.1769630360366774,6.157639925987341e-05,-1193.7658343194296
B0034,234,3083.25,3.404609654515603,3083.25,2.123117073996824,6.63588313792423e-05,-1209.4371465217405
B0034,258,3054.812,3.3990218794534157,3054.812,2.0405401202035574,6.557278458185657e-05,-1166.5438081601562
B0034,284,3046.125,3.3995180325888765,3046.125,2.0661656290024695,6.356354095920575e-05,-1161.192152741418
B0034,290,3020.984,3.4025525492635986,3020.984,2.1637591808058576,6.782470392546559e-05,-1135.6779838329742
B0034,372,2946.969,3.392122054679278,2946.969,2.097517979952191,6.741492539166945e-05,-1042.004900529228
B0034,382,3023.859,3.3581270184036267,3023.859,2.132265781269793,7.616017721944198e-05,-1135.7616303567715
B0034,398,3037.875,3.3782667322413626,3037.875,1.961939116178396,7.180035745694279e-05,-1097.2999380882197
B0034,424,2973.281,3.382650731485885,2973.281,1.984631695912844,6.827614415015711e-05,-1030.129833611112
B0034,430,2942.797000000006,3.3808981042387036,2942.797000000006,1.9993127386412168,6.878618683757018e-05,-1015.3550084139639
B0034,446,2918.938,3.3852891991052996,2918.938,2.178495224886361,7.189632034930414e-05,-1005.8058253717672
B0034,456,2894.14,3.378072965642496,2894.14,2.026812719380422,6.600034401677223e-05,-975.0896757456253
B0036,4,3260.531,3.463199241414664,3260.531,2.685636595881031,-0.0001940676699387182,-2321.539986885164
B0036,24,3226.078,3.467879751690849,3226.078,2.6640070437952477,-0.00019825898372589757,-2195.4731551617065
B0036,40,3225.125,3.475946464567529,3225.125,2.6596681327390566,-0.00019807967286395448,-2131.149515830839
B0036,56,3252.985,3.478693083596387,3252.985,2.6486517814110364,-0.00019407194849665213,-2081.6934628444465
B0036,72,3210.546,3.4741834201518107,3210.546,2.636976729427503,-0.00019936483702446729,-1993.8789626228054
B0036,120,3183.797,3.4759650916373115,3183.797,2.6365640724626367,-0.00019730446676185517,-1857.3269583376718
B0036,136,3164.672,3.47912477986303,3164.672,2.6846493703739718,-0.00019940030505617032,-1810.2863994428894
B0036,176,3141.203,3.4700774937906473,3141.203,2.6561014633579925,-0.0002049494656010269,-1715.2695997915737
B0036,188,3117.984,3.467715277387436,3117.984,2.676552998785705,-0.00020997578246476892,-1679.5826540793971
B0036,196,3116.641,3.4634896977147043,3116.641,2.619866867748,-0.00021027207125180362,-1663.7811437817436
B0036,206,3104.64,3.4616288821771066,3104.64,2.6222751020303923,-0.00021300662959620483,-1642.1485608577948
B0036,232,3064.437,3.456334902061818,3064.437,2.659720848238619,-0.00021958295637735173,-1577.3543828473912
B0036,234,3083.25,3.4604501491709336,3083.25,2.6273527452578365,-0.00021519972932689186,-1585.9989824020101
B0036,258,3054.812,3.451979519474446,3054.812,2.6164895194312585,-0.00022297355464284268,-1533.965648196348
B0036,284,3046.125,3.4640146950069,3046.125,2.680162151919943,-0.00021777548052104602,-1504.8666872172407
B0036,290,3020.984,3.4616449511434926,3020.984,2.6906755654263526,-0.00022078503483938881,-1482.8208175500238
B0036,372,2946.969,3.4474004834462995,2946.969,2.6302060684262494,-0.0002325291592118159,-1359.7452388451736
B0036,382,3023.859,3.4669760884346084,3023.859,2.6896892125914618,-0.0002138752146168571,-1388.1260144409928
B0036,398,3037.875,3.4679372219489957,3037.875,2.6266603184816235,-0.00021987849276647567,-1381.3692913095058
B0036,424,2973.281,3.4562888987795746,2973.281,2.613160298710749,-0.00023066813705689248,-1328.4406829304653
B0036,430,2942.797000000006,3.4507121151436184,2942.797000000006,2.6282834158429433,-0.00023475281010158433,-1305.7280065709238
B0036,446,2918.938,3.449110812692782,2918.938,2.651409246777448,-0.00023924848426308957,-1284.4895459635964
B0036,456,2894.14,3.445855899663463,2894.14,2.665160202735034,-0.00024196407060653383,-1262.5077105263306
B0038,8,1468.172,3.2014600077361544,1468.172,2.1749283790642226,0.00021253188005278275,-1313.075023766917
B0038,48,6430.172,3.6257089708628913,6430.172,2.145739105715045,-7.430702482467258e-05,-2270.3006152329835
B0038,66,6544.078,3.615792342161081,6544.078,2.1577326042974923,-7.467493393271828e-05,-2206.8262797762186
B0038,80,6527.922,3.616002041709342,6527.922,2.1449886066523933,-7.490725970942688e-05,-2147.820551300695
B0038,84,6510.063,3.616664144234101,6510.063,2.1339834463152427,-7.510634940241836e-05,-2129.3865559598594
B0038,90,6509.047,3.614994079294443,6509.047,2.098244904990502,-7.505507050705433e-05,-2109.8455900931326
B0038,112,3142.312,3.439407570423967,3142.312,2.1901431826977382,-0.00023880565945773929,-1887.0815796494894
B0039,8,1468.172,3.5237340202994303,1468.172,2.480114715641411,0.0004368692909544613,-615.9803488980757
B0039,48,6430.172,3.6561026070574303,6430.172,2.4562277920171924,-7.372567909172811e-05,-2262.213265117067
B0039,66,6544.078,3.6438395995465798,6544.078,2.480137502417058,-7.452329522699581e-05,-2190.9272648630963
B0039,80,6527.922,3.640101281169698,6527.922,2.480376897645346,-7.492606723771868e-05,-2123.9358014213994
B0039,84,6510.063,3.6390963886375602,6510.063,2.4421166575524973,-7.526099977155592e-05,-2104.451357981053
B0039,90,6509.047,3.6382966465278597,6509.047,2.486277943958813,-7.535744936092497e-05,-2082.451468348132
B0039,112,3142.312,3.4670771557380933,3142.312,2.447037438010891,-0.0002329015926015192,-1778.3935145142443
B0040,78,6532.015,3.6231487093600974,6532.015,2.695190974478952,-7.550831901587183e-05,-2092.632102822529
B0040,100,3162.047,3.4599911073457092,3162.047,2.6781395492001447,-0.00023519718642770086,-1846.9843640226604
B0040,106,3169.844,3.4606411813742906,3169.844,2.654677503869026,-0.00023752824706484366,-1827.0799580121065
B0041,29,1010.562,4.025316865744879,1010.562,1.848331298599493,,-65.32414566651155
B0041,39,999.422,4.051607645291629,999.422,1.9740055332079238,,-58.02808653320726
B0041,47,575.922,3.980535614492745,575.922,1.9192879295943026,,-56.609878398991384
B0041,63,1004.328,4.04413456868279,1004.328,1.8839750015583074,,-56.533648985503405
B0041,71,998.921,4.0409096052770295,998.921,1.8739632417811318,,-56.17500695131201
B0041,93,96.484,3.516920360081993,96.484,1.975138784399138,,-45.35093538323969
B0041,103,5608.781,3.3112454225976404,5608.781,1.9984945380049617,-3.4229628076902194e-05,-1286.0631026144397
B0041,131,5402.875,3.3581793261108137,5402.875,1.9630747982406382,1.5125730034383714e-05,-953.896388141457
B0041,137,5305.156,3.378276210248986,5305.156,1.9702983324374248,2.4384188201840907e-05,-922.8060750017469
B0041,145,5229.688,3.3616482008091753,5229.688,1.9788346452939312,1.7913601933767346e-05,-909.0079496174264
B0055,160,2402.125,3.4133233156096474,2402.125,2.4951311923995756,8.0970854253954e-05,-1092.7633593716935
B0055,162,2355.265,3.3358445561886736,2355.265,2.498865224973231,4.885216048743894e-05,-1146.8273680352252
B0055,168,2442.344,3.3664574186515472,2442.344,2.4984245148092805,6.74747962452491e-05,-1132.550302176767
B0055,172,2444.703,3.3191310308237267,2444.703,2.498165502515704,3.977528816256006e-05,-1187.3561462305424
B0055,184,2373.89,3.3279855680794306,2373.89,2.499631738732727,4.408421733633901e-05,-1131.3520462089866
B0055,198,2315.407,3.35294305130418,2315.407,2.4995493131113817,5.080711651218198e-05,-1080.3131231486623
B0055,224,2463.578,3.303285967696405,2463.578,2.4992245281158842,2.6527805614517007e-05,-1152.0913582693552
B0056,42,2532.531,3.34499302625281,2532.531,2.6974370448855804,7.189297288832045e-05,-1369.1686621176493
B0056,70,2555.453,3.375019443182964,2555.453,2.6832104765994735,6.498262532951723e-05,-1312.810996657261
B0056,74,2536.172,3.3790627295024396,2536.172,2.683737907365728,6.613662323915655e-05,-1280.2437283361987
B0056,108,2534.156,3.337826170095947,2534.156,2.6938401614375964,4.8934076718968116e-05,-1298.6866505722558
B0056,124,2488.719,3.3413567915175877,2488.719,2.695809647268888,3.915736494999003e-05,-1321.4339177763288
B0056,128,2473.875,3.343079675199855,2473.875,2.6881817818985594,4.645972588063806e-05,-1287.1713227212667
B0056,150,2409.906,3.3475849268059994,2409.906,2.6913240152919484,5.35435439964944e-05,-1201.3517320847104
B0056,174,2412.25,3.3762375173934025,2412.25,2.698695743312111,7.082051199886869e-05,-1115.6934064599595
B0056,190,2359.296,3.3487514550466413,2359.296,2.690400334997493,5.8816771391508504e-05,-1115.3891339356471
B0056,192,2345.453,3.3810092385566413,2345.453,2.6887925590382147,7.182443727346797e-05,-1076.9055834873377
B0056,200,2322.156,3.338909543714826,2322.156,2.689418119708915,4.6698526813878985e-05,-1107.9812418317733
B0042,2,3360.922,3.4614155612128865,3360.922,2.129158438168119,-0.0001507736968330595,-2362.616877094594
B0042,10,3175.594,3.5041466859903743,3175.594,2.168073033459323,-0.00015787271284703686,-2280.8650348686133
B0042,18,3102.937,3.509889497883844,3102.937,2.0578186631112567,-0.00016146399461539673,-2222.2723036224625
B0042,28,3061.891,3.509504949021922,3061.891,2.1649043558777703,-0.00016564738298072113,-2144.4963652383253
B0042,34,3037.641,3.505745200469689,3037.641,2.113769860085841,-0.00016854139263075768,-2092.8582526050695
B0042,60,2990.25,3.5055185795629855,2990.25,2.1599889328107214,-0.0001758146307470351,-1965.9407891585458
B0042,117,1048.687,2.6745324944662126,1048.687,2.1928857082631903,-0.0069371358034089935,-968.1427213100679
B0042,129,1030.703,2.638635174039708,1030.703,2.1591530449897105,-0.007168658298899431,-922.773245991367
B0042,131,1010.765,2.641516205964565,1010.765,2.1872998670546773,-0.007448043164426474,-902.6141017045198
B0042,145,1006.187,2.602763654326182,1006.187,2.152597184317211,-0.007563526531438604,-867.8252401775161
B0042,181,995.797,2.5650203867450827,995.797,2.197996842344396,-0.007959665391670465,-813.491236937293
B0042,191,994.031,2.5336398931006547,994.031,2.1364927300394707,-0.00832032586506093,-793.0244097159384
B0042,199,109.078,3.1051211862160653,109.078,2.1316975124246333,,-91.39641155013858
B0042,267,5142.891,3.364163079749714,5142.891,2.1784898920030544,-0.00013928826008025277,-1330.4752547835078
B0043,6,3244.797,3.4901234321767998,3244.797,2.3997609695216755,-0.0001635012462020297,-2250.909522138105
B0043,20,3089.437,3.5051466352245386,3089.437,2.4666546752460183,-0.00017275560731568702,-2122.261303960669
B0043,38,3044.828,3.496170045175859,3044.828,2.3865949081957893,-0.0001820450321973281,-1991.7556377750618
B0043,58,3011.781,3.501870413763957,3011.781,2.458384607788224,-0.00018472928323871066,-1883.4488134379826
B0043,68,2987.672,3.4998244404942733,2987.672,2.4720598546819113,-0.0001782727240286806,-1826.4801993741903
B0043,82,2935.5,3.487614618511734,2935.5,2.4457109146915506,-0.00016648575799610695,-1736.3116423349768
B0043,94,2901.734,3.4821729368749903,2901.734,2.4670029904490636,-0.00015980668829526423,-1670.669192245269
B0043,98,2861.937,3.4714831954460226,2861.937,2.4014857684023228,-0.00016545067245378914,-1637.7623872387337
B0043,147,996.765,4.052423434416538,996.765,2.444206792905019,,-73.59291749133135
B0043,185,989.141,4.043702193909919,989.141,2.3359478200885606,,-72.82606793430418
B0043,215,5608.781,3.469391279257716,5608.781,2.487710804240493,-0.00010085215067724004,-1569.6254180516057
B0043,223,5634.047,3.4828518772266337,5634.047,2.4681420264399123,-0.00010925796502299606,-1569.9015711045565
B0044,6,3244.797,3.4521568195939873,3244.797,2.6435613323767395,-0.00017721969114006228,-2166.674976603625
B0044,20,3089.437,3.4651033311991837,3089.437,2.6763379244951913,-0.00016954081242692408,-2040.233900882909
B0044,38,3044.828,3.459888006806987,3044.828,2.656737093913297,-0.0001394286665680882,-1904.9541125227709
B0044,58,3011.781,3.466294469143065,3011.781,2.6893554366992016,-0.00012020440210403109,-1790.2233388979032
B0044,68,2987.672,3.462862471197368,2987.672,2.6587209985414955,-0.00011421849950374765,-1732.9224351756448
B0044,82,2935.5,3.4536993651226657,2935.5,2.6504983510643836,-9.680115584994915e-05,-1644.1384859674247
B0044,94,2901.734,3.451080883804225,2901.734,2.6780728769094244,-8.514273433149469e-05,-1579.8340835663146
B0044,98,2861.937,3.4446894399022403,2861.937,2.68001440979752,-8.019010809749034e-05,-1548.8232489173379
B0044,147,996.765,4.052857944938252,996.765,2.659947287863178,,-61.07003233062633
B0044,185,989.141,4.047078241937263,989.141,2.595966933411927,,-60.70772951678815
B0044,215,5608.781,3.4385300122259888,5608.781,2.6987042664288663,-9.524178675323685e-05,-1491.645990364704
B0044,223,5634.047,3.4533653250986034,5634.047,2.698791325109984,-8.195313359176392e-05,-1481.116084430017
B0045,6,5590.907,3.357113032625278,5590.907,1.9885380767186824,1.6342370620475648e-05,-909.6093823251431
B0045,12,5461.219,3.3679103479782375,5461.219,1.980464521626357,1.946472291983298e-05,-834.0243020830784
B0045,20,5468.062,3.3696607473704687,5468.062,1.9987122390470566,2.179121922307941e-05,-823.6102738368029
B0045,36,5406.812,3.3694542187312684,5406.812,1.99572402940065,2.552951644069828e-05,-798.771678124276
B0045,38,5353.094,3.3771129586319457,5353.094,1.9723902186883997,2.4798088281946287e-05,-781.1421939143718
B0045,68,4888.656,3.3756882564741852,4888.656,1.9705703151314151,3.484517922604769e-05,-677.1890837537902
B0045,76,4801.485,3.3687426425735807,4801.485,1.9993629637641337,3.0520477405152166e-05,-666.6058784804303
B0045,94,4798.281,3.376673374244598,4798.281,1.9746595802941598,3.729464004816762e-05,-655.2045333942351
B0045,116,4502.938,3.3496395622764252,4502.938,1.9946795397137125,3.146054163815002e-05,-614.4062166206764
B0045,142,4596.578,3.339570448565296,4596.578,1.972391693643957,2.9527190378581776e-05,-614.6987701064243
B0045,146,4526.938,3.3544794166161465,4526.938,1.9848873247448806,3.2627609957798765e-05,-594.803816674636
B0045,152,4513.312,3.3372444928972826,4513.312,1.9924043536128275,4.361758240234587e-05,-563.1977032113027
B0045,164,1991.531,3.3925513327274577,1991.531,2.9329708174243927,-0.00046965085279559467,-438.45251189051635
B0045,178,4486.5,3.3495911750877236,4486.5,1.9809529177782506,3.6466492717425e-05,-565.8344998521658
B0046,6,5590.907,3.42590445330353,5590.907,2.195666899317151,-0.00011796253425401755,-1454.5865235215444
B0046,12,5461.219,3.4182116403291873,5461.219,2.1940346005371705,-0.0001196624935229663,-1406.8943807775831
B0046,20,5468.062,3.4051953903165515,5468.062,2.190965071547283,-0.00012041937152412983,-1394.429530803184
B0046,36,5406.812,3.3962096829403055,5406.812,2.1971149516601716,-0.00012681492511567487,-1356.2921860788204
B0046,38,5353.094,3.398972671380475,5353.094,2.157995006136477,-0.00012969370641965845,-1340.0634292165396
B0046,68,4888.656,3.3581255157395584,4888.656,2.1691838412748474,-0.0001540673602314138,-1175.184978722435
B0046,76,4801.485,3.350657273692143,4801.485,2.1508230766314127,-0.0001633858699929763,-1145.4595734669947
B0046,94,4798.281,3.347073227310049,4798.281,2.1497344671215517,-0.00015479883438046226,-1127.3184646654292
B0046,116,4502.938,3.3259632346577304,4502.938,2.1992835564527877,-0.00017967507519408427,-1032.891162697066
B0046,142,4596.578,3.3321448974569683,4596.578,2.1740843812957524,-0.0001754330962189937,-1038.400044640196
B0046,146,4526.938,3.326398154149516,4526.938,2.15658205310809,-0.00017873693429209373,-1016.2459701885535
B0007,297,3058.157,3.5042771471756957,3058.157,2.0287779476202195,-0.00019604571380647982,-2181.749963887417
B0007,335,3039.218,3.5077480809503916,3039.218,2.109503853325003,-0.00019617929334915992,-2169.940988393462
B0007,363,3012.0,3.5004072854351875,3012.0,2.0863200514042264,-0.00020184252100173176,-2138.037774637358
B0007,386,2975.297,3.499095470139371,2975.297,2.0647427536919833,-0.00020665384289260554,-2109.6714911393756
B0007,390,2974.9850000000006,3.501035761164062,2974.9850000000006,2.170172617792397,-0.00020758116880143255,-2103.627471320044
B0007,394,2966.25,3.4972123158654926,2966.25,2.120750718982474,-0.00021034752226288284,-2094.177999926302
B0007,406,2956.406,3.4931160714550242,2956.406,1.9959465760122976,-0.00021153874019401434,-2085.4026745799024
B0007,464,2891.64,3.481257277522669,2891.64,2.0298495899147295,-0.0002264856054631018,-2022.0973589345058
B0007,468,2882.906,3.4823550791204,2882.906,2.0959492247836815,-0.0002287342447835037,-2015.310778093003
B0007,551,2846.39,3.4723137993738318,2846.39,2.033261415031626,-0.0002402652923150489,-1969.0529069161055
B0007,591,2801.625,3.464226115253962,2801.625,2.1534486462617073,-0.00022822045536719543,-1908.330050730275
B0007,611,2802.016,3.462906230864041,2802.016,2.0143553387267827,-0.00025036403014876835,-1922.463786946605
B0018,50,3327.641,3.5350260562177453,3327.641,2.4199896352919668,-0.00016890516915066373,-2152.7283094203126
B0018,74,3295.453,3.5270128418420423,3295.453,2.363133281953362,-0.00017729931086529792,-2014.302746316389
B0018,107,3206.157,3.508152152951689,3206.157,2.3560703177076867,-0.0001757509169637222,-1812.1476340023873
B0018,124,3232.265,3.5197923457982654,3232.265,2.398646371281655,-0.00018172887456835912,-1904.8238173716381
B0018,170,3011.343,3.486547580844064,3011.343,2.36844257542991,-0.00016516872309685603,-1602.5740301400258
B0018,173,3003.0,3.482298183882304,3003.0,2.331968556073514,-0.00016543238540624928,-1593.3816299015155
B0018,217,2884.406,3.4626491088970703,2884.406,2.311419659807122,-0.0001647726984701846,-1436.9439119575252
B0018,246,2814.906,3.4595983629443423,2814.906,2.477625480372779,-0.00013519896682144167,-1343.7158521059275
B0018,266,2847.406,3.468530527297593,2847.406,2.4666000274194886,-0.000166892916415644,-1355.6827001604843
B0025,11,6466.672,3.4102415310941083,6466.672,1.7869386268841287,1.5359139277245258e-05,-2203.02923787803
B0025,15,6410.672,3.3956511580583038,6410.672,1.9399607811955055,1.9375951067465163e-05,-2150.1982941616257
B0025,22,6460.75,3.4107861698937,6460.75,1.7411634552856725,1.245771873331534e-05,-2152.1185624956065
B0025,26,6447.125,3.4298991927037843,6447.125,1.8524105657072532,1.2069274882431163e-05,-2117.1335910157663
B0025,52,6359.812,3.409252816228895,6359.812,1.7105280581137303,9.404173413594933e-06,-2008.9917380271797
B0025,67,6309.172000000006,3.4104689136383888,6309.172000000006,1.756482386846181,1.0971419047465617e-05,-1941.044097024441
B0026,3,6515.422000000006,3.4048902203154943,6515.422000000006,1.98069037313681,2.5992420153608432e-05,-2215.3804217994343
B0026,36,6427.079,3.4445618404708616,6427.079,2.1312634408664395,1.651830934086999e-05,-2051.100782304667
B0026,38,6417.156,3.4350841422179244,6417.156,1.8782785619868927,1.80162419549643e-05,-2033.37542581464
B0026,58,6326.062,3.450423062016944,6326.062,2.1656553710973343,-2.352618023480776e-05,-1943.5192856732706
B0026,69,6284.297,3.4304184604928105,6284.297,1.7730752055194368,1.7833793392299165e-05,-1909.750313414953
B0026,73,6266.641,3.4489415375387913,6266.641,1.8019162984387032,-4.2628276857357677e-05,-1883.4004296110406
B0027,3,6515.422000000006,3.4156353882066917,6515.422000000006,2.4407952016086623,3.488973483872529e-05,-2158.39631754406
B0027,36,6427.079,3.3945090590148363,6427.079,2.382935984422233,3.2432814903317565e-05,-1970.6181564069623
B0027,38,6417.156,3.4204049256076137,6417.156,2.4903839742860163,2.9091611973629358e-05,-1946.132282329392
B0027,58,6326.062,3.410465651194908,6326.062,2.437999478526856,2.949474036717785e-05,-1866.7088964996663
B0027,69,6284.297,3.414185471268737,6284.297,2.4697995830050976,2.5714625551173745e-05,-1825.5872442770717
B0027,73,6266.641,3.402393060642991,6266.641,2.3944859739266695,2.0216730448274384e-05,-1809.8476852979136
B0028,5,6516.219,3.677932362103996,6516.219,2.578716047628789,-4.343416821048235e-05,-2263.874840977686
B0028,9,6471.25,3.6819955552100256,6471.25,2.674600586599544,-4.4070105877096014e-05,-2225.6253043718466
B0028,30,6431.219,3.6779403019036363,6431.219,2.5987712023407274,-4.304015152470791e-05,-2117.6006380210415
B0005,24,3491.016,3.559759220648977,3491.016,2.64956413267546,-0.00015469257943358976,-1252.0999656847628
B0005,45,3552.297,3.552566843689714,3552.297,2.5027764692056795,-0.00015090442335592092,-1272.549840813169
B0005,53,3492.907,3.5614100044534176,3492.907,2.694074478000972,-0.00015156272066520213,-1259.0822070201582
B0005,113,3339.5,3.5570155277480575,3339.5,2.6617272246516333,-0.00015966178689940066,-2447.4366968107593
B0005,161,3283.563,3.5540131386228664,3283.563,2.6309416727017187,-0.00016224636518680796,-2408.993257950006
B0005,193,3230.109,3.544494614799524,3230.109,2.656450207001938,-0.00016519710886186395,-2324.954872375157
B0005,197,3229.7810000000027,3.540920184655687,3229.7810000000027,2.626177688152069,-0.00016389994478714916,-2315.6099865744836
B0005,265,3120.86,3.5236841955396816,3120.86,2.6741633856529066,-0.00014689081901909226,-2168.5353592361594
B0005,281,3094.328,3.5132992979150077,3094.328,2.6430294964336345,-0.00013315025891119908,-2112.758928133325
B0005,315,3082.937,3.516349215433127,3082.937,2.629071246219689,-0.00014739385318956417,-2122.940495272764
B0005,382,2983.375,3.499164571943326,2983.375,2.688360455508818,-0.00010305754047813404,-1960.4994418658505
B0005,398,2956.359,3.4956989619989476,2956.359,2.6928942772989077,-9.722010174357768e-05,-1929.645729568179
B0005,430,2946.031,3.491585878898649,2946.031,2.660031949282934,-0.00010691208468001718,-1928.9390451222432
B0005,456,2901.375,3.483891254726041,2901.375,2.661289185949965,-8.744750388538245e-05,-1858.1494341466098
B0005,492,2873.453,3.4812826020756713,2873.453,2.699226257883075,-7.427691042099973e-05,-1812.5565079627302
B0005,524,2847.36,3.472288482166679,2847.36,2.6490198126838553,-6.759975638495948e-05,-1771.861539003921
B0005,540,2828.328,3.470142648663971,2828.328,2.6507536817766586,-6.614223394947521e-05,-1756.864016418009
B0005,567,2829.625,3.4729305773503527,2829.625,2.696791414385091,-6.144139145936401e-05,-1750.378950446384
B0006,11,3652.281,3.57355123877914,3652.281,2.4392842568466446,-0.00014064424817965864,-1384.3027465659245
B0006,15,3572.453,3.5681507462163036,3572.453,2.366410527029613,-0.00014240482631559456,-1353.1738058138615
B0006,26,3470.281,3.569207084156356,3470.281,2.4753697700007034,-0.00014792077270877122,-1317.8252304324737
B0006,32,3429.407,3.5578819878360726,3429.407,2.1206980945954057,-0.0001518004771040053,-1299.3635350482014
B0006,81,3392.719,3.554257954720063,3392.719,2.2921663510920895,-0.00016026322049145816,-1277.7449959326432
B0006,97,3386.0,3.538408778928343,3386.0,2.4006679782182205,-0.00016263668860326585,-2522.4170696067636
B0006,259,3122.125,3.4363093122792923,3122.125,2.4609139768640715,-0.00010199236893639193,-1993.81244654173
B0006,301,3058.812,3.424820810677065,3058.812,2.4915333699239977,-7.85079131250411e-05,-1921.0617384010059
B0006,312,3177.219,3.4507021392558754,3177.219,2.479017302613424,-0.00012129032150202295,-2133.2359249257393
B0006,351,3021.75,3.41957774111519,3021.75,2.398886415333129,-7.641246914921972e-05,-1903.5096485472209
B0006,355,3012.265,3.417528178959646,3012.265,2.3814379490849835,-7.464806530646945e-05,-1895.2442408526845
B0006,418,2929.125,3.4089059214760344,2929.125,2.4185087281747166,-4.426784973354679e-05,-1795.1811580739486
B0006,432,2955.438,3.4229838362549785,2955.438,2.440822893388958,-5.8800095623523435e-05,-1860.8452328645794
B0006,440,2929.078,3.41435871627236,2929.078,2.449306948268824,-4.127794530672261e-05,-1803.8235682418094
B0006,472,2883.265,3.4081057374178716,2883.265,2.45134737470238,-2.2867479920154547e-05,-1734.2469408170962
B0006,476,2882.969,3.409172854038072,2882.969,2.475014603796582,-1.8773680126673887e-05,-1726.8991642415488
B0006,480,2891.656,3.4110817622184224,2891.656,2.4569179775419294,-1.93821183938703e-05,-1735.2174216696196
B0006,508,2855.093,3.407349960804194,2855.093,2.4303844034459368,-6.76107091296658e-06,-1681.8544034558565
B0006,536,2838.515,3.4065929107527837,2838.515,2.40921365026611,1.2061417105213065e-06,-1644.451565512715
B0006,544,2838.265,3.4094099228144117,2838.265,2.4996841687041944,7.762078916218783e-06,-1637.4468146712288
B0007,7,3631.563,3.5349250493265187,3631.563,1.922542180649595,-0.00015025876625815213,-1301.1922346280667
B0007,13,3650.828,3.541165612176162,3650.828,2.1117887156019437,-0.00014900345424671943,-1297.183171486749
B0007,19,3551.25,3.5481347674910286,3551.25,1.8688247067658061,-0.0001493539263774774,-1295.729783308781
B0007,57,3511.594,3.5523851619418094,3511.594,1.7370300333706354,-0.0001476969758754517,-1294.9935060318057
B0007,61,3431.9370000000054,3.570767030428104,3431.9370000000054,2.0506492642329937,-0.00014800506509446304,-1290.263073239157
B0007,77,3410.718,3.5646314038791775,3410.718,1.8132694309760007,-0.0001491480711235987,-1281.1534759076183
B0007,149,3328.937,3.5689999421804917,3328.937,2.1809272860788376,-0.00014971174788297692,-2510.5921119908066
B0007,153,3329.266,3.571059290544873,3329.266,2.1773498094527195,-0.00015059559866665602,-2512.311610890844
B0007,169,3265.656,3.5566945836342927,3265.656,2.067103728219671,-0.00015672696923647983,-2447.1820010579027
B0007,209,3203.578,3.5392436935272613,3203.578,2.121868132176415,-0.0001674592110500971,-2355.6191134958804
B0007,231,3167.719,3.530837638002354,3167.719,2.191481814157953,-0.00017456103082860686,-2302.3429163859378
B0007,243,3149.094,3.5265730179667,3149.094,2.192864020990023,-0.00017834635915144707,-2278.909650070598
B0046,152,4513.312,3.290189683513589,4513.312,2.1981836512730997,-0.0001646132343246934,-998.4382667623769
B0046,164,1991.531,3.6155991581342026,1991.531,3.4276877712777214,-0.0001936129512998689,-468.44928272768135
B0046,178,4486.5,3.3265245824041703,4486.5,2.1963314779954723,-0.00018000475566604874,-986.0657002712289
B0047,6,5590.907,3.4707669643372316,5590.907,2.4707098734854784,-0.0001156420889488112,-1447.658859357812
B0047,12,5461.219,3.459183633096605,5461.219,2.4700482803033514,-0.00011933829223744431,-1381.3992271263771
B0047,20,5468.062,3.44810227661685,5468.062,2.483034750266961,-0.00012395511617837196,-1356.3611456935566
B0047,36,5406.812,3.442078085056047,5406.812,2.4933737831605582,-0.000133102080612366,-1309.583479141916
B0047,38,5353.094,3.4424678812268237,5353.094,2.4915713224709926,-0.00012249366154303394,-1288.9972711627572
B0047,68,4888.656,3.398740761774466,4888.656,2.4979742120513753,-7.500199260501337e-05,-1101.1358836999666
B0047,76,4801.485,3.3912898067299198,4801.485,2.4873308484835266,-7.39484192568296e-05,-1075.1718622192886
B0047,94,4798.281,3.3945407892671664,4798.281,2.4751740867556524,-8.997577686678475e-05,-1069.5669416526084
B0047,116,4502.938,3.370172138170832,4502.938,2.492546798627854,-9.037563439767967e-05,-984.449443587596
B0047,142,4596.578,3.3838227187646273,4596.578,2.4794043785439617,-0.00016091330729228154,-1009.2513006114434
B0047,146,4526.938,3.384139592385295,4526.938,2.4834980820953168,-0.0001338774815889292,-985.5295268721951
B0047,152,4513.312,3.3645360917668,4513.312,2.488243242390158,-0.0001398476539040478,-972.7034576013039
B0047,164,1991.531,3.628707731152902,1991.531,3.4270575222731954,-0.00020370262982704763,-464.3546165198222
B0047,178,4486.5,3.3838170986260527,4486.5,2.475682459777723,-0.00016446477824558583,-961.8749486285224
B0048,4,5650.265,3.4593246298099647,5650.265,2.6835427959445024,-0.00011482084349881194,-1424.9593168611225
B0048,24,5369.703,3.4438356242957955,5369.703,2.6891526224241358,-9.053997404417681e-05,-1307.6002817644376
B0048,40,5280.031,3.436977076773803,5280.031,2.6889512479861937,-9.118051407408535e-05,-1263.783490386887
B0048,56,5051.172,3.4246615589655973,5051.172,2.6954700046169733,-6.852335536321522e-05,-1165.8398191803349
B0048,72,4866.25,3.4048507685766016,4866.25,2.6880496504528555,-6.307504026800668e-05,-1100.961748193335
B0048,120,4448.36,3.389244379381346,4448.36,2.6919470298999473,-0.00011977705179204032,-978.5617143069928
B0048,126,4416.547,3.3916390352444368,4416.547,2.6961737443762415,-9.788492960248617e-05,-979.0058107280158
B0048,136,4746.5,3.3909861606031986,4746.5,2.6861121256233056,-0.00010521106125906442,-1043.3835822184926
B0048,176,4553.031,3.40680096159627,4553.031,2.684500860538322,-0.0001683036195912989,-1014.4051282407321
B0049,8,3049.781,3.3418301077163908,3049.781,1.9713959702644483,4.0365428496467445e-05,-1813.3260386832812
B0049,46,1690.594,3.0487042882213062,1690.594,1.9912347674711242,-0.0014073122452080257,-971.2647334742859
B0050,6,3135.344,3.2769843799369993,3135.344,2.1911951483218752,-0.00023905240057144934,-2152.751892207287
B0050,20,2627.828,3.26757585677578,2627.828,2.1871747097810523,-0.0004203471119630409,-1719.3299306325764
B0050,38,1741.204,3.416885743228734,1741.204,2.186548090086204,4.838843573277308e-05,-359.3658089954589
B0050,58,1708.86,0.23472276332269087,1708.86,0.22599553989299218,,-0.012252377700686806
B0051,8,3049.781,3.3990360379543514,3049.781,2.484825203522635,9.398832173975258e-05,-1571.5211562032234
B0051,46,1690.594,3.2679717965032067,1690.594,2.499952602276462,4.079192291749521e-05,-913.045869966014
B0052,0,1713.235,3.1345339593998993,1713.235,2.691234036028442,6.819548066726517e-05,-1022.8160744987032
B0052,16,2646.797,0.3234807888442704,2646.797,0.3222221275291471,,0.14126477978349206
B0052,22,2981.312,0.3246618757239438,2981.312,0.3230251103407697,,0.1705498756025838
B0052,26,1941.797,0.35320476265266726,1941.797,0.34329394728157264,,0.07640459841359541
B0052,32,1894.485,0.32524374198582345,1894.485,0.3234955258719347,,0.060264953352430976
B0052,52,1633.25,0.3249632488656069,1633.25,0.31787914424915487,,0.037552195369292184
B0053,4,2560.688,3.1103286425468215,2560.688,1.9735558560671433,-0.0005715008583894739,-1441.679526410789
B0053,24,2449.922,3.078011917190656,2449.922,1.9595048550370973,-0.0007203674011637333,-1321.3117569562512
B0053,40,2395.75,3.087460321440554,2395.75,1.9836880271317603,-0.0006532312978996079,-1269.4302142336833
B0053,56,2444.703,3.081738329329651,2444.703,1.9605382250198837,-0.0006512576000921909,-1273.024691556826
B0053,72,2342.453,3.070668465167841,2342.453,1.9728121678621011,-0.0006967996604025499,-1188.2153671701299
B0053,120,2373.687,3.0638438118587548,2373.687,1.9947630114629615,-0.0009190764569623322,-1142.2882837437742
B0053,126,2363.047000000006,3.0656508987209614,2363.047000000006,1.965011869626919,-0.0007946681120365674,-1130.788198089185
B0053,136,23.0,4.060790325607858,23.0,3.8013484699433544,,-7.663059126411556
B0054,0,2660.313,3.2240174459845803,2660.313,2.1808531235872497,0.00011755212658420486,-961.7655246904062
B0054,16,2530.172,3.2949076790535097,2530.172,2.195382286735059,8.044130340994761e-05,-1387.3012288243121
B0054,22,2676.578,3.339396849251534,2676.578,2.1960491387884744,8.526121964456535e-05,-1326.4541218172471
B0054,32,2640.016,3.3723181530355473,2640.016,2.18549830376202,8.757691394548672e-05,-1283.3320260250566
B0054,52,2697.75,3.099647661096803,2697.75,2.1816843710356264,-1.7142006702395386e-05,-1514.6019937723504
B0054,92,2488.734,3.330025768269618,2488.734,2.1750045839249057,7.346085663395853e-05,-1112.2884300377293
B0054,110,2521.985,3.330276961909736,2521.985,2.1913469960772693,6.725338956865109e-05,-1114.226834272116
B0054,122,2522.375,3.1098726595442607,2522.375,2.191725388766709,-2.1375515957682423e-05,-1330.7660039780121
B0054,132,2495.5,3.0726049338273973,2495.5,2.166553275090901,-1.9574968361764828e-05,-1277.2479881850688
B0054,134,2481.078,3.0767726563940805,2481.078,2.1974146026719614,-1.722008524064962e-05,-1266.5537993095513
B0054,180,2392.468,3.0591573873230513,2392.468,2.1805571893421827,-3.1910662312724654e-05,-1150.117889446012
B0054,204,2335.0,3.049948332680685,2335.0,2.1788266272471644,-3.6820663782161855e-05,-1092.3396402993203
B0054,220,2479.297,3.059261895423349,2479.297,2.1788337133933458,9.4613567774595e-06,-1107.8895092951811
B0054,236,2373.687,3.2276996110787226,2373.687,2.1979569345819563,6.114969534622344e-05,-952.3634472394295
B0054,238,2385.922,3.051110125575212,2385.922,2.1932450152273764,-1.9691506880049955e-05,-1065.8680472459596
B0054,244,2316.687,3.07205021515165,2316.687,2.1984194356911515,-8.355132112425338e-06,-1022.5507716819209
B0055,30,2619.578,3.377782507073847,2619.578,2.4945204316368925,8.221302605573035e-05,-1419.347118924793
B0055,44,2556.593,3.379921217144422,2556.593,2.4992030754220638,7.469169194690425e-05,-1355.2404147352163
B0055,62,2604.125,3.3809383898685597,2604.125,2.4927607047506055,7.169737827855602e-05,-1335.918692719936
B0055,64,2588.594,3.41469739374783,2588.594,2.4866262339494316,7.212812384629617e-05,-1293.8785069343808
B0055,96,2467.328,3.3954495279596,2467.328,2.495294559262084,6.706437425011876e-05,-1203.2184451274802
B0055,104,2559.125,3.381730300373781,2559.125,2.4980844986118784,5.9950950065967874e-05,-1237.988423398181
B0055,114,2474.344,3.3556150350421468,2474.344,2.4948503148658077,5.3304307864896665e-05,-1211.7044336264764
B0028,54,6346.156,3.683001942452442,6346.156,2.6240203066915697,-4.4462684289261724e-05,-2006.5392475182014
B0028,65,6352.843,3.67908706723787,6352.843,2.5784590711144535,-4.390494395830518e-05,-1975.7482968910826
B0029,3,1723.281,3.390592899446486,1723.281,1.8520590925934357,-0.0004801959132526981,-2452.591125579001
B0029,41,1634.765,3.3990966930758857,1634.765,1.9166086737918735,-0.0005199306110674241,-2143.701038468549
B0029,69,1571.547,3.39572232462604,1571.547,1.9482718394124843,-0.0005551683365386408,-1950.710202836171
B0029,73,1578.484,3.3892258428534863,1578.484,1.8674943991912756,-0.0005535174816295645,-1946.728239367591
B0029,89,1550.047,3.3885515947620157,1550.047,1.8822716064606955,-0.0005740502331253514,-1851.1462005358221
B0031,33,1622.016,3.4209893105313953,1622.016,2.4044472636058316,-0.0005040408864310952,-2169.300461322249
B0031,43,1622.016,3.4226245995331572,1622.016,2.4186775515647607,-0.0005062461113082008,-2129.438943379542
B0031,45,1616.25,3.4201177255120823,1616.25,2.360775838409723,-0.0005065321860337665,-2114.2582631405617
B0031,51,1619.656,3.4203305433739613,1619.656,2.3428829070219703,-0.000507717234038856,-2100.9052196086514
B0031,53,1605.484,3.4228635128886937,1605.484,2.411955819284382,-0.0005122830267163507,-2075.243904675815
B0032,1,1572.359,3.313568814048432,1572.359,2.62709691854036,-0.000608343359080401,-2175.7426577836773
B0032,21,1643.812,3.3601434422461938,1643.812,2.6425811435343314,-0.0006011550187762165,-2219.112912509287
B0032,25,1652.266,3.355149818972588,1652.266,2.6868552360676885,-0.0006132525945463817,-2215.768623007412
B0032,87,1566.578,3.3435347690202875,1566.578,2.6344496446331838,-0.00024223628149670442,-1834.1738428287213
B0033,100,3155.25,3.382909503170155,3155.25,1.8511721039377573,7.054836287927213e-05,-1617.8401847388768
B0033,148,3138.187,3.3825604419644164,3138.187,1.9292976600569,7.246306471395749e-05,-1484.6856259900585
B0033,252,3079.235,3.3594857050424145,3079.235,1.8292747932433169,7.654392864544517e-05,-1259.6456911124471
B0033,260,3046.532,3.3567188676291395,3046.532,1.8094020919691347,7.326372212320746e-05,-1212.8590334922262
B0033,276,3042.703,3.3489056682431775,3042.703,1.793591568720353,7.797780222048851e-05,-1182.2339208399023
B0033,278,4424.203,3.4573841629127733,4424.203,1.880422567759453,4.233913029020811e-05,-1546.045057688254
B0033,300,3014.672,3.365089244696307,3014.672,1.8461845656811995,7.094248637719773e-05,-1141.9619056536696
B0033,302,3010.703,3.3630274171634196,3010.703,1.8424801617142232,7.431879690496295e-05,-1140.1512012164876
B0033,322,3020.813,3.3432875907075075,3020.813,1.7789329307031558,7.721122231319546e-05,-1130.4587410189156
B0033,334,3047.703,3.3659987127723334,3047.703,1.9395710043147303,7.570022282295202e-05,-1133.614856723222
B0033,346,3006.203,3.9545425965879484,3006.203,1.203791745361808,,-195.35404004949518
B0033,352,2976.3129999999946,3.9493057262246025,2976.3129999999946,1.477441018016571,,-193.1173494199993
B0033,376,2927.281,3.3460262153428646,2927.281,1.7877573640818558,7.53402193045347e-05,-1073.3620817321432
B0033,400,3023.187,3.36383239244318,3023.187,1.8969132609228214,7.527438886249499e-05,-1106.2888633747602
B0033,404,2986.469,3.361111422960936,2986.469,1.862859289057269,7.323151741120453e-05,-1087.699955977483
B0033,414,2989.391,3.370281011025519,2989.391,1.8936715311451313,7.734434461943491e-05,-1081.5061187769304
B0034,8,3264.109,3.3493830070987864,3264.109,2.182463026326082,5.98308666905677e-05,-1991.875427829009
B0034,46,3203.5,3.4045742506106595,3203.5,2.148786443036186,5.925633415927838e-05,-1668.3092917097238
B0034,48,3194.39,3.406746772791556,3194.39,2.1763046045885015,6.174845818660291e-05,-1642.0397616842033
B0034,80,3191.735,3.4104802180603353,3191.735,2.16386574936286,6.222794472308466e-05,-1560.0231147377
B0034,84,3182.156,3.414435733868322,3182.156,2.1889361346194556,5.91321304578504e-05,-1520.0043412984555
B0034,86,3180.156,3.4086691776517264,3180.156,2.076995222056859,6.039646048144584e-05,-1516.0783706625084
B0034,112,3595.281,3.3050275542473204,3595.281,2.07023691471502,1.2970808641752203e-05,-1858.406719803031
B0034,140,3177.453,3.397929559343042,3177.453,2.063118102136468,6.688390744892833e-05,-1459.478012222672
B0034,144,3158.406,3.4080267118315706,3158.406,2.1825208655708153,6.223497454221025e-05,-1391.3643069101201
B0034,216,3094.281,3.4044380735101067,3094.281,2.128944717359417,6.445219123264902e-05,-1232.0299570207812
B0034,222,3102.062,3.4062193229017694,3102.062,2.1600430451609207,6.728482448088392e-05,-1252.7831834563863
B0034,240,3081.297,3.3958647763622585,3081.297,1.9677573642714887,6.513066549957139e-05,-1221.5716217539625
B0034,248,3069.0,3.401129794434098,3069.0,2.068960188840925,6.867791676402798e-05,-1197.7553066080316
B0034,256,3051.4839999999967,3.4035091903916532,3051.4839999999967,2.1529421051579973,6.433318174341753e-05,-1170.0159939743608
B0034,272,3023.5,3.392562018908604,3023.5,1.966575784508242,6.565984960919055e-05,-1153.0816697669247
B0034,318,3024.453,3.3964846031258635,3024.453,2.0358214749013905,6.725604795297625e-05,-1123.137509068067
B0034,340,3002.922,3.4010015677885175,3002.922,2.1906611266270994,7.093471430162742e-05,-1084.709218991536
B0034,342,2986.718,3.4003031470374503,2986.718,2.142279706628003,7.181024906645144e-05,-1071.170233168057
B0034,348,3011.609,3.3937688197583187,3011.609,1.955449063066795,6.927520271985538e-05,-1100.0258919267717
B0034,386,3056.172,3.364053240911129,3056.172,1.9849347747870358,7.170612649035838e-05,-1150.2866551483914
B0034,390,3034.25,3.3797467260326535,3034.25,2.04587233974925,6.586436437807247e-05,-1095.3435473961356
B0034,392,3022.609,3.383744830197482,3022.609,2.0970875648564333,6.770960126055877e-05,-1082.9822061068721
B0034,394,3028.828,3.38291402258648,3028.828,2.0432611124631137,7.01706983692842e-05,-1083.2739883369738
B0034,406,2979.219,3.389334235413473,2979.219,2.148229610932935,6.773273792072594e-05,-1029.885768543391
B0034,412,2989.828,3.3875346361746064,2989.828,2.095346963555327,6.522165487953197e-05,-1046.2610741284395
B0034,434,2978.89,3.3749959210790235,2978.89,2.0166716234512476,7.468100706041769e-05,-1044.2797011515993
B0034,464,2875.641,3.3831949117830193,2875.641,2.1741564738787473,6.957275648921829e-05,-964.5388818201305
B0034,468,2852.844,3.37385872825505,2852.844,2.0588486889378887,7.48863985090769e-05,-976.1732931163722
B0034,478,2866.234,3.3744573396178246,2866.234,2.0220579671885415,7.655142241827785e-05,-979.7485176957313
B0036,8,3264.109,3.4705857000702847,3264.109,2.6573808763123017,-0.00019153671286067226,-2307.4935975459057
B0036,46,3203.5,3.4736064155749107,3203.5,2.6668651734647586,-0.00019981434631580173,-2087.97504555125
B0036,48,3194.39,3.47422505689029,3194.39,2.699376305602087,-0.00019981602107445632,-2074.505495656775
B0036,80,3191.735,3.4763262679044176,3191.735,2.68500337747393,-0.0001999520804534648,-1960.6217037781855
B0036,84,3182.156,3.4727432532131455,3182.156,2.6336440877825646,-0.00020115361399353104,-1937.652249515688
B0036,86,3180.156,3.4724597721649664,3180.156,2.627746605322606,-0.00020167971588556528,-1930.6544747019657
B0036,112,3595.281,3.521360251690921,3595.281,2.697143455219266,-0.00019461758244815078,-2148.367772411258
B0036,140,3177.453,3.4818392989655793,3177.453,2.668665957651981,-0.0001976954224805596,-1811.666668164988
B0036,144,3158.406,3.4733016901870717,3158.406,2.627654590987336,-0.00020185458017501915,-1786.5939035190536
B0036,216,3094.281,3.459435396984853,3094.281,2.626280067476453,-0.00021610114738774668,-1620.3507228073972
B0036,222,3102.062,3.4674082899150327,3102.062,2.652784779103966,-0.00021310123957048443,-1617.0139555962987
B0036,240,3081.297,3.46306741425674,3081.297,2.6638409912727004,-0.00021656179238521966,-1573.4855579681987
B0036,248,3069.0,3.462072409842234,3069.0,2.665966871855665,-0.00021726511815748568,-1559.1544608484967
B0036,256,3051.4839999999967,3.453593464720811,3051.4839999999967,2.633581331346773,-0.0002221390542289272,-1534.5573251351732
B0036,272,3023.5,3.4536366427467367,3023.5,2.6988025346836504,-0.00022601899135806335,-1500.1788676615952
B0036,318,3024.453,3.460232278101612,3024.453,2.6520245119510846,-0.00022133952376924624,-1454.6281325175232
B0036,340,3002.922,3.4544171805700974,3002.922,2.6416903037262225,-0.0002270537810818996,-1417.740190962029
B0036,342,2986.718,3.4527482715790665,2986.718,2.6595878021770023,-0.00022905948333442922,-1403.1740535582883
B0036,348,3011.609,3.463474146193778,3011.609,2.6749338603361448,-0.0002252298080178888,-1414.2513249659962
B0036,386,3056.172,3.4736386683731357,3056.172,2.6628469651561684,-0.000214254774881384,-1404.601556184697
B0036,390,3034.25,3.4632760700750005,3034.25,2.6081515730092875,-0.00022022995599812792,-1386.6584096110894
B0036,392,3022.609,3.4628276335315373,3022.609,2.6357331981420877,-0.0002223125508759081,-1379.5437073771047
B0036,394,3028.828,3.464601254693561,3028.828,2.629018498984386,-0.00022111494015396654,-1380.151957279159
B0036,406,2979.219,3.459388712099621,2979.219,2.6980994427054057,-0.00022760314067412873,-1343.6283156645104
B0036,412,2989.828,3.4641295904583864,2989.828,2.691344905562854,-0.00022524689536266565,-1345.415321859294
B0036,434,2978.89,3.457628617948717,2978.89,2.6382695335398956,-0.00022833066931795417,-1321.825767612302
B0036,464,2875.641,3.4433682977623117,2875.641,2.6584332895177942,-0.0002444378636678493,-1247.946427897497
B0036,468,2852.844,3.4436657042772842,2852.844,2.686590802386354,-0.00024559369936256087,-1234.2302927912926
B0036,478,2866.234,3.447757359384224,2866.234,2.645949573946669,-0.00024491104606237933,-1235.772882726136
B0038,4,1489.953,3.171331675099784,1489.953,2.173538006790758,0.00019496392917888128,-1392.7585889539357
B0038,24,1397.0,3.167665290347623,1397.0,2.1858064268526136,0.00021814943020858165,-1244.6534574262082
B0038,40,6569.11,3.6144683724527367,6569.11,2.1366453580856253,-7.466885765164818e-05,-2316.2768250980894
B0038,56,6559.047,3.6158365688729863,6559.047,2.1776344857025127,-7.452781314783295e-05,-2247.705039978553
B0038,72,6525.187,3.6135506508279365,6525.187,2.1302151249881103,-7.49099117463833e-05,-2169.2143584105634
B0038,120,1489.313,3.0241360171924403,1489.313,2.052769819032336,-0.0024934074066874892,-1538.3712515458205
B0039,4,1489.953,3.538833973977794,1489.953,2.4756646285889476,0.0004619393051629749,-618.4410142997814
B0039,24,1397.0,3.515665291907763,1397.0,2.487295552712161,0.0004611848975966116,-581.2164356013031
B0039,40,6569.11,3.6455854793956157,6569.11,2.473981445559395,-7.42741870524448e-05,-2305.035586804972
B0039,56,6559.047,3.6446971444610017,6559.047,2.467377500135635,-7.416922104181348e-05,-2235.5912267479493
B0039,72,6525.187,3.6431420009845072,6525.187,2.49689484054888,-7.467943928528567e-05,-2154.3682144761983
B0039,120,1489.313,3.2266198878612884,1489.313,2.442276380666166,9.286559365439614e-05,-1333.598305374658
B0040,6,1479.703,3.4309758033508495,1479.703,2.6769978869674524,0.0003511851367882017,-905.8248402109638
B0040,12,1437.047,3.45875976750834,1437.047,2.695919341909784,0.0003638576170856322,-840.0657555869482
B0040,20,1436.141,3.435394313904376,1436.141,2.680482862570943,0.00034673323316739533,-862.3427697478922
B0040,36,6574.671,3.621912315077268,6574.671,2.6893633842231073,-7.54851908758174e-05,-2261.808198631134
B0040,38,6571.156000000003,3.6216150174925086,6571.156000000003,2.663011590614207,-7.541041130960478e-05,-2254.69078429042
B0040,58,6553.781,3.621278400117818,6553.781,2.6464594317551624,-7.549083260115387e-05,-2169.5290576304897
B0040,68,6531.187,3.621731433466839,6531.187,2.6471595195723987,-7.545904605820662e-05,-2128.7755715098215
B0040,76,6515.938,3.6219039988656236,6515.938,2.664835318499988,-7.530179942394203e-05,-2098.7420733700183
B0040,82,6519.328,3.620851281939703,6519.328,2.645724055946119,-7.56058223397773e-05,-2073.289987813646
B0040,94,6502.047,3.6204618580402843,6502.047,2.65252579490315,-7.593547974697137e-05,-2028.258714172209
B0040,116,1485.047,3.748297352192433,1485.047,1.7489828090032307,-0.002797662988992432,-431.8289133787834
B0041,5,1048.687,4.039068503173862,1048.687,1.964899016000036,,-68.4396960997986
B0041,9,687.328,3.9804234004682675,687.328,1.9131372213178368,,-66.93948532393699
B0041,17,1030.703,4.032799639644717,1030.703,1.8935647470508339,,-67.1460022247744
B0041,35,996.765,4.049754413243471,996.765,1.9251333188603235,,-56.910386732971176
B0041,75,979.203,4.036614663983007,979.203,1.8542865324237547,,-55.663932252536085
B0041,79,994.031,4.037642497951334,994.031,1.843811769338875,,-55.5525390059019
B0041,85,599.047,3.965018658436182,599.047,1.811117308582499,,-53.87589425390528
B0041,115,5567.329,3.3670420302190904,5567.329,1.9860813942080053,4.998870556531469e-06,-1076.9361109478225
B0041,135,5344.859,3.375216189144449,5344.859,1.9639398858129093,2.2980134734832473e-05,-936.0408241539151
B0041,143,5267.843,3.3724434451635856,5267.843,1.9838761544280692,2.7002074063167817e-05,-895.976253827595
B0055,140,2449.922,3.392824019054765,2449.922,2.4994934553850463,7.655724187257447e-05,-1160.3204713768434
B0055,144,2408.781,3.337994308220082,2408.781,2.496397324750552,4.4427575630961076e-05,-1207.1012991300377
B0055,216,2326.657,3.345868727865269,2326.657,2.498867447840723,5.806150246564242e-05,-1023.4999408535645
B0055,240,2345.0,3.3705488423522802,2345.0,2.495932540383024,5.823975595107958e-05,-1024.1334308212588
B0055,248,2322.0,3.3450812275827775,2322.0,2.4970956728658367,4.802884715599212e-05,-1018.0005399807815
B0055,250,2357.687,3.3411218242164655,2357.687,2.496842059818817,6.0065799738599165e-05,-1014.3237014977435
B0056,6,2818.578,3.31061583905665,2818.578,2.698313212370538,6.343608988061178e-05,-1621.1452883531988
B0056,12,2667.89,3.3363536695108422,2667.89,2.699291592092144,8.280581646578954e-05,-1539.5020965750866
B0056,20,2713.25,3.3671071393351704,2713.25,2.6912557599593363,8.514529620980417e-05,-1475.3045220695376
B0056,36,2616.453,3.3623304120622954,2616.453,2.6918100210263542,8.096015717965963e-05,-1388.664089396641
B0056,58,2646.156,3.3689721031647784,2646.156,2.6939728433831345,6.297485587001098e-05,-1404.5075901332723
B0056,68,2579.203,3.376428229106493,2579.203,2.696650296000414,6.636025639615342e-05,-1318.6239580487738
B0056,76,2536.204,3.361206403648909,2536.204,2.69363443342256,7.521640940322257e-05,-1286.810205735233
B0056,82,2518.547,3.368266919681877,2518.547,2.688897787724772,7.189288724597155e-05,-1263.1229028931716
B0056,94,2491.375,3.357651728668808,2491.375,2.6890536637756743,7.283147452346312e-05,-1240.4721200656807
B0056,98,2466.125,3.3656178701568398,2466.125,2.6861014784430512,7.361321127865308e-05,-1209.4791811133462
B0056,116,2349.64,3.282678428854044,2349.64,2.69347301500386,1.2539077136690654e-05,-1318.8155508705488
B0056,146,2442.547,3.3564849064688493,2442.547,2.691300691707842,6.650021289033452e-05,-1202.0108594093042
B0056,152,2416.672,3.3688996216187634,2416.672,2.686923064348457,7.630537566770878e-05,-1158.6414920334907
B0056,164,2396.719,3.354188923882859,2396.719,2.6996190068902637,6.127563037015508e-05,-1155.343271346425
B0056,178,2361.047,3.3622424767286905,2361.047,2.6959933200185318,5.362306330553178e-05,-1140.619523329769
B0056,186,2383.234,3.3578355927430894,2383.234,2.695330424081241,6.727763664915966e-05,-1116.5066176501753
B0056,210,2333.875,3.3536514376808872,2333.875,2.6895747540556276,6.686438037639965e-05,-1069.5107577900224
B0042,4,3289.406,3.4852386922159133,3289.406,2.1712317301519577,-0.00015462182353483578,-2339.7930288141997
B0042,40,3030.25,3.5020910209596554,3030.25,2.037616415551784,-0.00017072655324156582,-2062.3336696040815
B0042,56,3030.0,3.509324438333479,3030.0,2.053610599291471,-0.00017233413308501345,-2010.2940424612868
B0042,72,2953.219,3.5014310665562087,2953.219,2.1921151659229676,-0.00018136372030594605,-1900.1794207590242
B0042,151,999.422,2.58186163492095,999.422,2.177098848593695,-0.007671056284450929,-850.3395880201697
B0042,171,618.844,2.740158801721835,618.844,2.1988863560155885,-0.007654912298726329,-540.2281882495685
B0042,193,971.516,2.5300104336765603,971.516,2.191166300272401,-0.008444121694536406,-771.3413321441601
B0042,197,599.047,2.6667675405848925,599.047,2.1777089403180425,-0.008732394336422974,-492.628818517506
B0042,203,109.17099999999999,3.133556616526209,109.17099999999999,2.1969934922661687,-0.008777168686734454,-92.66713631830595
B0042,271,5078.937,3.366371835007902,5078.937,2.169597235193881,-0.00014277999244594855,-1307.4407383444136
B0043,42,3017.578,3.5008082921335504,3017.578,2.4933649317176108,-0.00018602729665460847,-1959.0339020453646
B0043,50,3054.859,3.493143385168616,3054.859,2.389783772934692,-0.00018455863507306337,-1934.3150908864252
B0043,70,2975.1100000000006,3.4987433448544607,2975.1100000000006,2.4838780206846622,-0.00017503562988652261,-1811.864333264099
B0043,74,2955.484,3.489537224036168,2955.484,2.397532773087188,-0.00017667754930350077,-1779.3086472901907
B0043,108,991.172,4.049066061935538,991.172,2.4427831763874552,,-72.31560598965079
B0043,139,1021.079,4.051793890502686,1021.079,2.451707097247213,,-73.56657619903103
B0043,159,575.922,3.9856506548648283,575.922,2.467345657591589,,-73.39199468415502
B0043,167,1040.75,4.051719519499582,1040.75,2.3794329527267557,,-72.94815237719492
B0043,173,1039.547,4.04996636671891,1039.547,2.3452420900020043,,-72.73490670695695
B0043,195,810.563,4.02423912434972,810.563,2.426379928299938,-0.009004759223417827,-73.54617379876768
B0043,207,109.094,3.422316612718478,109.094,2.3089650825269894,,-71.35348899696012
B0043,239,5438.157,3.4475798555048587,5438.157,2.497516098993309,-0.00012749851293707582,-1439.4089663618581
B0043,251,5284.547,3.4312793781460638,5284.547,2.4995232811069013,-0.0001330733419843473,-1353.5323482114588
B0044,42,3017.578,3.4593787805674454,3017.578,2.657434360611611,-0.00013541785701091957,-1869.7250435337387
B0044,50,3054.859,3.4604365465272604,3054.859,2.679338771098678,-0.00011801969418378804,-1841.8839421934981
B0044,70,2975.1100000000006,3.4614145860859877,2975.1100000000006,2.660938360343116,-0.00011110767518102259,-1718.127252273312
B0044,74,2955.484,3.4575966867532193,2955.484,2.6803751950872314,-9.838351201319727e-05,-1680.538922221732
B0044,108,991.172,4.048139868634576,991.172,2.5608994701667624,,-59.47069012818615
B0044,139,1021.079,4.052548629680624,1021.079,2.6459372770148692,,-61.12390700484813
B0044,159,575.922,3.999522882854379,575.922,2.6926916057581445,,-61.56788912269505
B0044,167,1040.75,4.052074849774992,1040.75,2.6107085277536015,,-60.47780627031363
B0044,173,1039.547,4.052244387669819,1039.547,2.5987325707723405,,-60.58388982778686
B0044,195,810.563,4.031325666700658,810.563,2.682527208849319,,-61.57245039278971
B0044,207,109.094,3.559655619146663,109.094,2.619612898646795,,-61.208937800161486
B0044,239,5438.157,3.4334546922415696,5438.157,2.6963132256039875,-5.525342249351487e-05,-1353.9232810650788
B0044,251,5284.547,3.4188541266416608,5284.547,2.683891843696469,-4.890287536764764e-05,-1282.4691607113034
B0045,42,5248.593,3.3859954600090005,5248.593,1.9786838559411906,2.995831305836175e-05,-749.1571873138788
B0045,50,2384.094,3.40671465770634,2384.094,2.942421777794815,-0.00036508057702513383,-591.1433527445143
B0045,74,4836.125,3.3735582980752103,4836.125,1.9938420365930107,3.154820921049095e-05,-670.7940915847628
B0045,108,4580.75,3.3633213073045685,4580.75,1.9986367632788742,3.45233968322318e-05,-623.3688113140577
B0045,124,4440.531,3.340602870094092,4440.531,1.9951107736579325,3.3175460599822504e-05,-598.8435208457561
B0045,128,4382.937,3.3328844784891065,4382.937,1.9820270227741772,3.46471734061337e-05,-598.9633472913494
B0045,130,4347.453,3.35182190799753,4347.453,1.9731005832473114,3.747602017656624e-05,-589.9483877046562
B0045,174,4581.328,3.3500352436555985,4581.328,1.9843068510361204,3.793191278492849e-05,-582.1208167402127
B0046,42,5248.593,3.3923860221630178,5248.593,2.151164339585934,-0.00013559369041362293,-1306.7280987062895
B0046,50,2384.094,3.6510529715501914,2384.094,3.4709356617126152,-0.00015178420668960122,-635.1309524307608
B0046,74,4836.125,3.3538008821668237,4836.125,2.1877179876194033,-0.00015946746670676018,-1156.6846330211774
B0046,108,4580.75,3.330716899309495,4580.75,2.1789077465484965,-0.0001720555678906709,-1058.1020856999166
B0046,124,4440.531,3.31147899375713,4440.531,2.165246924019346,-0.00018350047482760157,-1008.7414384200863
B0046,128,4382.937,3.3144969226972143,4382.937,2.1831972567411246,-0.00018795713116205877,-992.9645213184705
B0046,130,4347.453,3.315933995614133,4347.453,2.191895759269081,-0.00018976180381707794,-983.3289568036508
B0007,273,3095.094,3.512501086422183,3095.094,2.1007747911593695,-0.00018851559675720663,-2220.9350288178766
B0007,323,3066.0,3.5115494818370405,3066.0,2.050265845971926,-0.00019166043368563405,-2200.14874560213
B0007,366,3020.11,3.507816455272743,3020.11,2.0588247910323827,-0.0001982837915002467,-2156.4693983508387
B0007,374,2992.703,3.505155823274419,2992.703,2.190682586389996,-0.00020358290716551746,-2126.786460586808
B0007,422,2928.454,3.4905931958620497,2928.454,2.0585109366080414,-0.0002171563320061918,-2062.5862274179717
B0007,444,2918.375,3.4904322642329535,2918.375,2.1309899052747716,-0.00021958947746039724,-2055.007536148801
B0007,482,2901.25,3.489970199409659,2901.25,2.1693699073642034,-0.00022329080853513314,-2034.2321436985417
B0007,496,2874.031,3.4814318734539564,2874.031,2.172988732474185,-0.00023287013165845043,-1994.444233490912
B0007,500,2874.234,3.4796060336232353,2874.234,2.087464676179042,-0.00023260709842401107,-1993.561899470368
B0007,512,2855.625,3.473730545333044,2855.625,2.1253826973270513,-0.00024017129121980542,-1969.0694618082443
B0007,547,2864.547,3.4805183094853853,2864.547,2.1908121182442706,-0.00023578367756186785,-1987.6110737207532
B0007,587,2802.422,3.460172751487443,2802.422,1.9917978280585305,-0.0002565201835400949,-1913.60296953295
B0018,6,3425.485,3.53483557618652,3425.485,2.4114381994148304,-0.00015694917165158303,-2499.0690578894746
B0018,38,3357.797,3.5413171086184785,3357.797,2.478768686108376,-0.00016292932093207792,-2255.8020832332463
B0018,41,3363.015,3.541197979542517,3363.015,2.3858494078680206,-0.000163452637450417,-2250.3388994132292
B0018,69,3311.766,3.536321131094359,3311.766,2.4904700018477026,-0.00017286914440142544,-2055.1594929940366
B0018,89,3243.422,3.5194572812607507,3243.422,2.4157245398944123,-0.0001756226753627169,-1903.255622416873
B0018,98,3220.344,3.5091105265410403,3220.344,2.3337740352348813,-0.00016194208109999238,-1834.1944436648985
B0018,105,3222.25,3.51242127422293,3222.25,2.372828310153791,-0.00018319784609035383,-1835.798853180841
B0018,116,3302.36,3.5231652801938638,3302.36,2.3422406504312434,-0.00016715265904308654,-2021.613360960196
B0018,142,3191.063,3.519666404826563,3191.063,2.4673631110639858,-0.00018755666564078727,-1833.0038330903762
B0018,146,3140.407,3.507786223446009,3140.407,2.371626022111289,-0.0001971827636978648,-1770.221751541305
B0018,152,3121.109,3.5074833565874584,3121.109,2.475545296633258,-0.00018272879700052496,-1733.6588518852527
B0018,164,3050.563,3.494528300232307,3050.563,2.3974205597873093,-0.0001770643760061163,-1655.8610988657738
B0018,178,3028.469,3.4939958532419357,3028.469,2.4720838848798987,-0.00017326072325266195,-1613.4180298108845
B0018,201,2902.75,3.4740521567700102,2902.75,2.472605886588914,-0.00014695125216027428,-1476.0797988180414
B0018,215,2895.594,3.471398409828826,2895.594,2.4413266342198545,-0.00016032295944743886,-1454.6229191193565
B0018,262,2888.25,3.4744042103867714,2888.25,2.4447222974031386,-0.00018449601158234143,-1386.994234533716
B0018,293,2848.859,3.4672726392131756,2848.859,2.444740635238248,-0.00019428594697502472,-1334.8292617425066
B0018,304,2794.016,3.4586961995857997,2794.016,2.4536749172979215,-0.00015559274290832798,-1274.6912946853026
B0018,316,2753.25,3.447650049442192,2753.25,2.2786338886500292,-0.00016933511914964908,-1243.0077044750417
B0026,42,6384.75,3.4449342432242034,6384.75,1.9028600928182506,1.5794671336412817e-05,-2007.5125839103753
B0026,50,6370.937000000005,3.4115903895548483,6370.937000000005,2.1735697218309302,1.7972051672374885e-05,-1957.6480575355383
B0027,42,6384.75,3.4075979389280655,6384.75,2.41937557251393,2.452204689988031e-05,-1930.1856715394608
B0027,50,6370.937000000005,3.3771878224396668,6370.937000000005,2.395925863485738,3.4637000348105e-05,-1884.8402834518968
B0028,7,6489.5,3.6815441408442346,6489.5,2.679890873914289,-4.3698818674770934e-05,-2245.7950990467157
B0028,19,6474.156,3.6821638997402006,6474.156,2.684075980505414,-4.27972189419809e-05,-2182.112597219921
B0028,46,6284.063,3.6751321799254963,6284.063,2.598546956085325,-4.379637433172703e-05,-2009.9677130682574
B0005,28,3470.0,3.555692244172495,3470.0,2.5249886697730286,-0.00015488604211035594,-1250.3737374221005
B0005,34,3409.484,3.5603420474985823,3409.484,2.5739035098380962,-0.0001561290819010806,-1243.5689673413408
B0005,49,3531.578,3.5567940383270416,3531.578,2.617507742871704,-0.0001512536219503843,-1265.8553745769598
B0005,93,3395.219,3.56175863372601,3395.219,2.654880745360911,-0.0001545488857831163,-2501.7566648370694
B0005,101,3368.187,3.557593755354089,3368.187,2.6159705726789904,-0.00015729685663493504,-2476.913636085701
B0005,117,3331.265,3.5562481933590964,3331.265,2.699288287625812,-0.000160950767915336,-2432.523116044633
B0005,129,3311.828,3.5563095420140813,3311.828,2.6668454289754746,-0.00016251739692174774,-2418.7612205570413
B0005,181,3248.593,3.5467052098640224,3248.593,2.6655106679421823,-0.00016718206344483975,-2347.4308289175333
B0005,285,3086.531,3.5144848307046663,3086.531,2.6584858447131823,-0.00013233723569363787,-2106.062707469747
B0005,347,3021.0,3.506747996136711,3021.0,2.69951692300468,-0.00011265230627492875,-2014.6324938252098
B0005,426,2929.375,3.491994243745711,2929.375,2.68378702970616,-9.198489427905273e-05,-1892.0734737428015
B0005,452,2900.422,3.4855485210036448,2900.422,2.671695307817951,-8.962842562614809e-05,-1866.398148876654
B0005,520,2847.437,3.4754777099091454,2847.437,2.668286095904868,-7.111087148896097e-05,-1781.1267731455896
B0005,528,2837.328,3.4713736650988625,2837.328,2.664058512378051,-6.425709944456342e-05,-1763.9252635310172
B0005,571,2819.437,3.4696192030612285,2819.437,2.664695973142795,-6.531225170959227e-05,-1749.0962206296067
B0005,575,2819.579,3.4700184707575596,2819.579,2.679191623358613,-6.064439616812295e-05,-1741.8105768003322
B0005,599,2793.39,3.4664623858156767,2793.39,2.6687371180046218,-5.895199785563423e-05,-1719.1497209965298
B0005,603,2793.39,3.4685090669355105,2793.39,2.696396337945361,-5.5583856079854974e-05,-1712.2168975107563
B0005,607,2792.485,3.466806213058136,2792.485,2.6794834862925194,-5.545677282705515e-05,-1711.5740536178537
B0005,613,2820.39,3.475472204020002,2820.39,2.655378369801326,-7.732500558409103e-05,-1769.0916370427053
B0006,1,3690.234,3.5569460618275723,3690.234,2.4757677568281857,-0.0001407808990355703,-1392.295286358652
B0006,21,3530.25,3.5666587197655133,3530.25,2.3406023605912454,-0.0001448900016260649,-1338.4191655195548
B0006,121,3321.188,3.5140291128341596,3321.188,2.3948058223938364,-0.00017930182021685237,-2404.858881637776
B0006,133,3327.391,3.511070869329269,3327.391,2.3166154227865463,-0.00018109065680492576,-1203.600780473682
B0006,157,3301.579,3.5212147597332697,3301.579,2.365933525789291,-0.00017402544125145116,-2427.184959447329
B0006,219,3186.297,3.453707793758604,3186.297,2.3930328819230717,-0.00016859907984427414,-2107.0534563767355
B0006,227,3167.593,3.450781146333254,3167.593,2.4373294683003053,-0.00014630699995977226,-2082.923875125476
B0006,247,3140.547,3.443620591429829,3140.547,2.4892160721496315,-0.00011255655407657956,-2027.1499831447404
B0006,263,3121.672,3.4304702277711523,3121.672,2.378420264362521,-9.98905908940009e-05,-1989.780159340465
B0006,269,3103.828,3.435542921355255,3103.828,2.448639661640692,-0.00011000954070918855,-2006.8023727324326
B0006,305,3058.578,3.423499088319264,3058.578,2.444861994529003,-8.132741203017926e-05,-1920.9180886558352
B0006,331,3048.219,3.4270614887575657,3048.219,2.413759774558071,-9.504293970924784e-05,-1958.7404536242655
B0006,414,2937.984,3.4107019261975147,2937.984,2.417287750352038,-4.615700838953472e-05,-1803.1608670579242
B0006,516,2855.594,3.409549235480475,2855.594,2.446712151873903,-3.674582164761556e-06,-1675.6606791909935
B0006,532,2837.281,3.4038850919769628,2837.281,2.4061574188511727,2.140061552665814e-06,-1642.8867037316386
B0006,555,2837.969,3.4154594925159105,2837.969,2.4946438160388325,7.598870306376362e-06,-1633.5905732183553
B0007,5,3651.641,3.5344025220217836,3651.641,2.0251085128182655,-0.000150397702980532,-1301.6658353109096
B0007,9,3629.172,3.5345366400687883,3629.172,1.8711590450649882,-0.0001500683631898543,-1300.7935870137144
B0007,17,3550.594,3.550280546407975,3550.594,1.9505894332906037,-0.0001492563453983835,-1296.3726606170183
B0007,30,3450.297,3.5647746218187306,3450.297,2.1361343961784502,-0.00015020893543691853,-1284.0437052936286
B0007,65,3431.125,3.56572248474393,3431.125,1.8254369744762284,-0.00014824877156975467,-1288.6954287158917
B0007,85,3470.672,3.5646206889443177,3470.672,2.181560983985832,-0.0001472024463191632,-2603.442517461568
B0007,135,3312.078,3.560490228311054,3312.078,2.0674349483094465,-0.0001542487758612611,-2490.699414271135
B0007,143,3275.328,3.558412726344602,3275.328,2.1632674190148338,-0.00015671231822795117,-2460.837388425157
B0007,165,3275.125,3.559014621482899,3275.125,2.155901281560187,-0.00015550493639124744,-2455.586100478243
B0007,177,3257.594,3.552637375406743,3257.594,2.143037413381466,-0.00015927624362807637,-2425.573306755615
B0007,189,3240.14,3.544785017297269,3240.14,2.0213017345171265,-0.00016180953656788285,-2400.232520427515
B0007,205,3213.219,3.536081116986021,3213.219,2.006753861515003,-0.000167633694572591,-2360.680187809295
B0007,213,3195.125,3.5348237062932566,3195.125,2.0119648758828452,-0.00017023807160028144,-2345.377692496938
B0007,235,3159.077999999994,3.5296958440719988,3159.077999999994,2.1753473356526807,-0.00017558862096580616,-2294.642861476722
B0007,255,3121.907,3.5222829121237864,3121.907,2.1646493163558524,-0.00018217747307087064,-2255.296208629903
B0046,174,4581.328,3.3336764636844904,4581.328,2.196284886273677,-0.00017208130190320343,-1012.1166702207635
B0047,42,5248.593,3.4327517306039375,5248.593,2.488914813470205,-0.00010572717451695679,-1247.288642681512
B0047,50,2384.094,3.6507246573834027,2384.094,3.452630071948054,-0.0001634453505902495,-627.5537678214242
B0047,74,4836.125,3.391929305560131,4836.125,2.4851956352139384,-7.491246580318311e-05,-1085.6606592678775
B0047,108,4580.75,3.3764247008784385,4580.75,2.4956781405402677,-8.466377659845616e-05,-1002.8345533801288
B0047,124,4440.531,3.357068473489347,4440.531,2.470530852621601,-0.00010536572674631111,-967.2910946092785
B0047,128,4382.937,3.357822546150489,4382.937,2.482310382215253,-0.00010968459233850103,-954.1192132006843
B0047,130,4347.453,3.3676285575809355,4347.453,2.499914991218416,-9.720578463812309e-05,-939.9607774522726
B0047,174,4581.328,3.3919885847747016,4581.328,2.484545959502679,-0.00018209722662960778,-988.5870532625976
B0048,10,5499.046,3.4576403855897397,5499.046,2.6967591738883163,-0.0001014685988555765,-1372.1592708175724
B0048,28,5299.266,3.4394561239669734,5299.266,2.688287422782237,-8.257596527057612e-05,-1275.201872900234
B0048,60,5027.563,3.4202601200018248,5027.563,2.696945913635699,-6.234874745639896e-05,-1150.336301103074
B0048,88,4998.656,3.4116534333763227,4998.656,2.683679055503892,-8.448788124440405e-05,-1138.1972246240448
B0048,156,4568.438,3.3947531020283472,4568.438,2.685972991906515,-0.00016944049999869919,-1013.9815993872486
B0048,158,4499.656,3.3979955411966944,4499.656,2.689198249643033,-0.0001713752271889452,-1004.8497470076576
B0049,14,5428.594,3.4447754613409862,5428.594,1.9779063196102418,4.188497259429975e-05,-1466.6236419208615
B0049,30,2862.25,3.3068348136930794,2862.25,1.990570708799589,7.360529679565592e-05,-1110.8405106613855
B0049,44,2305.25,3.2161012281702512,2305.25,1.9811242583835047,6.843126734413679e-05,-992.7632588650806
B0049,54,1737.172,2.977231196667954,1737.172,1.9999963944412724,-0.00143374212716513,-960.1101987658767
B0050,42,1899.218,3.290574483611846,1899.218,0.1970552492968445,-0.0008628329780950066,-222.7224269773816
B0050,50,1800.421,3.351098653030789,1800.421,2.199179035422044,3.26942123435558e-05,-368.962139618665
B0051,14,5428.594,3.550786981618681,5428.594,2.4989144012367213,4.5138781406256467e-05,-1297.0963545805391
B0051,30,2862.25,3.431316064062381,2862.25,2.4993609910440835,8.20156478059612e-05,-1056.509301797139
B0051,44,2305.25,3.391911995963896,2305.25,2.4869071541416994,8.996379499690573e-05,-934.706777460949
B0051,54,1737.172,3.3077853052504724,1737.172,2.496222014851971,8.520396620185121e-05,-836.864574329708
B0053,10,2474.844,3.1093760435323663,2474.844,1.974695202836088,-0.0005775897209186527,-1378.7632544327648
B0053,18,2481.078,3.080580001769896,2481.078,1.9470490842081751,-0.0006905379960935813,-1353.424245640648
B0053,28,2408.781,3.099251226071713,2408.781,1.9845858202377116,-0.0006245141012905036,-1305.5989949395246
B0053,34,2409.906,3.0908348956433294,2409.906,1.991566826677512,-0.0006541711294679781,-1289.5897461159168
B0053,60,2403.234,3.077507651333827,2403.234,1.9817745728975946,-0.0006747099551839076,-1240.3491235811696
B0053,88,2335.0,3.0586262243104265,2335.0,1.9919158008530222,-0.0007817351314678357,-1158.91108934471
B0054,100,2459.3129999999946,3.0573024563037268,2459.3129999999946,2.1682818867328626,-5.161535199315747e-05,-1275.1225393395673
B0054,148,2420.671,3.2822748078833337,2420.671,2.1966197167856167,6.125478564911858e-05,-1080.1319481622252
B0054,214,2295.109,3.0561992011444206,2295.109,2.1928820402300686,-5.0073132943040284e-05,-1078.088947069312
B0054,226,2458.812,3.067048133380307,2458.812,2.1910520386239125,-7.593167682319022e-06,-1106.6548421106777
B0054,252,23.0,4.067670722536387,23.0,3.83839582745546,,-7.73380520488501
B0055,8,2713.812,3.338535407708075,2713.812,2.485404008194569,8.038401116837754e-05,-1612.171058737044
B0055,46,2577.891,3.4131937901660425,2577.891,2.4858947643408493,8.15874852757489e-05,-1289.0732452166158
B0055,48,2572.36,3.3882127771112676,2572.36,2.4902199266036034,8.452666970665044e-05,-1315.17402405784
B0055,80,2488.86,3.3533445639000186,2488.86,2.4986675609061084,5.483752136785778e-05,-1290.6405860830023
B0055,84,2485.766,3.373719613429628,2485.766,2.494521891499824,5.935072114601864e-05,-1256.740436883269
B0055,86,2506.718,3.382746702873391,2506.718,2.4940939052144744,7.676718106726351e-05,-1230.2304424352296
B0055,112,2503.172,3.364395338116308,2503.172,2.497968365806555,6.035919164591713e-05,-1213.1661748241975
B0028,77,6198.75,3.6745340462562814,6198.75,2.651385292787423,-4.437494918544249e-05,-1887.997175235976
B0030,3,1723.281,3.378075193636118,1723.281,2.1401060472348874,-0.0005125763962699301,-2352.2800215624507
B0030,41,1634.765,3.3864480900407203,1634.765,2.098247338071892,-0.0003094733266797605,-2054.4271639552107
B0030,69,1571.547,3.3899735880572854,1571.547,2.1156809695842997,-0.0001854863619785216,-1863.3732727487752
B0030,73,1578.484,3.3864038940861194,1578.484,2.0858806041580396,-0.00018629018448049453,-1861.5214455873054
B0030,89,1550.047,3.3856951014977894,1550.047,2.029028311417829,-0.0001739089674752422,-1778.996494298941
B0031,29,1636.969,3.421653985858184,1636.969,2.4168059304515817,-0.0005007098084689342,-2210.5364452313397
B0031,39,1646.438,3.421591713831321,1646.438,2.386904670931757,-0.0004952434297652582,-2183.230465809807
B0031,49,1622.218,3.4199667649637613,1622.218,2.4505597087782616,-0.0005067929218058681,-2114.392913577557
B0031,63,1598.969,3.4248774653161567,1598.969,2.4548236850102603,-0.0005123914019002499,-2035.8685081656379
B0031,93,1536.781,3.4227604579854023,1536.781,2.4650879684691613,-0.0005445537922380984,-1871.2848774877468
B0032,15,1677.469,3.3598815781378963,1677.469,2.6352220172441965,-0.0005845339680862893,-2299.1714135457037
B0032,31,1625.187,3.3590704748251823,1625.187,2.6834486699239664,-0.0006254774169718282,-2138.395536482953
B0032,55,1600.75,3.3492975913002327,1600.75,2.62449780009349,-0.0006529121712136698,-1998.538548940771
B0032,67,1577.484,3.346822633241173,1577.484,2.6334454972272856,-0.00034788668195581717,-1916.6085676949897
B0032,81,1554.234,3.343037941800248,1554.234,2.6372752376377897,-0.0003472143497591052,-1847.7736074936115
B0032,91,1543.64,3.3456376475453258,1543.64,2.6874948249577777,-0.00022933946081024986,-1794.9414684453131
B0033,0,1819.406,3.3726641134399755,1819.406,1.9848598462488805,7.601554586981248e-06,-191.82269440701052
B0033,16,3234.625,3.4578247593455274,3234.625,1.1932458808760276,5.1623677085780675e-05,-1485.7927947130192
B0033,22,3230.25,3.319746138420249,3230.25,1.9529802665635712,7.113622488530598e-05,-1953.0500655272879
B0033,32,3216.546000000002,3.3521005111517526,3216.546000000002,1.9224375381620544,6.746434541608689e-05,-1902.1637711804992
B0033,52,3225.219,3.3335163148815443,3225.219,1.9541530671990093,4.339559390322731e-05,-1882.4054345904276
B0033,92,3192.172,3.3847842405485604,3192.172,1.9667908439255781,6.9449324327587e-05,-1680.1364327784263
B0033,110,3196.015,3.383250579221139,3196.015,1.8889976705304934,6.726555897481672e-05,-1640.730711711227
B0033,118,3183.516,3.3669188788232463,3183.516,1.9102322543360104,6.068288770727849e-05,-1649.7300893838674
B0033,122,3191.516,3.3722882262741325,3191.516,1.8963514295309498,6.254379061704103e-05,-1624.028408627509
B0033,132,3171.36,3.381295063609149,3171.36,1.9585672641473335,7.012097560752375e-05,-1571.7789441613006
B0033,134,3170.843,3.3821712339158805,3170.843,1.9572832344435456,6.894481789540617e-05,-1557.6778813926414
B0033,180,3151.047,3.3619229093944987,3151.047,1.8471266740226868,7.290112004551571e-05,-1452.7795892060492
B0033,182,3159.172,3.36237359603939,3159.172,1.8671703949444942,7.19502742557477e-05,-1457.1232455525935
B0033,204,3099.563,3.3690291392420475,3099.563,1.9981993087869525,7.346328796072545e-05,-1340.1487423205876
B0033,220,3095.687,3.3590524270532605,3095.687,1.8401196811491933,7.721773687369282e-05,-1308.161071219252
B0033,236,3076.484,3.363599615638956,3076.484,1.9534408897799111,7.594315351028363e-05,-1272.4127134668222
B0033,244,3055.828,3.3595402684946842,3055.828,1.9001242255219513,7.20732636174498e-05,-1240.1410114182424
B0033,254,3070.344,3.358051208135681,3070.344,1.7807877780971682,7.625863912524108e-05,-1243.2467625564634
B0033,268,3053.656,3.3583948833503294,3053.656,1.75385880069876,7.865685448939909e-05,-1218.3418898140908
B0033,298,3009.016,3.3571675251434954,3009.016,1.7914848144741025,7.689131081782708e-05,-1150.2647766938537
B0033,306,3011.75,3.358363249861166,3011.75,1.8293764049246997,7.094085374225244e-05,-1136.712624146954
B0033,310,2993.75,3.3607663020944525,2993.75,1.8799745135000576,7.135284970888896e-05,-1126.1009948833832
B0033,312,2998.125,3.359471116284006,2998.125,1.8632410129416257,7.101490904819709e-05,-1124.7893502866257
B0033,338,3011.7339999999967,3.3463231033305707,3011.7339999999967,1.9978451295419197,7.34730211997062e-05,-1104.0755585878737
B0033,350,2985.953,3.9673029925231793,2985.953,1.9233358352697387,,-188.3620152193054
B0033,358,2969.953,3.74372781614108,2969.953,0.9861339962587278,0.0019346294460524023,-378.6911085203943
B0033,364,2976.234,3.3376182329442905,2976.234,1.9860807469381487,7.801793019209674e-05,-1108.3013255334517
B0033,418,2962.609,3.372039212655468,2962.609,1.9584399411299582,7.363443728377273e-05,-1052.0526253044864
B0033,440,2938.547,3.3605555096355038,2938.547,1.8078076221500168,7.360205152305936e-05,-1034.5013178362406
B0033,476,2896.063,3.379780519797374,2896.063,1.982805388419431,8.029986790251373e-05,-1001.0688815234043
B0033,480,2836.609,3.3648038854052915,2836.609,1.8655437173642175,8.138447368304622e-05,-975.3566468899841
B0034,30,3222.188,3.3916477322319585,3222.188,2.170940246075281,6.04387367363198e-05,-1760.8033291025147
B0034,44,3218.25,3.407206655670774,3218.25,2.1659225933828385,6.0905368888914444e-05,-1699.5612480986913
B0034,62,3228.141,3.4004662828480843,3228.141,2.109657199964041,6.128324592157927e-05,-1643.9475516520304
B0034,64,3217.875,3.403080958466392,3217.875,2.1306422513355594,6.118666869501727e-05,-1633.8262721912247
B0034,96,3178.75,3.4127729990150355,3178.75,2.162343975515107,6.308293100967252e-05,-1528.8161203674886
B0034,104,3173.766,3.392200242248716,3173.766,2.165521364045302,6.618778287519484e-05,-1563.7402102648562
B0034,154,3159.281,3.4076622967245966,3159.281,2.184010507272112,6.367637777258725e-05,-1399.274968843777
B0034,160,3129.797,3.4049736944362263,3129.797,2.063136946201327,6.214620145865627e-05,-1335.146117174919
B0034,168,3196.859,3.382500560997391,3196.859,2.19170788700899,6.332015643888918e-05,-1462.1692962721593
B0034,172,3160.8429999999935,3.3929788091549056,3160.8429999999935,2.0630039985317543,6.362112695086388e-05,-1375.754434249539
B0034,184,3141.047,3.3983167205445786,3141.047,2.032509026773449,6.411158180906356e-05,-1339.4295695920416
B0034,194,3120.172,3.4044214192090108,3120.172,2.1256164107912863,6.020141592537e-05,-1285.1113052929995
B0034,198,3110.844,3.408929572366063,3110.844,2.196715966153447,6.101369521710111e-05,-1260.5607468681997
B0034,224,3107.141,3.403483836522725,3107.141,2.0578741386350488,6.623928585947864e-05,-1252.3456009116971
B0034,264,3071.782,3.3956244120578267,3071.782,1.9756647286286777,6.740359754191102e-05,-1199.0069293315523
B0034,288,3028.562,3.398945803298607,3028.562,2.0698222657269465,6.44034085967289e-05,-1146.8971412544743
B0034,326,2986.766,3.395487164367483,2986.766,2.0636905936063763,6.946778851715376e-05,-1094.2329482226053
B0034,360,2988.453,3.4000590460263815,2988.453,2.15288424756184,6.905996620093108e-05,-1076.1644800131642
B0034,366,2950.39,3.3901374196096956,2950.39,2.030057772957424,6.762219203413116e-05,-1055.9779236565255
B0034,374,2936.171,3.3898169556419866,2936.171,2.063176636612858,6.82321810400349e-05,-1041.6494484905743
B0034,422,2957.016,3.381603206447633,2957.016,2.0077745341235347,7.209382001870278e-05,-1012.7106278272954
B0034,444,2917.297,3.385818012946156,2917.297,2.1762844479074928,7.333086982828341e-05,-991.1989490035943
B0034,458,2892.031,3.386411304876094,2892.031,2.1955750105431733,6.805856308823114e-05,-965.7906255997596
B0034,462,2888.719,3.3853753800263027,2888.719,2.198015566541252,6.890070836772298e-05,-964.9967009084193
B0034,482,2829.516,3.3671763894263465,2829.516,1.961659201159055,7.228899797036995e-05,-961.9363308579219
B0036,30,3222.188,3.470195201959517,3222.188,2.6683619850669116,-0.00019872035797723653,-2169.182667121404
B0036,44,3218.25,3.475287699351577,3218.25,2.6506943508802054,-0.00019921156190253088,-2110.0011708527227
B0036,62,3228.141,3.473907031933396,3228.141,2.6336670386490053,-0.00019747111345061292,-2035.3059874803214
B0036,64,3217.875,3.4760652075601253,3217.875,2.663548100827095,-0.00019674136692047144,-2022.8544972508778
B0036,96,3178.75,3.481411230676488,3178.75,2.6837393111584085,-0.00020174947848865978,-1907.7495243824321
B0036,104,3173.766,3.479352276812297,3173.766,2.6761945611553157,-0.00019891206840724545,-1885.6959604832764
B0036,154,3159.281,3.482802133435059,3159.281,2.69728379874788,-0.0001999026912010917,-1770.2730821595676
B0036,160,3129.797,3.4690098564265326,3129.797,2.6270672485920983,-0.0002066601474986519,-1735.8484264882354
B0036,168,3196.859,3.482095041392916,3196.859,2.6173518629094725,-0.000196739360912472,-1770.0589811362054
B0036,172,3160.8429999999935,3.4735829069577515,3160.8429999999935,2.639398647353621,-0.00020333357000997887,-1731.0101932848715
B0036,184,3141.047,3.4748978056910054,3141.047,2.684954312438798,-0.00020506587853930583,-1703.9169891827173
B0036,194,3120.172,3.465854361802759,3120.172,2.628502877540015,-0.00021027846192857723,-1671.6273686945794
B0036,198,3110.844,3.465710420212963,3110.844,2.6612878285284127,-0.0002103597628628294,-1657.804996427331
B0036,224,3107.141,3.46766909408893,3107.141,2.61112320884266,-0.00021266311366076605,-1617.078588010771
B0036,264,3071.782,3.46382578342528,3071.782,2.6705894388847278,-0.00021851081401684307,-1539.2058755244452
B0036,288,3028.562,3.460936325865418,3028.562,2.672431142055385,-0.0002199163116265366,-1489.5916773113138
B0036,326,2986.766,3.454274871932744,2986.766,2.661750337550587,-0.0002267173235458704,-1424.4514152882564
B0036,360,2988.453,3.456542656900933,2988.453,2.623022825320866,-0.00022825298134625707,-1390.5794792528834
B0036,366,2950.39,3.4537654077511846,2950.39,2.6856425973144904,-0.0002314919677721371,-1369.019953244481
B0036,374,2936.171,3.449026045033965,2936.171,2.6641914790243417,-0.00023370454378611596,-1353.5297325916424
B0036,422,2957.016,3.449870661213461,2957.016,2.633671931011382,-0.00023451859502912286,-1319.1559446285974
B0036,444,2917.297,3.450059483960608,2917.297,2.6772635289500464,-0.00023768727806957582,-1284.7240508286202
B0036,458,2892.031,3.4444897117952364,2892.031,2.6439462094074133,-0.00024151855614948142,-1255.1950857789384
B0036,462,2888.719,3.445252909403659,2888.719,2.680823910703161,-0.0002433497067925781,-1255.5809830256007
B0036,482,2829.516,3.443258433637849,2829.516,2.67894320816739,-0.0002488038434731685,-1213.5417416809855
B0038,10,1457.0,3.2011146598082543,1457.0,2.1623047751632316,0.0002167830202432389,-1286.7401978697687
B0038,28,1380.938,3.161347460018915,1380.938,2.164578187429903,0.00022478206960943787,-1217.837505050165
B0038,60,6540.187,3.6139392243174515,6540.187,2.1075006723313274,-7.471040714323516e-05,-2224.2032946209174
B0038,88,6501.718,3.6167632259112006,6501.718,2.1093887147366805,-7.487515516768228e-05,-2121.0137297986253
B0039,10,1457.0,3.5290210250014016,1457.0,2.4872303300157066,0.0004338466575197464,-605.524179158269
B0039,28,1380.938,3.5282608939407707,1380.938,2.498934011647546,0.00047841792314758195,-559.7373103423088
B0039,60,6540.187,3.6455211713700906,6540.187,2.4702283951852175,-7.448064946012924e-05,-2213.0896951338354
B0039,88,6501.718,3.639310178523213,6501.718,2.48916723023537,-7.502673654948553e-05,-2093.360343885957
B0040,42,6558.75,3.622049419991023,6558.75,2.644136217828117,-7.55022276545729e-05,-2231.9668744319974
B0040,70,6528.562,3.6224802575418087,6528.562,2.669669356026842,-7.546091426122888e-05,-2117.9033590875138
B0040,108,3156.563,3.4619795504624093,3156.563,2.6785586854358763,-0.00023912996240545826,-1813.0626014534846
B0041,7,1039.984,4.0355187116434355,1039.984,1.9253389098858817,,-67.39775738432192
B0041,19,1010.765,4.024475259565999,1010.765,1.839446966520227,,-64.95494360107763
B0041,27,1021.079,4.050486744587678,1021.079,1.9477419384591268,,-57.17736267419073
B0041,57,1019.125,4.0486772026987,1019.125,1.9189577261874917,,-57.365504455119144
B0041,59,618.844,3.987337891451254,618.844,1.8900554775200376,,-56.22585085018632
B0041,61,1039.547,4.044136561678347,1039.547,1.8174460639575951,,-54.79823296698631
B0041,119,5528.453,3.3643300945424177,5528.453,1.9641170559105665,6.812097911023264e-06,-1043.3654670113776
B0041,127,5438.157,3.3708539133557527,5438.157,1.9863126768890387,1.711528915432305e-05,-973.1801696043173
B0041,149,5179.062,3.3727607964555286,5179.062,1.9709138772975623,2.4154400462366585e-05,-884.1994688866232
B0055,128,2473.875,3.365523659696575,2473.875,2.4945789390502733,5.4921772995972256e-05,-1241.2234278522888
B0055,150,2409.906,3.3488479010139853,2409.906,2.495919101086891,5.4130652994350065e-05,-1168.7465203341335
B0055,174,2412.25,3.4032103094968864,2412.25,2.4838403700559373,7.472563247931781e-05,-1078.1427059543312
B0055,190,2359.296,3.341948612435922,2359.296,2.4950143445404667,5.599932695013804e-05,-1094.676444113316
B0055,192,2345.453,3.3994343538904026,2345.453,2.496127080556164,7.273477317665311e-05,-1050.9885338099546
B0055,200,2322.156,3.3131388249672247,2322.156,2.4954991257797223,3.5637511486388506e-05,-1102.358018746841
B0056,30,2619.578,3.3457364832275656,2619.578,2.6953260271003012,7.797261346516043e-05,-1451.7712043005454
B0056,44,2556.593,3.3503619116754044,2556.593,2.687185471488668,7.142587413221912e-05,-1389.5337165250442
B0056,62,2604.125,3.352812339869088,2604.125,2.6953073659972815,7.05920499061048e-05,-1371.02737867425
B0056,64,2588.594,3.374303596848275,2588.594,2.6879523256297095,6.491733262332906e-05,-1331.3144264794412
B0056,96,2467.328,3.377358374331344,2467.328,2.697570405713833,6.475873339196121e-05,-1221.364336979169
B0056,104,2559.125,3.3493744607237104,2559.125,2.6966170938157865,5.238938860034969e-05,-1286.5543583387848
B0056,114,2474.344,3.3506050479395073,2474.344,2.698968781686075,5.6202064655864296e-05,-1235.3736680047589
B0056,160,2402.125,3.3844777098636865,2402.125,2.6979607095711318,7.787066207340105e-05,-1129.5336299344942
B0056,162,2355.265,3.3408256322235106,2355.265,2.6834783907862354,4.5219771397364634e-05,-1174.6036478412052
B0056,168,2442.344,3.3409611539612745,2442.344,2.689809371052332,6.419080607773522e-05,-1184.8818950055654
B0056,172,2444.703,3.3371235826921466,2444.703,2.688916524535636,4.6118023769290994e-05,-1205.7667631194233
B0056,184,2373.89,3.3414098071318343,2373.89,2.699727848412594,5.0746081684866944e-05,-1147.4459542367726
B0056,198,2315.407,3.3508758903963645,2315.407,2.680924614006194,5.031938373827819e-05,-1104.9691096711265
B0056,224,2463.578,3.3271853602584223,2463.578,2.6975058053441106,2.4365037262408885e-05,-1179.9170093005057
B0042,16,3121.672,3.5119272359567746,3121.672,2.139145470034486,-0.00015991265454615378,-2246.055610494327
B0042,22,3077.75,3.509373848655514,3077.75,2.1287000635251876,-0.00016351237826630312,-2179.533784046905
B0042,26,3074.875,3.5046118772654116,3074.875,2.0313187007109774,-0.00016374611864873083,-2162.51833584522
B0042,32,3040.75,3.508074728787426,3040.75,2.181544114739576,-0.00016762176557322757,-2108.164911432209
B0042,92,2901.968,3.4857768989088562,2901.968,2.0632481862122884,-0.00019069575582926403,-1800.6243308333912
B0042,110,982.094,2.671214412999543,982.094,2.174009268733748,-0.008451787358927015,-869.9928994778762
B0042,155,608.953,2.7432466596912497,608.953,2.1515100073583078,-0.007912304968326126,-540.8395471365619
B0042,163,1050.406,2.61576064502318,1050.406,2.1996590897894817,,-893.7489929584326
B0042,179,1005.75,2.5697706881943767,1005.75,2.196522899315092,-0.007915913302931406,-825.5843190976929
B0042,183,998.921,2.549890373372947,998.921,2.1297135396833,-0.008034684837526245,-808.4192220877576
B0042,249,5305.156,3.3924931276502392,5305.156,2.1882897882574714,-0.00012947974180818728,-1410.2353054086575
B0042,259,5206.954,3.382913058883946,5206.954,2.1540885607694915,-0.00014291899743938284,-1365.1771495963205
B0043,8,3211.438,3.4940185374934933,3211.438,2.399740066713552,-0.00016447665201701242,-2230.8564153320867
B0043,46,2999.454,3.4969748978677386,2999.454,2.4568566798816054,-0.00018914489522097036,-1880.123814395151
B0043,66,2994.844,3.498085824975238,2994.844,2.4742728824322295,-0.00017734858982856028,-1839.2691318841473
B0043,80,2948.219,3.4906015804101522,2948.219,2.4649257198080514,-0.00016944199516988364,-1751.6063183847261
B0043,84,2913.797000000006,3.484285707517908,2913.797000000006,2.4807762094187127,-0.0001659182504597786,-1713.2988947990132
B0043,86,2900.703,3.4811070895804774,2900.703,2.482626305221594,-0.0001639731698635652,-1697.7164352887728
B0043,90,2914.031,3.4751044596466345,2914.031,2.397470273055264,-0.00015864096323325063,-1688.0192176788903
B0043,102,1055.25,4.0571590296335796,1055.25,2.4576176811598773,,-71.70458942066632
B0043,112,1063.609,4.0358303073734865,1063.609,2.381932819122213,,-83.48756235707435
B0043,119,1039.984,4.038238044394064,1039.984,2.3975988971956834,,-84.31035155527596
B0043,127,1038.375,4.039016472718275,1038.375,2.439654912409003,-0.009546066354277814,-85.06597234487013
B0043,153,990.234,4.048117106628375,990.234,2.3656545996286327,,-72.77832387255887
B0043,169,1019.125,4.026760095683099,1019.125,2.3452670801496267,-0.008967187723000442,-83.99638130275177
B0043,175,1004.328,4.051191449078818,1004.328,2.4837961610187183,-0.008964677503827958,-74.41190013503842
B0043,187,979.203,4.04662199809222,979.203,2.455991331590063,-0.008956099784597198,-74.20049907813541
B0043,209,96.906,3.517134909435146,96.906,2.4643253089090313,,-60.98562268546357
B0043,211,97.015,3.3308466979658498,97.015,2.227174478989743,,-70.2917642264733
B0043,231,5528.453,3.465591847973896,5528.453,2.4995448861629077,-0.000115932803783525,-1505.0282860989792
B0043,243,5402.875,3.4358831885309766,5402.875,2.472999574663348,-0.00013260933742666658,-1420.895667354423
B0043,261,5179.062,3.4195450321625973,5179.062,2.4848489819284896,-9.92750034176886e-05,-1290.3541363765412
B0044,8,3211.438,3.455225677052547,3211.438,2.6433677125804977,-0.00017967336877311864,-2147.397893288028
B0044,46,2999.454,3.4577588847018537,2999.454,2.6538669632174807,-0.00012968105063296896,-1792.5940726915705
B0044,66,2994.844,3.462850573495555,2994.844,2.6829363216833317,-0.00011190820388652763,-1746.1096877671403
B0044,80,2948.219,3.455898543666276,2948.219,2.658317830680757,-9.919891563622788e-05,-1659.169447973694
B0044,84,2913.797000000006,3.452694653937278,2913.797000000006,2.688935729076874,-9.014013068291502e-05,-1622.1142554349426
B0044,86,2900.703,3.4494235583850785,2900.703,2.687761244178016,-8.584129433185146e-05,-1606.5230738856071
B0044,90,2914.031,3.4464363236508926,2914.031,2.668468130193828,-8.327016440297589e-05,-1597.9883006613936
B0044,102,1055.25,4.054818943483504,1055.25,2.5311035775191533,,-58.58177374791214
B0044,112,1063.609,4.058712789171856,1063.609,2.652711478763571,,-60.265854832126905
B0044,119,1039.984,4.060984637180495,1039.984,2.6996320897449855,,-61.21288853329595
B0044,127,1038.375,4.036259706472421,1038.375,2.5457909784374686,,-71.83268850433682
B0044,153,990.234,4.048647775995234,990.234,2.597947039498895,,-60.500213752235254
B0044,169,1019.125,4.028366353886938,1019.125,2.500114336550371,,-71.99833475634908
B0044,175,1004.328,4.024847285360175,1004.328,2.4742429443982785,,-71.72385704765273
B0044,187,979.203,4.020259659355359,979.203,2.4476887634196065,,-71.49462551786047
B0044,209,96.906,3.4710657400965403,96.906,2.48420676655347,,-59.87539641318543
B0044,211,97.015,3.4889263102095542,97.015,2.5492794097929745,,-60.54646191148591
B0044,231,5528.453,3.4382387035909545,5528.453,2.6758389635879234,-8.322561888103224e-05,-1426.1010072903425
B0044,243,5402.875,3.425091148228219,5402.875,2.6889652303475895,-5.354368698884154e-05,-1332.638582518408
B0044,261,5179.062,3.420770509924939,5179.062,2.6884148666237393,-3.689143640165634e-05,-1223.3050588013516
B0045,8,5543.61,3.358646172572514,5543.61,1.969241613952096,1.5149677186903128e-05,-877.8205713116929
B0045,48,5166.812,3.37881379914347,5166.812,1.9915335628511552,2.9740266689988574e-05,-723.2807812330684
B0045,66,4907.859,3.3855430731736664,4907.859,1.9836644140733661,3.6809581517882634e-05,-679.7650852126288
B0045,80,4740.907,3.366360304166582,4740.907,1.9801057444800894,3.1962636856331875e-05,-656.4421978731003
B0045,84,4914.532,3.3422778434987848,4914.532,1.9944009127947364,3.9927051587070525e-05,-652.5842965380215
B0045,90,4890.015,3.357634548884028,4890.015,1.9818085465777886,3.0364584715799978e-05,-684.6098112327468
B0045,102,4670.61,3.358461612325263,4670.61,1.9921664972023339,3.087955173876547e-05,-642.2151678635339
B0045,112,4557.406,3.346491714827564,4557.406,1.9713723245890473,3.5545567019780534e-05,-619.6001998514739
B0045,140,4679.156,3.33930548960382,4679.156,1.9944210992064382,3.1277020984541225e-05,-623.1643101911689
B0045,144,4544.641,3.3451677206996586,4544.641,1.9932621672542286,3.1681045577918274e-05,-602.5059526345608
B0046,8,5543.61,3.4236084358437204,5543.61,2.1796283675041006,-0.00011912730051936536,-1436.363474096416
B0046,48,5166.812,3.375588926043042,5166.812,2.165968185309718,-0.00013489053906907787,-1269.7656983968475
B0046,66,4907.859,3.3607708762635067,4907.859,2.196218583907234,-0.00014861083429487242,-1182.6330602179632
B0046,80,4740.907,3.3446343037059103,4740.907,2.18851427579806,-0.00016532529187805148,-1123.172125456276
B0046,84,4914.532,3.3205030122204913,4914.532,2.1637485824862837,-0.00013657782305786018,-1152.143373475377
B0046,90,4890.015,3.3574536928825296,4890.015,2.1856873619664867,-0.00015211998840323975,-1157.9495851432953
B0046,102,4670.61,3.3437730880700522,4670.61,2.1973084174346607,-0.00017030606257159865,-1089.2260401708982
B0046,112,4557.406,3.3218468956700393,4557.406,2.16713614374112,-0.00017161092220167244,-1048.545000771706
B0046,140,4679.156,3.320592783414084,4679.156,2.1759612427269523,-0.00016938739948257285,-1054.9497942342155
B0046,144,4544.641,3.330058953683156,4544.641,2.1699286892596934,-0.000177735082996917,-1024.1932542047832
B0007,293,3067.203,3.5097089402574495,3067.203,2.113995772639173,-0.00019396945839886086,-2191.8747740529748
B0007,327,3056.437,3.510769869032659,3056.437,2.1421639870693685,-0.00019398004247941623,-2185.8752997370407
B0007,339,3039.047,3.506667352106728,3039.047,2.1295447836320704,-0.00019806035894557081,-2162.7851792756687
B0007,359,3002.641,3.501164715752651,3002.641,2.0874226328484515,-0.0002036245194186163,-2131.297901779988
B0007,370,3002.172000000006,3.5025243992110107,3002.172000000006,2.007722684403967,-0.00020163322883172584,-2139.4603225637184
B0007,402,2956.344,3.495877119417776,2956.344,2.0938572364769055,-0.0002123354741097293,-2086.736191517041
B0007,436,2937.625,3.4929535655988118,2937.625,2.0299415196572554,-0.00021408275537786688,-2077.607757082488
B0007,460,2901.187,3.4864305460738962,2901.187,2.1928976284966537,-0.00022535392848546863,-2024.6112972540082
B0007,484,2891.703,3.4848011389560054,2891.703,2.116759239247948,-0.00022757431369870495,-2017.2849175105919
B0007,488,2883.016,3.4783543796093386,2883.016,2.009424225590032,-0.000230579123709519,-2006.60206968992
B0007,559,2838.156,3.472282321238875,2838.156,2.1840705012733683,-0.0002333888450305899,-1947.716111730806
B0018,14,3404.719,3.537697945111873,3404.719,2.3999481734774424,-0.0001576377713816063,-2451.0401918696075
B0018,17,3417.641,3.5426676045869208,3417.641,2.3851461229395867,-0.00015620309430143894,-2442.553220735874
B0018,35,3370.656,3.544089217049684,3370.656,2.497495633221204,-0.00016182577447428542,-2278.8009988483996
B0018,62,3283.797,3.528970769422983,3283.797,2.4671365731790713,-0.00017708890791735327,-2056.5561950176707
B0018,65,3325.235,3.532274184891982,3325.235,2.4129371999368505,-0.00017052969987660848,-2101.8736238957563
B0018,79,3276.922,3.52782149753447,3276.922,2.491905723274248,-0.00018189554410616575,-1971.9699970843542
B0018,135,3172.735,3.5108038681605738,3172.735,2.389399831578687,-0.00018877845068408528,-1814.1193677961603
B0018,154,3105.265,3.5023865933440717,3105.265,2.3791563087604626,-0.0001856018496384107,-1717.3769140822462
B0018,168,3031.25,3.487696461913461,3031.25,2.3726090777895896,-0.0001603610243071629,-1617.4128013577615
B0018,184,2983.547,3.4842787539766786,2983.547,2.438879997223475,-0.00016021306407177448,-1558.6554775989568
B0018,189,2954.797,3.4837998769798437,2954.797,2.4907267597860656,-0.00015522073125943828,-1530.208199901824
B0018,205,2892.094,3.4724243075964156,2892.094,2.4341986830086237,-0.00014878417304276756,-1461.5502048815747
B0018,213,2912.469,3.471720060423486,2912.469,2.3589340839760866,-0.0001832040232702894,-1476.5927273770162
B0018,224,2884.9839999999967,3.4668548162926327,2884.9839999999967,2.376538319699514,-0.00016717274153594746,-1432.225556959738
B0018,255,2779.5,3.448678293668267,2779.5,2.370892032033162,-0.00013637060262323427,-1311.8633873397039
B0018,264,2873.906,3.471767043833223,2873.906,2.443569395327192,-0.00017910509120328593,-1301.4860407416602
B0018,273,2826.453,3.4617995261549903,2826.453,2.3607989727330003,-0.00017344486529850744,-1333.2125387761178
B0018,287,2766.516,3.448672805179397,2766.516,2.3558347560196564,-0.00015263866175409596,-1277.1298877600384
B0025,34,6442.203,3.4313645327028515,6442.203,1.9099130781506344,1.230121140737316e-05,-2091.9872154929003
B0025,71,6265.969,3.4269654941928014,6265.969,1.8971268658440401,9.167049484248571e-06,-1917.3684617702672
B0026,7,6489.5,3.4453022579697694,6489.5,2.169258771295841,2.1835825415586663e-05,-2187.849708019551
B0026,19,6474.156,3.3957115927794153,6474.156,1.8584184081271529,1.860746258522483e-05,-2132.476221105893
B0026,46,6284.063,3.3483889742885813,6284.063,2.066791178782658,3.2445996602492357e-05,-1859.353676290321
B0026,77,6198.75,3.36795982027173,6198.75,2.094755756018166,2.043986584068488e-05,-1869.835549637223
B0027,7,6489.5,3.425659661801085,6489.5,2.4982363525248754,3.1339880934025325e-05,-2086.864787467485
B0027,19,6474.156,3.3984422668226437,6474.156,2.4232193266263646,3.8391668404561726e-05,-2053.4064763971746
B0027,46,6284.063,3.37740918420803,6284.063,2.444119634453687,2.808178635746467e-05,-1897.7889406568713
B0027,77,6198.75,3.363379171240618,6198.75,2.4249816079125552,9.35171022768919e-06,-1781.5045196381795
B0028,42,6384.75,3.681645387705794,6384.75,2.592227961453642,-4.418194409151305e-05,-2056.8411624701544
B0028,50,6370.937000000005,3.6846266213857537,6370.937000000005,2.6924907199800523,-4.3903181749425835e-05,-1993.7742449748705
B0005,1,3690.234,3.529828668869337,3690.234,2.612467347907089,-0.00015500274429287902,-1273.2448765476347
B0005,21,3530.25,3.5492923197409545,3530.25,2.4724483018527317,-0.00015449454914573754,-1256.7402549477838
B0005,121,3321.188,3.553275652609183,3321.188,2.6127932408838532,-0.00016159431225009735,-2431.402456086159
B0005,133,3327.391,3.5589508510541052,3327.391,2.684431051981017,-0.0001624917143411737,-1219.570832263905
B0005,157,3301.579,3.55833665762162,3301.579,2.674271233724938,-0.00016037522622315448,-2426.3482292452054
B0005,219,3186.297,3.533690170241393,3186.297,2.639895313359579,-0.00015676726570925122,-2253.7339160091337
B0005,227,3167.593,3.5312941932103596,3167.593,2.65935818848874,-0.00015287516242855746,-2230.36623490429
B0005,247,3140.547,3.525556939424902,3140.547,2.6667596238241567,-0.0001434859162146524,-2183.836897147813
B0005,263,3121.672,3.518033864864624,3121.672,2.6479207279724903,-0.0001367364884615972,-2150.2057053388376
B0005,269,3103.828,3.5191466382406653,3103.828,2.6892528956736257,-0.0001353727082044049,-2136.060758188487
B0005,305,3058.578,3.5109885623008097,3058.578,2.693769409137257,-0.00011902930496646118,-2059.9633866157164
B0005,331,3048.219,3.5091908084430012,3048.219,2.671566207861818,-0.00012190270693332026,-2052.328589229594
B0005,414,2937.984,3.491197414255987,2937.984,2.669922120529456,-9.47593035615253e-05,-1905.220657589148
B0005,516,2855.594,3.473439372740963,2855.594,2.637841830893275,-7.293663237756539e-05,-1787.8066666387208
B0005,532,2837.281,3.4726160162875086,2837.281,2.6883611693898826,-6.104769053036835e-05,-1757.0388755727079
B0005,555,2837.969,3.475812179626641,2837.969,2.696427051131168,-6.915855642164618e-05,-1774.169874985883
B0006,28,3470.0,3.565927129610939,3470.0,2.342364523655007,-0.00014926892926987108,-1316.575722620527
B0006,34,3409.484,3.5628243724377704,3409.484,2.369981457799298,-0.0001532783258601064,-1294.0200186898223
B0006,49,3531.578,3.5666817833633124,3531.578,2.218672914041916,-0.00014507128128769087,-1338.1248622777598
B0006,93,3395.219,3.5452650003621513,3395.219,2.403422072720937,-0.00015913776539762034,-2546.981846720146
B0006,101,3368.187,3.529768831133264,3368.187,2.3194299432177345,-0.0001661038058224371,-2489.9044564300116
B0006,117,3331.265,3.5151810230271,3331.265,2.3535104841115886,-0.00017686636703192986,-2419.1138121655167
B0006,129,3311.828,3.509578354212467,3311.828,2.391848815367812,-0.00018241497777872313,-2375.462469898502
B0006,181,3248.593,3.488659224822315,3248.593,2.469127855241356,-0.00020361281785494757,-2269.5933166230143
B0006,285,3086.531,3.4319846140316543,3086.531,2.4794507375590507,-9.338064957103482e-05,-1962.0201082194274
B0006,347,3021.0,3.421883545422635,3021.0,2.4308118485818704,-7.93913597715525e-05,-1911.9897910598422
B0006,426,2929.375,3.4112210448595315,2929.375,2.4078214169511205,-4.2825835367156014e-05,-1790.0644001681237
B0006,452,2900.422,3.4094417183837504,2900.422,2.4296014294774673,-3.47511333781241e-05,-1772.3859713892698
B0006,520,2847.437,3.410318915287337,2847.437,2.4607112018206894,-3.53636546586716e-06,-1668.5411108180094
B0006,528,2837.328,3.4094374435069095,2837.328,2.4999079970509284,3.703622770241539e-06,-1645.0725149059756
B0006,571,2819.437,3.4109006721250408,2819.437,2.434585389303289,1.4890104027199576e-05,-1586.965822083985
B0006,575,2819.579,3.410574414013008,2819.579,2.425682710641569,1.69853188717927e-05,-1579.064349248981
B0006,599,2793.39,3.4148103057455175,2793.39,2.481190011798763,2.9365669678688623e-05,-1507.7815645324815
B0006,603,2793.39,3.4166177332601,2793.39,2.491537251958465,2.9578706384797447e-05,-1515.935147557653
B0006,607,2792.485,3.412134154117175,2792.485,2.40904100737121,2.9402135808539162e-05,-1513.828371423827
B0006,613,2820.39,3.42346877421879,2820.39,2.4160441724133666,2.1887865931272605e-05,-1557.1412859811583
B0007,3,3672.344,3.531949043431708,3672.344,2.1110166987852117,-0.00015059318316314104,-1301.3629866287065
B0007,36,3390.422,3.572496559005355,3390.422,2.1657556124208934,-0.00015073334185803885,-1277.122678876449
B0007,38,3390.281,3.569949202041516,3390.281,2.0270686341513207,-0.0001509087279780446,-1276.2010966533983
B0007,41,3591.734,3.5464338449590023,3591.734,1.905311669649934,-0.00014697569737365666,-1303.444387418398
B0007,69,3412.406,3.571283506748709,3412.406,2.134879000684994,-0.0001485829041253934,-1283.3952786801813
B0007,73,3410.688,3.5679716274891384,3410.688,1.970455493406623,-0.00014884231728823127,-1282.2318012371452
B0007,89,3414.109,3.5694388142217863,3414.109,2.1177799354077496,-0.00014739393651693185,-2575.5475222341656
B0007,105,3368.266,3.5654321677038254,3368.266,2.042987153745025,-0.0001497063994924566,-2536.816873812929
B0007,109,3358.719,3.5622303163451443,3358.719,1.9786162394118947,-0.00015104504067544442,-2527.101914826952
B0007,147,3265.016,3.5561368209569904,3265.016,2.106631526845483,-0.00015730312325201194,-2452.330440762426
B0007,185,3238.766,3.5468147552443767,3238.766,2.0335961968180234,-0.00016155223977638386,-2407.516355494294
B0007,201,3212.469,3.542992511358393,3212.469,2.14041602578448,-0.00016559560336660187,-2370.902935359816
B0007,215,3195.3129999999946,3.53664774020906,3195.3129999999946,2.0744390946376323,-0.0001693358548539488,-2340.5776093075174
B0007,223,3176.438,3.5329852237553405,3176.438,2.1739523632140685,-0.00017201329038970365,-2316.909647990463
B0047,8,5543.61,3.4675514337042963,5543.61,2.465457800547402,-0.00011632194789059146,-1422.5547791491101
B0047,48,5166.812,3.4184685184601085,5166.812,2.4822189935935484,-9.233554018911827e-05,-1204.5354938935486
B0047,66,4907.859,3.402851724115476,4907.859,2.495727313119633,-7.744877570404483e-05,-1109.4972371610131
B0047,80,4740.907,3.38386008180096,4740.907,2.476969143594387,-7.167394720261038e-05,-1052.3715302266658
B0047,84,4914.532,3.3866520851320563,4914.532,2.4790054948940434,-0.00011826043560906227,-1111.645809970201
B0047,90,4890.015,3.4046255046140925,4890.015,2.46837363838224,-9.656355291548377e-05,-1103.7265565141831
B0047,102,4670.61,3.3820792495657535,4670.61,2.477337702429082,-9.984693859591299e-05,-1038.9250267006812
B0047,112,4557.406,3.372956349180094,4557.406,2.4729308126474736,-8.099650759271402e-05,-995.0282552098164
B0047,140,4679.156,3.3821367563282543,4679.156,2.4936019875098454,-0.00011569767890839352,-1018.7350077995743
B0047,144,4544.641,3.3860339727551594,4544.641,2.495823360233662,-0.00013003743957615388,-993.0162691898742
B0048,78,4760.938,3.4086789774100335,4760.938,2.699107325579607,-6.24759120400447e-05,-1071.7116176803734
B0048,100,4733.156,3.3990550922604177,4733.156,2.697244348677796,-8.867162024092857e-05,-1065.6307486485869
B0048,106,4615.86,3.3949285391136215,4615.86,2.6851150517360427,-0.00010228699193550712,-1037.685263047044
B0048,148,4487.438,3.3995579015229374,4487.438,2.686405541586876,-0.0001763998411907485,-1005.3899967487197
B0049,6,3135.344,3.1849796578734795,3135.344,1.9995727928951719,-6.286067948177517e-05,-1983.0040964590685
B0049,20,2627.828,3.221489282822787,2627.828,1.9942412611094629,6.219627742528179e-05,-1260.4517846159013
B0049,38,1741.204,3.055609641333733,1741.204,1.9868911872895965,-0.0014354581159392115,-1022.6327044255396
B0049,58,1708.86,2.963498961574923,1708.86,1.9924291348754952,-0.001524192617663451,-931.6976282255964
B0050,8,3049.781,3.289074154290696,3049.781,2.1942759978640183,-0.00022177529980414287,-2087.6398581511044
B0050,46,1690.594,3.520738945664212,1690.594,2.1295104990476927,4.5182036524064286e-05,-131.64024321833705
B0051,6,3135.344,3.410335381330822,3135.344,2.493737690186406,8.912730022937512e-05,-1601.6261863866007
B0051,20,2627.828,3.391239374171384,2627.828,2.4990630530936326,8.689623798777355e-05,-1142.93488938584
B0051,38,1741.204,3.294970580983946,1741.204,2.4904774374699135,5.5310110731465546e-05,-952.0746852736971
B0051,58,1708.86,3.3119152698386265,1708.86,2.495715251425015,8.968215043631717e-05,-804.3398936234948
B0052,10,4565.859,0.2368976601225321,4565.859,0.22682521043328058,,0.10439382715388293
B0052,18,2705.594,0.3239029429220709,2705.594,0.3218827423030691,,0.15038946054785807
B0052,28,2663.625,0.32336120090005827,2663.625,0.3211377350306882,,0.15032593784932316
B0052,34,1799.25,0.32570262589421967,1799.25,0.3237199275721395,,0.07026907754937672
B0053,100,2326.657,3.051595420919736,2326.657,1.935548354335742,-0.0007740271650808125,-1113.277355703743
B0054,10,2786.578,3.362083204238267,2786.578,2.1744802077788186,8.418853439341637e-05,-1399.7654418128525
B0054,18,2446.062,3.099558518903638,2446.062,2.186961493066742,-4.9512402029697174e-05,-1526.984445254543
B0054,28,2673.0,3.3713317734388917,2673.0,2.1907481286563577,9.008212407269471e-05,-1300.886687399906
B0054,34,2621.187,3.375236776957367,2621.187,2.169486415611112,8.187139166975997e-05,-1256.4167705032355
B0054,60,2593.531,3.125560608773258,2593.531,2.1957368370641035,5.529323185716388e-07,-1423.2215642083534
B0054,88,2459.297,3.1210429549807133,2459.297,2.192446180613871,1.0730058388301263e-05,-1268.7939324062993
B0054,156,2395.75,3.059197039764699,2395.75,2.189593119391126,-5.661424616760611e-05,-1208.5134907145998
B0054,158,2410.688,3.060695123096375,2410.688,2.1801159908061365,-3.0808581502594944e-05,-1193.8439113752752
B0054,208,2329.375,3.0516041952252313,2329.375,2.173598497548058,-3.625769792883093e-05,-1086.7570044173626
B0054,212,2317.453,3.231306720712415,2317.453,2.193241046616703,5.853295538634767e-05,-976.516182635148
B0054,228,2400.672,3.07220650104062,2400.672,2.199607761547385,-2.419940124823415e-05,-1092.2130106139346
B0054,230,2396.407,3.1172532303623326,2396.407,2.1991241347308157,1.7811398395522165e-05,-1050.4429420811055
B0054,242,2363.047000000006,3.0484743542266397,2363.047000000006,2.1933054601044173,-1.1062595585211305e-05,-1038.967441832772
B0055,42,2532.531,3.3751298920141566,2532.531,2.4950345179419164,7.579198561923371e-05,-1335.0052613132898
B0055,70,2555.453,3.40438229399094,2555.453,2.4877631392866095,6.695803589576969e-05,-1285.0824573335417
B0055,74,2536.172,3.4104196380737424,2536.172,2.482550786926367,7.042419070477673e-05,-1253.1049310374126
B0055,108,2534.156,3.3325855783245872,2534.156,2.497690135885909,4.408172301602917e-05,-1277.5485414619777
B0055,124,2488.719,3.353357049023895,2488.719,2.497355535023157,4.466492389845546e-05,-1285.6994990735136
B0029,7,1697.688,3.394696317253663,1697.688,1.8534777499421093,-0.0004910671087510513,-2387.1574420030674
B0029,13,1678.563,3.39702606751147,1678.563,1.9392366668780092,-0.0004917338166785349,-2357.7380685582752
B0029,19,1654.328,3.403083405644377,1654.328,1.93249158993614,-0.0005016245650555821,-2281.924184640177
B0029,27,1648.672,3.3978270130572263,1648.672,1.8385968486453488,-0.000505162587564708,-2237.145563273385
B0029,57,1595.0,3.3964600619580336,1595.0,1.9069490533352143,-0.0005384369410244361,-2019.5653883948694
B0029,61,1612.422,3.3953349055125517,1612.422,1.9996278665665834,-0.0005337437753941643,-2032.8131057158748
B0029,77,1568.281,3.390692269396658,1568.281,1.869562035017659,-0.0005630140081428795,-1907.050366004537
B0030,5,1705.906,3.381867202848237,1705.906,2.1657237815883463,-0.0005212943832600312,-2312.999394565991
B0030,9,1686.094,3.3832377252236276,1686.094,2.12524665517798,-0.000532532384048102,-2258.292038460519
B0030,17,1666.093,3.3870818472938695,1666.093,2.173948548947525,-0.000534251506779821,-2205.5913722075375
B0030,37,1638.422,3.375492904033758,1638.422,2.056845844411806,-0.000538410596922775,-2117.5365265929186
B0030,65,1592.187,3.384469582746081,1592.187,1.9853664248869802,-0.0002009325137394569,-1901.8709740170539
B0030,75,1574.469,3.3829900622676163,1574.469,1.9452863886535996,-0.00018582640002396823,-1846.0324883062758
B0030,79,1561.422,3.3813241868366952,1561.422,1.9272509897554042,-0.0001770085961491046,-1817.3482273867835
B0030,85,1573.734,3.382718302752804,1573.734,2.0447593292567268,-0.0001822332138876241,-1818.6739941941696
B0031,1,1572.359,3.3729664490249562,1572.359,2.4944372580491163,-0.00047542219081953376,-2182.6290658053617
B0031,21,1643.812,3.420480701190783,1643.812,2.4195090802038206,-0.0004962806770918606,-2250.6327737770685
B0031,25,1652.266,3.412333261548998,1652.266,2.3489668209281325,-0.0004953500642422334,-2245.1724940018494
B0031,87,1566.578,3.418901442748631,1566.578,2.3136169782429055,-0.0005348314966656715,-1923.3505098284888
B0032,33,1622.016,3.357923832238964,1622.016,2.670098200587867,-0.0006273614142372863,-2124.291830155937
B0032,43,1622.016,3.352033498067153,1622.016,2.6091385279000474,-0.0006326387163267443,-2080.437717453699
B0032,45,1616.25,3.3560881930374964,1616.25,2.6928273258727593,-0.0006404223572874735,-2055.962647492687
B0032,51,1619.656,3.350888760453383,1619.656,2.622656733898926,-0.0006425779614058081,-2039.596843404674
B0032,53,1605.484,3.3519490391486677,1605.484,2.6579673401898325,-0.0006510638641891042,-2013.3737451727081
B0033,4,3260.531,3.71799530446616,3260.531,1.9816234331870684,0.0004895890741676035,-836.6540849206327
B0033,24,3226.078,3.3333097880411104,3226.078,1.9889951350881314,7.075967317583073e-05,-1934.7765022187975
B0033,40,3225.125,3.3654741602580107,3225.125,1.9194841380159542,6.532312333732822e-05,-1885.052118261543
B0033,56,3252.985,3.3523121183123097,3252.985,1.9044972660711088,5.3473793087792977e-05,-1867.8628731418514
B0033,72,3210.546,3.3723126983941945,3210.546,1.853794752061886,6.652480493871082e-05,-1747.1773421134662
B0033,120,3183.797,3.3760336978502687,3183.797,1.9518631378335147,6.436495052893907e-05,-1623.553264728727
B0033,136,3164.672,3.3795623822599725,3164.672,1.916168037790613,6.798519952700404e-05,-1558.4466838964033
B0033,176,3141.203,3.3686183095745204,3141.203,1.898472277042985,7.315320467254121e-05,-1436.887309410676
B0033,188,3117.984,3.3632359535533873,3117.984,1.8767034375876257,7.337541018167057e-05,-1391.9332819605638
B0033,196,3116.641,3.3647328172276576,3116.641,1.9242052922698998,7.498709992050823e-05,-1364.0627729093417
B0033,206,3104.64,3.365238572414162,3104.64,1.9676969517090999,7.206836614957911e-05,-1337.2380645791882
B0033,232,3064.437,3.3605316490849226,3064.437,1.921681538108464,7.290594321987266e-05,-1266.7961419111919
B0033,234,3083.25,3.354749392983259,3083.25,1.7788153560287199,7.790614204043685e-05,-1278.6915213373647
B0033,258,3054.812,3.3612447904951006,3054.812,1.8780478013995328,7.080892122747815e-05,-1214.661626354177
B0033,284,3046.125,3.373391130621017,3046.125,1.9774094380313447,6.945491178812185e-05,-1187.9167582252899
B0033,290,3020.984,3.3615580072526696,3020.984,1.8460476497404992,7.588341801977443e-05,-1166.7177218959446
B0033,372,2946.969,3.3571373711093684,2946.969,1.9644189853209997,7.423674947959397e-05,-1078.1573021577174
B0033,382,3023.859,3.342644131880223,3023.859,1.8528656809384136,7.089393237614125e-05,-933.3223812163042
B0033,398,3037.875,3.3555764274299107,3037.875,1.793120582655924,7.928491788238689e-05,-1131.4352040662789
B0033,424,2973.281,3.3636193969648582,2973.281,1.7715995765672343,7.451040862022536e-05,-1064.027912983506
B0033,430,2942.797000000006,3.366639210990064,2942.797000000006,1.846857607499265,7.199558378291809e-05,-1037.116725339938
B0033,446,2918.938,3.3597145615560073,2918.938,1.781542687267246,7.52639839738582e-05,-1021.5943850567721
B0033,456,2894.14,3.3647395351261378,2894.14,1.8652024206914875,7.687119789585761e-05,-999.0445682739957
B0034,6,3265.75,3.329499141296093,3265.75,2.1716683590196997,5.170743389562283e-05,-2029.8188730101926
B0034,12,3242.578,3.3696920354820845,3242.578,2.177479814637099,6.321518206111859e-05,-1889.908393317334
B0034,20,3236.125,3.3791099564139206,3236.125,2.159913301643853,6.173667687213494e-05,-1829.1814094408385
B0034,36,3215.859,3.403051791482093,3215.859,2.188496149834977,5.87234585900491e-05,-1719.4580449495738
B0034,58,3245.25,3.3938481398345903,3245.25,2.1142806141482584,6.110571435665263e-05,-1695.6157629135075
B0034,68,3220.219,3.4070525055582577,3220.219,2.1787867991793113,6.134264509203275e-05,-1624.9601548254343
B0034,76,3188.625,3.4097644360635218,3188.625,2.153621018125857,6.205819409724311e-05,-1556.8832723817816
B0034,82,3190.313,3.4102489283524564,3190.313,2.110862355108561,6.233190632817951e-05,-1545.5459043310943
B0034,94,3194.735,3.4055246588869936,3194.735,2.011759892668098,6.539874380593908e-05,-1552.300083544636
B0034,98,3165.359,3.4159307513752784,3165.359,2.1921995805381784,6.0877584668082754e-05,-1485.2745187808769
B0034,116,3198.0,3.3502911943233937,3198.0,2.0513249674406295,5.5448130669368245e-05,-1607.6899506891004
B0034,142,3172.375,3.3987236708202486,3172.375,2.015578277968309,6.689346065062394e-05,-1445.575901219182
B0034,146,3141.578,3.407631378055527,3141.578,2.177635067318021,5.873582764235686e-05,-1376.8743483831195
B0034,152,3157.969,3.4003875411941866,3157.969,2.0235981843621835,6.435974765080381e-05,-1404.6131367767289
B0034,164,3161.89,3.358077428793582,3161.89,2.120762756881349,6.557296762029819e-05,-1465.4685684958754
B0034,186,3135.0310000000027,3.3985395120761073,3135.0310000000027,2.0100958477489637,6.047233713706534e-05,-1308.3066983531621
B0034,210,3093.25,3.401258548487897,3093.25,2.047929270109934,6.417469801182277e-05,-1243.4603131730846
B0034,218,3088.328,3.4027761465827293,3088.328,2.080780257241255,6.470266902034358e-05,-1232.168958376251
B0034,294,3017.391,3.391737208946976,3017.391,1.9665760341302796,6.679195809944716e-05,-1144.188417661196
B0034,362,3001.235,3.3987353103697178,3001.235,2.175170885643991,6.919261891551045e-05,-1090.7750052603874
B0034,370,2941.719,3.384491407449841,2941.719,1.9600053057358238,6.929522750616864e-05,-1052.2751826729057
B0034,402,2996.922,3.3873478555743044,2996.922,2.126944667717326,6.634740254476816e-05,-1056.6691699382802
B0034,416,2967.2810000000027,3.3856540718379153,2967.2810000000027,2.076505393409293,6.946108936951703e-05,-1030.039660771376
B0036,6,3265.75,3.4699576163352286,3265.75,2.662489466857697,-0.00019344109039260533,-2319.7841902705873
B0036,12,3242.578,3.46366772628747,3242.578,2.6678994227263173,-0.00019746582025567083,-2262.2580238650153
B0036,20,3236.125,3.465990459572376,3236.125,2.643495320901669,-0.00019829300386921454,-2222.182752720829
B0036,36,3215.859,3.4742268980191806,3215.859,2.6821176155277855,-0.000198547354608863,-2137.1767810566544
B0036,58,3245.25,3.4750535971066014,3245.25,2.6240374089622858,-0.00019500533981472727,-2063.984558045425
B0036,68,3220.219,3.4762696586688846,3220.219,2.645759955186599,-0.00019731251023545794,-2016.0823055256046
B0036,76,3188.625,3.4751627339527484,3188.625,2.6876812013759497,-0.00020021273285189575,-1966.8058194272442
B0036,82,3190.313,3.475057563311369,3190.313,2.6519664988321767,-0.00020074627238361308,-1952.927667533501
B0036,94,3194.735,3.483370799287765,3194.735,2.6704116794436663,-0.00019773515307519387,-1922.6667230008193
B0036,98,3165.359,3.4750001030504984,3165.359,2.654784886935533,-0.00020283568441226976,-1890.3816637234456
B0036,116,3198.0,3.481761447167764,3198.0,2.6612712387136295,-0.00019389690707533494,-1881.3662865068868
B0036,142,3172.375,3.4813626313858914,3172.375,2.6672344803975685,-0.00019998357108176582,-1804.4198542322208
B0036,146,3141.578,3.473675852182668,3141.578,2.6888969070187216,-0.00020345054961691577,-1772.6501000506325
B0036,152,3157.969,3.476844269698795,3157.969,2.652977190328466,-0.00020107726866049408,-1774.4238230529868
B0036,164,3161.89,3.4757008802735125,3161.89,2.681073460503821,-0.0001965438676619861,-1753.0004102285457
B0036,186,3135.0310000000027,3.4681321353973544,3135.0310000000027,2.6296325002671597,-0.00020678755244405984,-1693.6579763160034
B0036,210,3093.25,3.461129582015306,3093.25,2.6362266436030413,-0.00021333735345557887,-1627.8400359164896
B0036,218,3088.328,3.4619323762511636,3088.328,2.6699754309728454,-0.0002157574455487365,-1614.5422330591466
B0036,294,3017.391,3.460143206856449,3017.391,2.697829479340451,-0.0002206110959094469,-1475.5029268282578
B0036,362,3001.235,3.4628365767349223,3001.235,2.638877668106794,-0.00022410215562770674,-1400.1469061139699
B0036,370,2941.719,3.4500406564088517,2941.719,2.68786797873656,-0.00023259750344605697,-1360.659563100046
B0036,402,2996.922,3.4597555835668237,2996.922,2.662872873818505,-0.00022646904309117592,-1357.5946127257878
B0036,416,2967.2810000000027,3.4561756716228116,2967.2810000000027,2.6584363442335084,-0.00023060647749683716,-1328.658416502296
B0038,78,6532.015,3.6125287354843483,6532.015,2.103101288221301,-7.486154962605879e-05,-2154.0409817677896
B0038,100,3162.047,3.438902336521698,3162.047,2.1594623220347016,-0.00023411878794786436,-1928.1213888911593
B0038,106,3169.844,3.437030893089324,3169.844,2.0028176202456365,-0.00023602573863194842,-1920.4531550763622
B0039,78,6532.015,3.6405822186622343,6532.015,2.487866062972102,-7.477546631929823e-05,-2135.1124199338915
B0039,100,3162.047,3.470841442961558,3162.047,2.4729033909981424,-0.00022229448799924057,-1855.6924724825863
B0039,106,3169.844,3.4700659528131177,3169.844,2.4529055944220666,-0.00022780945766086245,-1821.915431074653
B0040,8,1468.172,3.4348636528845415,1468.172,2.675172001926867,0.0003500185088873374,-895.7270652220376
B0040,48,6430.172,3.6293619079133146,6430.172,2.6812131139529,-7.500244547401163e-05,-2198.0253599768616
B0040,66,6544.078,3.621303558836113,6544.078,2.650918288963567,-7.540519855446977e-05,-2140.202853330217
B0040,80,6527.922,3.6207274545580006,6527.922,2.659441128426158,-7.571068003637409e-05,-2080.7721021547172
B0040,84,6510.063,3.6223530356435982,6510.063,2.686333486141192,-7.572590518306924e-05,-2062.562558160648
B0040,90,6509.047,3.620827200366948,6509.047,2.6426430588133014,-7.580902753959234e-05,-2046.6074831386104
B0040,112,3142.312,3.4604347498617742,3142.312,2.6631019561941023,-0.00024109907517131139,-1791.5612400024868
B0041,107,5703.296,3.354176064130332,5703.296,1.9980483774045472,-1.7494401663282877e-05,-1226.2247473097289
B0041,125,5461.922,3.368210631607209,5461.922,1.9654140118768377,1.6899867251842144e-05,-986.525337427465
B0041,139,5284.547,3.357682549706657,5284.547,1.9730383300739132,1.4773503877757805e-05,-921.0608889238401
B0041,159,5078.937,3.3571560938046208,5078.937,1.9757714925691652,2.5008151080416652e-05,-863.3421712278862
B0055,132,2495.5,3.3657531038090434,2495.5,2.497451626540361,6.217801574977155e-05,-1225.7102987125572
B0055,134,2481.078,3.3849405998756676,2481.078,2.494771530909891,7.103541725387925e-05,-1198.2892209928677
B0055,180,2392.468,3.3553714698756965,2392.468,2.497475666164784,6.194813964944737e-05,-1103.42581257358
B0055,204,2335.0,3.361184494584017,2335.0,2.4987692806726884,6.386544013838827e-05,-1053.7445334401689
B0055,220,2479.297,3.245338405465745,2479.297,2.4949438751160398,-1.1660675558023827e-05,-1201.3618357502962
B0055,236,2373.687,3.4091500642055768,2373.687,2.4987682908191466,8.382198207957003e-05,-998.8214783023576
B0055,238,2385.922,3.3180695715040156,2385.922,2.4975933279193185,4.898204404159859e-05,-1061.1621472718548
B0055,244,2316.687,3.330593214259215,2316.687,2.4945849403498523,4.5938531573888565e-05,-1034.3360721459246
B0056,10,2786.578,3.3440304550291233,2786.578,2.6980823652266586,7.485029520119319e-05,-1549.0202955314837
B0056,18,2446.062,3.305110394982169,2446.062,2.6937716432028966,5.1969990777975074e-05,-1520.7489355551122
B0056,28,2673.0,3.3637533511944127,2673.0,2.690491235069901,7.667475910438881e-05,-1441.8439305810623
B0056,34,2621.187,3.3697897239570316,2621.187,2.6980104623652483,7.613373525733407e-05,-1391.6436527832234
B0056,60,2593.531,3.3465295769688748,2593.531,2.6814059367851253,5.870671257403066e-05,-1405.2218752034141
B0056,88,2459.297,3.3557575820903947,2459.297,2.6894641263415138,6.183849891346824e-05,-1262.7159628458523
B0056,156,2395.75,3.340217809060052,2395.75,2.6874437664677444,5.1176566077216114e-05,-1192.992953014797
B0056,158,2410.688,3.3606706640426607,2410.688,2.699800435335948,6.898844680757989e-05,-1163.2182989385042
B0056,208,2329.375,3.3393468534407282,2329.375,2.690672584400043,5.182956218361978e-05,-1094.0656835179777
B0056,212,2317.453,3.3812012722862517,2317.453,2.6850453196446673,6.947360087705271e-05,-1043.7963979132094
B0056,228,2400.672,3.334167607528491,2400.672,2.6932891744671807,3.418514890749454e-05,-1135.244029033284
B0056,230,2396.407,3.365665277655787,2396.407,2.680335373836448,5.479953119704237e-05,-1088.4826125116156
B0056,242,2363.047000000006,3.353826448394159,2363.047000000006,2.6980124491519586,6.2885096424153e-05,-1050.147354703117
B0042,42,3017.578,3.5056874475759345,3017.578,2.187174985653482,-0.00017143320707922554,-2050.498677387496
B0042,50,3054.859,3.5037983873679273,3054.859,2.0832977472531726,-0.00016933682947657824,-2042.274148000757
B0042,70,2975.1100000000006,3.5012786593988174,2975.1100000000006,2.043267705708337,-0.0001793970870493624,-1921.1825285969098
B0042,74,2955.484,3.493499361679633,2955.484,2.009457332273357,-0.00018307614620389663,-1888.7457958409764
B0042,108,991.172,2.6791157950874167,991.172,2.1626004782242956,-0.008330471925905532,-883.5200806377875
B0042,139,1021.079,2.60943719618572,1021.079,2.141111284495936,-0.007588389164116926,-859.7522201388756
B0042,159,575.922,2.7196900123400436,575.922,2.194439659521147,-0.008033825238581562,-503.04513789153935
B0042,167,1040.75,2.58944728143655,1040.75,2.1361070306368717,-0.007614545611286236,-873.8508140977083
B0042,173,1039.547,2.5703065006615917,1039.547,2.122954770697664,-0.007970383413839918,-856.5065375842659
B0042,195,810.563,2.568766160962962,810.563,2.1913163423875845,-0.008580153718269342,-649.2249459234324
B0042,207,109.094,3.102016459243783,109.094,2.137070814591814,,-91.34074287221522
B0042,239,5438.157,3.4040611072806466,5438.157,2.124079082604729,-0.00012825721486175372,-1466.3268518387551
B0042,251,5284.547,3.389283502389413,5284.547,2.1285029465259013,-0.00013941166938109614,-1398.6502211885609
B0043,4,3289.406,3.4897388185035054,3289.406,2.4612810169393184,-0.00016068572207792402,-2280.056458869015
B0043,40,3030.25,3.4993157107183785,3030.25,2.4489169685849195,-0.00018458415859622565,-1972.280059250757
B0043,56,3030.0,3.5026578112868982,3030.0,2.427559147580718,-0.00018793271151034023,-1905.1376683587962
B0043,72,2953.219,3.496873891743175,2953.219,2.4291754256355516,-0.0001898014491639811,-1803.9021956855365
B0043,151,999.422,4.027129856353761,999.422,2.3625240054533236,-0.00939342008688757,-83.99508385860975
B0043,171,618.844,3.9942222633789237,618.844,2.474574662858291,,-73.61989159073248
B0043,193,971.516,4.045020633492669,971.516,2.4401050698854356,-0.008970790198506438,-73.9487003708871
B0043,197,599.047,3.9800713349632284,599.047,2.3818713355998336,,-72.58606282925308
B0043,203,109.17099999999999,3.4366476653788816,109.17099999999999,2.3642680452849265,-0.009178024381878879,-71.96918452333524
B0043,271,5078.937,3.4086242115370156,5078.937,2.485517355170574,-8.357667308641613e-05,-1234.7556923448215
B0044,4,3289.406,3.4528242393278124,3289.406,2.6852515353168815,-0.00017225905364734028,-2194.85984251308
B0044,40,3030.25,3.4592254642036453,3030.25,2.6456088379984415,-0.0001361652737900074,-1883.9634337384718
B0044,56,3030.0,3.4682443755783012,3030.0,2.687370056924405,-0.000123175345004885,-1812.241826144536
B0044,72,2953.219,3.4567536825256324,2953.219,2.6382065057381183,-0.00011459027909948406,-1702.0835126478732
B0044,151,999.422,4.027030974078611,999.422,2.502902423851419,,-71.80141934130793
B0044,171,618.844,3.966251521637914,618.844,2.463640728476522,,-71.64445261811863
B0044,193,971.516,4.0481901353277605,971.516,2.690051793810678,,-61.64833704966832
B0044,197,599.047,3.9963383264159487,599.047,2.6522914416676375,,-61.33338421698642
B0044,203,109.17099999999999,3.5662543456123474,109.17099999999999,2.6459302194913836,,-61.51254583629735
B0044,271,5078.937,3.4139726333380005,5078.937,2.687825351809013,-3.0437151488752776e-05,-1175.889119530072
B0045,4,5650.265,3.3437105624193237,5650.265,1.9875972636980002,1.2447084371364917e-05,-948.0012868454517
B0045,24,5369.703,3.381799182114607,5369.703,1.9640518711887227,2.6213602769337046e-05,-793.1660534166796
B0045,40,5280.031,3.3821042184165395,5280.031,1.9760075772645442,2.8054815529343542e-05,-762.2133379092267
B0045,56,5051.172,3.3779346242690615,5051.172,1.9840988185168291,2.9000885111058374e-05,-703.6827303563684
B0045,72,4866.25,3.37794278508875,4866.25,1.971779249329659,3.621370602903012e-05,-667.2162941917727
B0045,120,4448.36,3.3563090390508163,4448.36,1.9690947658783289,3.746007996777654e-05,-596.8078883392056
B0045,126,4416.547,3.3485112290539623,4416.547,1.965197509539028,3.603430977359634e-05,-602.2351972376108
B0045,136,4746.5,3.3368580984170784,4746.5,1.9759474231215746,4.308615297549541e-05,-587.646105055896
B0045,176,4553.031,3.359056659653676,4553.031,1.9881721268958945,3.953194868148041e-05,-570.1823680418514
B0046,4,5650.265,3.425254558678005,5650.265,2.1744736968146285,-0.00011245124099616199,-1471.6487190521814
B0046,24,5369.703,3.4053446368244606,5369.703,2.183328288428697,-0.00012408102593361401,-1363.4749994970616
B0046,40,5280.031,3.397693116152038,5280.031,2.198419108542039,-0.0001328077285907456,-1318.9251124476368
B0046,56,5051.172,3.373037777168812,5051.172,2.1705625280743464,-0.00014764927720655515,-1231.8179762273844
B0046,72,4866.25,3.3477146666996154,4866.25,2.1947559967284405,-0.00014918847153376242,-1164.6606982707758
B0046,120,4448.36,3.3259856996727186,4448.36,2.1988382142547396,-0.00017778168840811847,-999.4632522488772
B0046,126,4416.547,3.317044101730304,4416.547,2.1595222389378317,-0.00018287901348147453,-1003.6059136141341
B0046,136,4746.5,3.2963331961890043,4746.5,2.1989086411312972,-0.00015412390605007778,-1064.0387676804355
B0007,269,3103.828,3.517222788443016,3103.828,2.186737546753024,-0.00018718399812313156,-2230.838903614578
B0007,305,3058.578,3.509506492049283,3058.578,2.1621122251410005,-0.00019502850894337695,-2177.9234911423428
B0007,331,3048.219,3.50804494279531,3048.219,2.093098662464846,-0.0001954049297810651,-2177.2471039150546
B0007,414,2937.984,3.49208824531703,2937.984,2.0758803797636745,-0.00021620008874966403,-2070.1425197889153
B0007,516,2855.594,3.47481272321405,2855.594,2.1147331324879475,-0.00023962004015154418,-1970.3056419385164
B0007,532,2837.281,3.4681834238959355,2837.281,2.116470909151213,-0.00023430301851423861,-1945.2358444292452
B0007,555,2837.969,3.474362108592906,2837.969,2.19135439601875,-0.00024403893087020007,-1955.9118798260404
B0018,2,3434.891,3.527546226327258,3434.891,2.4721608434600437,-0.0001598262703235608,-2529.143842045621
B0018,10,3410.375,3.538246596159439,3410.375,2.394395968141027,-0.00015731071622439687,-2478.889776424636
B0018,29,3404.141,3.543133206790044,3404.141,2.377432309524995,-0.00015791925816078248,-2363.722970360017
B0018,47,3339.969,3.541251093602656,3339.969,2.496331992137246,-0.000167010589497598,-2177.997200847704
B0018,71,3305.218,3.533535274219929,3305.218,2.4650908929255406,-0.00017542855373946795,-2032.299114956634
B0018,93,3230.734,3.5172171594543338,3230.734,2.4985039496028567,-0.00015683792166387679,-1859.0127815010235
B0018,101,3250.75,3.5161066997163926,3250.75,2.317647291087635,-0.00018610567623576218,-1902.4178991435233
B0018,103,3239.344,3.5190100682545924,3239.344,2.492394514304757,-0.00017979410358843323,-1860.3579758793962
B0018,129,3209.5149999999994,3.5185191998378444,3209.5149999999994,2.323665882820083,-0.00018417247120856294,-1882.384437126124
B0018,131,3196.125,3.5190801794284585,3196.125,2.488054079510012,-0.00018807082167773332,-1846.5292918780847
B0018,156,3091.25,3.5036934938850472,3091.25,2.4776158338943337,-0.0001688918762188298,-1695.8893636876533
B0018,158,3076.703,3.498994846204809,3076.703,2.4205549690097223,-0.00017017457280779576,-1679.4544531531058
B0018,191,2945.735,3.4787540756450483,2945.735,2.3678328028644775,-0.00016713877536009075,-1528.4480173718566
B0018,199,2921.031,3.4746009100035207,2921.031,2.420200016704328,-0.00015584374757238577,-1497.4804166357308
B0018,208,2886.921,3.471751102262538,2886.921,2.497859027600416,-0.00013611805650871469,-1446.2365637214623
B0018,228,2864.11,3.463887822344869,2864.11,2.361475505115684,-0.0001593225258204036,-1409.6856517556637
B0018,285,2776.391,3.4502191781217837,2776.391,2.3475608877759067,-0.00015348746329884322,-1284.9657473397058
B0018,308,2777.844,3.4552290080443058,2777.844,2.3471092023857154,-0.00016503055774141505,-1260.6404836595066
B0025,5,6516.219,3.4067357604110775,6516.219,1.8939610306669548,1.7789119411468098e-05,-2253.37822091004
B0025,9,6471.25,3.4256852266762543,6471.25,1.9612044915457982,1.4342192152292661e-05,-2220.754085294884
B0025,30,6431.219,3.4061977189259807,6431.219,1.7970500760271888,1.2591991669968187e-05,-2098.110992887716
B0025,54,6346.156,3.4132901615723323,6346.156,1.6755342791432475,9.6560735454792e-06,-1993.9139659822097
B0025,65,6352.843,3.4103062616510496,6352.843,1.8891035060983299,1.0748996136255069e-05,-1955.1836983925116
B0026,24,6448.907,3.4290052342029855,6448.907,1.935441772448038,1.965556736837669e-05,-2097.9491351273446
B0026,40,6398.907,3.4457210478614786,6398.907,1.9640553148703692,1.556467742997961e-05,-2021.9878577834197
B0026,56,6328.172,3.427930891545978,6328.172,1.8588013920189892,1.4306403943375505e-05,-1966.9307886433255
B0027,24,6448.907,3.4077562954544915,6448.907,2.4281027036480562,2.7987986121103518e-05,-1999.9654748221199
B0027,40,6398.907,3.40190803929613,6398.907,2.39789040439265,2.8368684406694932e-05,-1942.9058001036
B0027,56,6328.172,3.395270569622428,6328.172,2.378335964879865,3.3020296337340916e-05,-1880.0378836705738
B0028,11,6466.672,3.6822366580622146,6466.672,2.655983638577288,-4.454494685968992e-05,-2211.9603098043854
B0028,15,6410.672,3.6730621916612125,6410.672,2.5587601304544574,-4.24919028671441e-05,-2170.028003954645
B0028,22,6460.75,3.6829104616020163,6460.75,2.692955180725203,-4.308714704821896e-05,-2164.132262792689
B0028,26,6447.125,3.6823376400116765,6447.125,2.599501054239839,-4.333805085079213e-05,-2135.9278654967393
B0028,52,6359.812,3.6832544826548084,6359.812,2.6173421756941537,-4.3874914879629025e-05,-2021.395466170975
B0005,3,3672.344,3.5373201277859696,3672.344,2.587208728940726,-0.00015310614567696875,-1268.5789436786395
B0005,36,3390.422,3.5591189041401865,3390.422,2.4942396831720126,-0.00015652736492202432,-1242.920737658108
B0005,38,3390.281,3.5578867718465084,3390.281,2.4556793246645583,-0.00015681430693016796,-1242.4667519521076
B0005,41,3591.734,3.5520375235511934,3591.734,2.632142800798914,-0.0001501827800669073,-1272.8556692143031
B0005,69,3412.406,3.5595880635942723,3412.406,2.547109116468133,-0.00015417575810204416,-1249.9336953508675
B0005,73,3410.688,3.556833231052199,3410.688,2.471314764334132,-0.00015474390045345927,-1249.2452374752468
B0005,89,3414.109,3.5618707827727394,3414.109,2.6312552691827045,-0.0001531119631451228,-2516.8291334377436
B0005,105,3368.266,3.5597237883937978,3368.266,2.658447162110498,-0.00015746839918395305,-2471.7747345358775
B0005,109,3358.719,3.559061771422035,3358.719,2.6979426084271156,-0.00015839330617106653,-2456.3851120922304
B0005,147,3265.016,3.549003180550162,3265.016,2.670544734728978,-0.00016748617242251862,-2377.0317957593643
B0005,185,3238.766,3.5446296538834283,3238.766,2.650495153350403,-0.00016680219590612877,-2339.07403110351
B0005,201,3212.469,3.5411956687990602,3212.469,2.6582230344240045,-0.00016249797770947862,-2301.1670282711743
B0005,215,3195.3129999999946,3.539286269889121,3195.3129999999946,2.69017866510873,-0.0001536884085764025,-2264.1056493387828
B0005,223,3176.438,3.534367734544493,3176.438,2.68991452927918,-0.00014977237880940323,-2239.0079656256544
B0005,293,3067.203,3.510935874957802,3067.203,2.6622967647315545,-0.00012776886205020818,-2081.5922201585477
B0005,327,3056.437,3.508303906431322,3056.437,2.6338485871981514,-0.0001287483747014226,-2066.6752598311587
B0005,339,3039.047,3.5060909072742232,3039.047,2.656849703962618,-0.00011891331474668323,-2036.6393082726759
B0005,359,3002.641,3.503056893147064,3002.641,2.690162319231471,-0.00010885994180829003,-1991.0705313703436
B0005,370,3002.172000000006,3.501457140697963,3002.172000000006,2.644554999824577,-0.0001182205154477331,-1998.722718463491
B0005,402,2956.344,3.492875380810072,2956.344,2.6483923655058113,-0.00010039952763992154,-1928.7376757711568
B0005,436,2937.625,3.4938988589692452,2937.625,2.6936969083341418,-9.650576701874879e-05,-1907.3733700239427
B0005,460,2901.187,3.483198941484066,2901.187,2.667817533540102,-8.232624923371824e-05,-1850.1574148695163
B0005,484,2891.703,3.4858502383832746,2891.703,2.6973343716306273,-8.104488515509572e-05,-1837.3776861622928
B0005,488,2883.016,3.4787941772971496,2883.016,2.642540259937964,-8.190301807650196e-05,-1826.7647496414265
B0005,559,2838.156,3.4746554404904417,2838.156,2.6928340297696836,-6.619400784696621e-05,-1765.9626179054962
B0006,5,3651.641,3.5667524696413198,3651.641,2.4404797151065436,-0.00013895470097070598,-1381.5911308556874
B0006,9,3629.172,3.5639705032899403,3629.172,2.280187848173442,-0.00014071968189857548,-1373.1215828793238
B0006,17,3550.594,3.5692834155812454,3550.594,2.436020049578708,-0.00014300101958887845,-1346.5811977472738
B0006,30,3450.297,3.5612417270649495,3450.297,2.188400081882664,-0.00015046171386548556,-1307.8007822358013
B0006,65,3431.125,3.552739224085491,3431.125,2.1387303309558976,-0.00015233139742776002,-1291.644515736395
B0006,85,3470.672,3.555857469677979,3470.672,2.4343006861812118,-0.00015242031504228597,-2635.5774195704607
B0006,135,3312.078,3.5159179315855047,3312.078,2.4110989960643794,-0.00018015465464267194,-2411.183581562205
B0006,143,3275.328,3.5010379345914444,3275.328,2.471216186082459,-0.00019117661511575031,-2332.7173717131564
B0006,165,3275.125,3.5071609197370837,3275.125,2.46945948630322,-0.00018545075880500267,-2357.0193203773397
B0006,177,3257.594,3.4929038301187165,3257.594,2.4745215382882586,-0.00019834752262573656,-2286.466218135914
B0006,189,3240.14,3.477575664197983,3240.14,2.3775131079338427,-0.0002106633397749624,-2236.190414811141
B0006,205,3213.219,3.4631801306445515,3213.219,2.382347172890769,-0.00022939050947124029,-2162.8576663851186
B0006,213,3195.125,3.460218051640071,3195.125,2.4204142690378765,-0.00018936045159970204,-2138.434666104244
B0006,235,3159.077999999994,3.441815253327711,3159.077999999994,2.351294851260762,-0.0001370810598899053,-2050.1177413467103
B0006,255,3121.907,3.4360271930515904,3121.907,2.4111946043456745,-0.00011291055715669074,-2008.8155997849049
B0006,273,3095.094,3.427233684237355,3095.094,2.362869757217078,-0.00010640878703800371,-1988.268721142759
B0006,323,3066.0,3.4341129145012412,3066.0,2.4198491932573414,-0.0001102564500610168,-1998.7483286182776
B0006,366,3020.11,3.4305347141293625,3020.11,2.472830716079143,-8.394688277418529e-05,-1931.46910609244
B0006,374,2992.703,3.417133986279293,2992.703,2.3692462667540997,-7.243873194908523e-05,-1880.9149506874855
B0006,422,2928.454,3.413408025831758,2928.454,2.480937393224248,-4.1426429350727266e-05,-1790.1180524711112
B0006,444,2918.375,3.409188669841806,2918.375,2.384185417166802,-3.9632468819552504e-05,-1794.28735783326
B0006,482,2901.25,3.4167486246717154,2901.25,2.438240626221148,-3.0975635122599784e-05,-1775.5692798989503
B0006,496,2874.031,3.4081283345557156,2874.031,2.3957550201907916,-1.5816070104094102e-05,-1712.403290365792
B0006,500,2874.234,3.412573242269915,2874.234,2.4504684570147006,-1.3724068823041395e-05,-1706.7472175089679
B0006,512,2855.625,3.4092921637678004,2855.625,2.4755630989048205,-2.036574838887719e-06,-1674.9986821202317
B0006,547,2864.547,3.4195489282896947,2864.547,2.4839695531514434,-4.034463265784559e-06,-1694.9225647832657
B0006,587,2802.422,3.4134509017056516,2802.422,2.463616101176541,2.296022820814545e-05,-1551.4515854585707
B0007,1,3690.234,3.5220067033946196,3690.234,2.145975766935391,-0.00015412880928010765,-1305.115938027965
B0007,21,3530.25,3.5484272148956455,3530.25,1.7896213776724978,-0.0001493626955288297,-1294.9725211724444
B0007,121,3321.188,3.563058745919013,3321.188,2.1528886431678034,-0.000152816251179271,-2499.959031452483
B0007,133,3327.391,3.5639983423458244,3327.391,2.0759793304520757,-0.0001534144322237583,-1252.4063728628305
B0007,157,3301.579,3.566692128462207,3301.579,2.180136101967249,-0.00015273093994834977,-2487.8029331576686
B0007,219,3186.297,3.5352062840980936,3186.297,2.188793384556236,-0.00017093661164111723,-2325.890073071477
B0007,227,3167.593,3.5321585609343233,3167.593,2.1783847786257136,-0.00017378849757135242,-2309.625909333372
B0007,247,3140.547,3.524502254855347,3140.547,2.1560972126643922,-0.00017913517071704713,-2270.601585597488
B0007,263,3121.672,3.5177844279570807,3121.672,2.1377868706438155,-0.00018581113312192052,-2245.367380031043
B0046,176,4553.031,3.325129408875748,4553.031,2.1526544597098902,-0.00017334173697744685,-1002.6745593455913
B0047,4,5650.265,3.476558818909035,5650.265,2.477661652422805,-0.00010945375633917092,-1467.2244336058618
B0047,24,5369.703,3.444912372407962,5369.703,2.49851157426792,-0.00012908280042690437,-1317.3431396002077
B0047,40,5280.031,3.4338551425476305,5280.031,2.471859124111365,-0.00013358957437368475,-1268.7312766557638
B0047,56,5051.172,3.414783557486354,5051.172,2.4907582384317,-8.331643293098373e-05,-1161.424168531533
B0047,72,4866.25,3.3945066004903937,4866.25,2.495109477398993,-7.029605366387099e-05,-1089.5171546662564
B0047,120,4448.36,3.373113378745869,4448.36,2.4974098896142385,-9.127396911767552e-05,-951.3837250687652
B0047,126,4416.547,3.369151689786174,4416.547,2.4800604125308974,-8.717186612041996e-05,-956.9257058110928
B0047,136,4746.5,3.3724930039253525,4746.5,2.47468810834507,-8.710707733909973e-05,-1015.2231341953418
B0047,176,4553.031,3.3862399608298257,4553.031,2.4817240149799855,-0.0001601025730854648,-976.4965029482097
B0048,6,5590.907,3.4552294701778723,5590.907,2.6769979855651793,-0.00012042063089780487,-1412.969858899467
B0048,12,5461.219,3.454056999646404,5461.219,2.6855475478766424,-9.82824999923846e-05,-1356.6901611471706
B0048,20,5468.062,3.446630487884357,5468.062,2.689384375743919,-9.26234259786688e-05,-1339.503909538646
B0048,36,5406.812,3.442487347026378,5406.812,2.693587841641054,-8.763781384631059e-05,-1296.4969187419993
B0048,38,5353.094,3.4434500367152183,5353.094,2.6905447145318244,-8.534439550795493e-05,-1279.9100889727313
B0048,68,4888.656,3.4065891490442124,4888.656,2.6836073579697186,-7.204825222300898e-05,-1115.481039642212
B0048,76,4801.485,3.406828557709098,4801.485,2.698617918096401,-6.841279031142298e-05,-1088.3675388723375
B0048,94,4798.281,3.4071644992694683,4798.281,2.6862404868403718,-9.152382527789806e-05,-1089.026830145256
B0048,116,4502.938,3.3882925257712992,4502.938,2.6969697387700067,-0.00011303554917554074,-1012.1738354031186
B0048,142,4596.578,3.4053897793262036,4596.578,2.6935260886313634,-0.0001738306486532459,-1034.5654124654538
B0048,146,4526.938,3.400661156787749,4526.938,2.6836569825858465,-0.00017286606083687434,-1016.0426471411267
B0048,152,4513.312,3.386993361694654,4513.312,2.685608364298082,-0.00016353879005236307,-1004.7788009987117
B0048,164,1991.531,3.627430047441357,1991.531,3.441548920019712,-0.00018975806704671038,-465.3285369210647
B0048,178,4486.5,3.406169063274704,4486.5,2.687835669252526,-0.0001687392890673641,-1000.0758085864672
B0050,4,3170.984,3.249035054994237,3170.984,2.1749971933736196,-0.0002064657296318689,-2173.2378318939072
B0050,40,236.156,3.3227162049743524,236.156,3.2123720225635264,1.0919872570786721e-05,-145.26392234163325
B0050,56,1614.406,0.2419777315173319,1614.406,0.23398362100651354,,-0.013313209226931385
B0052,14,5428.594,0.33891988449688515,5428.594,0.32591440938121413,,0.29750301356455994
B0052,30,2862.25,0.32391593370497773,2862.25,0.32173765393135323,,0.1640101303805716
B0052,44,2305.25,0.3219233732695904,2305.25,0.31842123387521715,,0.10338826588852991
B0052,54,1737.172,0.32007495042979267,1737.172,0.3153630335182592,,0.04877762859937175
B0053,6,2522.375,3.1104628288221927,2522.375,1.9558143264177166,-0.000550893649902306,-1416.860719439011
B0053,12,2473.875,3.106753226456623,2473.875,1.9637397944562873,-0.0005857698710915987,-1371.2065796545205
B0053,20,2460.125,3.082819814968993,2460.125,1.9602813323957715,-0.0006690532065681316,-1335.8120918772602
B0053,36,2416.672,3.070553607905952,2416.672,1.9588680902433295,-0.0007921610486766791,-1274.9376462264677
B0053,58,2412.25,3.0712653565298207,2412.25,1.9904175883780109,-0.0008340764314569412,-1219.3541796975867
B0053,68,2373.89,3.0784500464991305,2373.89,1.9971786671898824,-0.0006766091757017048,-1216.055883919767
B0053,76,2345.453,3.059463155886767,2345.453,1.9677305370734945,-0.0008232545520634541,-1177.550998734041
B0053,82,2315.407,3.077258112412089,2315.407,1.9842967959422222,-0.0006799910347410357,-1166.1022240057075
B0053,94,2333.875,3.0545790418645686,2333.875,1.9745609840275167,-0.0008025777539846577,-1151.2029962210665
B0053,98,2295.109,3.0706836502741277,2295.109,1.9541644750198832,-0.0007318173826655668,-1132.6313572190058
B0053,116,2392.375,3.0677280268889096,2392.375,1.971670057823583,-0.0008134483575276859,-1156.1408979131534
B0054,30,2619.578,3.1171442968796894,2619.578,2.185877354823723,2.7651989320637653e-05,-1496.5030232214617
B0054,44,2556.593,3.135117188240348,2556.593,2.1938108499397133,2.3563579555080133e-05,-1416.665706063034
B0054,62,2604.125,3.091009952050965,2604.125,2.197272162359153,-2.4045295238315963e-05,-1429.1673310514495
B0054,64,2588.594,3.3711211459662884,2588.594,2.186991625035034,7.608662297561675e-05,-1199.4543942194261
B0054,96,2467.328,3.224323331222823,2467.328,2.1969226044699126,5.594302269393239e-05,-1174.0774297027765
B0054,104,2559.125,3.076951013118893,2559.125,2.187733999755357,-1.759647390359491e-05,-1304.5259777178037
B0054,114,2474.344,3.079467874467196,2474.344,2.198239401427243,-3.7056395554084e-05,-1258.1837879414568
B0054,160,2402.125,3.309664512946537,2402.125,2.1883204645817864,7.16438250701658e-05,-1027.8917892715347
B0054,162,2355.265,3.068838395977354,2355.265,2.176027126654838,-5.0105957368016185e-05,-1181.4927023592882
B0054,168,2442.344,3.05089172896046,2442.344,2.165885100454371,-9.872226080998553e-06,-1175.263705032953
B0054,172,2444.703,3.0723870805326303,2444.703,2.1973597496316057,-2.372077216963943e-05,-1191.408134607454
B0054,184,2373.89,3.0574972660409503,2373.89,2.174201624293327,-3.9832221891029335e-05,-1144.564343466061
B0054,198,2315.407,3.096631349811912,2315.407,2.1987726546793334,-6.754941313283087e-06,-1087.3408957184224
B0054,224,2463.578,3.070487564105726,2463.578,2.1830841723157457,-1.9877385621524e-05,-1128.8000528066236
B0055,0,2660.313,3.2439361669782594,2660.313,2.4930794984834495,0.00011192234916513449,-986.6400868999118
B0055,16,2530.172,3.3311380627317044,2530.172,2.4857750442530606,6.305378110531681e-05,-1536.9695683106481
B0055,22,2676.578,3.3803008994123225,2676.578,2.484196378836121,8.633267437635738e-05,-1451.1016037171323
B0055,32,2640.016,3.4111522148506968,2640.016,2.489824423973652,8.102337185384611e-05,-1376.2255816147801
B0055,52,2697.75,3.383331024001822,2697.75,2.49591717391522,6.034541608202974e-05,-1425.0579548635828
B0055,92,2488.734,3.408219619852173,2488.734,2.4835904274919676,7.143960147882462e-05,-1199.1435737706988
B0055,110,2521.985,3.415794800601351,2521.985,2.495812780943487,6.944273641613866e-05,-1188.760446286927
B0055,122,2522.375,3.3556585769253946,2522.375,2.4925446639956585,4.330595634639787e-05,-1305.9903137554536
B0028,67,6309.172000000006,3.680942088612724,6309.172000000006,2.6156681128542663,-4.4689330911094274e-05,-1956.037047569591
B0029,33,1622.016,3.3951054015762527,1622.016,1.800038174333754,-0.0005210168950826117,-2166.989733511087
B0029,43,1622.016,3.4005060708668386,1622.016,1.9416286020335691,-0.0005242035388017067,-2117.423665471098
B0029,45,1616.25,3.397536794846483,1616.25,1.8754484122099284,-0.0005286906099469124,-2101.7170901042227
B0029,51,1619.656,3.4006008999743167,1619.656,1.999771637867575,-0.0005288930491536922,-2077.224310886727
B0029,53,1605.484,3.3937647508109436,1605.484,1.8317514112942035,-0.0005300273530703615,-2058.226760133555
B0030,29,1636.969,3.387969833955272,1636.969,2.1141726056716275,-0.0003042281168153334,-2109.8804728881896
B0030,39,1646.438,3.381550645715127,1646.438,2.0026548733538236,-0.000547861873764286,-2093.3934723007806
B0030,49,1622.218,3.385606758982869,1622.218,2.1649300939348857,-0.00026169592706232805,-2012.7329704097851
B0030,63,1598.969,3.391596603751743,1598.969,2.152270345667462,-0.00020042601594384493,-1919.4385983589816
B0030,93,1536.781,3.387056544535018,1536.781,2.068863283525511,-0.00016454586278820266,-1752.3590138343015
B0031,3,1723.281,3.410655663961355,1723.281,2.4703791051999655,-0.0004793989893486656,-2410.813505507423
B0031,41,1634.765,3.4205739815426948,1634.765,2.3650342661568575,-0.0005024781391103088,-2155.290359328999
B0031,69,1571.547,3.4232173747975634,1571.547,2.442554361335084,-0.0005252176210398233,-1980.3334385329665
B0031,73,1578.484,3.4217612690112,1578.484,2.455972935605985,-0.0005257493342848886,-1979.388733877538
B0031,89,1550.047,3.4233537843227144,1550.047,2.464103908062826,-0.0005393879598084174,-1898.7087946420297
B0032,7,1697.688,3.3620666570592657,1697.688,2.614778884516638,-0.0005767229324030972,-2367.771422598936
B0032,13,1678.563,3.3539141264171204,1678.563,2.6899647104301128,-0.0005936087241981007,-2308.3742243626903
B0032,19,1654.328,3.3601097902247443,1654.328,2.6377575512804055,-0.0005961287509019158,-2245.805844561902
B0032,27,1648.672,3.3593418283288146,1648.672,2.6740516269543457,-0.0006148099367295019,-2192.0748711262117
B0032,57,1595.0,3.351231111091801,1595.0,2.6693549937573904,-0.00034966238997875425,-1972.5215620350737
B0032,61,1612.422,3.343501808878012,1612.422,2.6245992054256915,-0.0006482152490811669,-1994.925965432506
B0032,77,1568.281,3.34535473577245,1568.281,2.6462614968063676,-0.0003453546052775711,-1875.6991697179417
B0033,8,3264.109,3.4891683981959405,3264.109,1.92499373482904,4.6702949333594647e-05,-1481.6837728814944
B0033,46,3203.5,3.380792043459976,3203.5,1.984512151427813,6.703251834604961e-05,-1836.1540753208972
B0033,48,3194.39,3.3798927296767314,3194.39,1.9563552671465751,6.775558661733844e-05,-1822.4659371964303
B0033,80,3191.735,3.3809635204151616,3191.735,1.9731628226811078,6.8376032794949e-05,-1714.5676183775427
B0033,84,3182.156,3.3815674619499316,3182.156,1.8983018980313588,7.006611076017541e-05,-1684.142253114231
B0033,86,3180.156,3.3851857877548652,3180.156,1.9438604398554957,6.965633070998297e-05,-1672.441190812123
B0033,112,3595.281,3.354104088443599,3595.281,1.9693514891283213,2.570970423960631e-05,-1943.5833391978456
B0033,140,3177.453,3.3796100911862754,3177.453,1.9463675093023414,6.949609401215029e-05,-1562.1338031095875
B0033,144,3158.406,3.3822784871834903,3158.406,1.905966283713238,7.060008883142619e-05,-1514.4147488657973
B0033,216,3094.281,3.3651551542737708,3094.281,1.9965159983729222,7.25845610538555e-05,-1309.7508493857358
B0033,222,3102.062,3.3626824037095338,3102.062,1.8717606752777658,7.327763120630249e-05,-1312.4585681466149
B0033,240,3081.297,3.356991798568704,3081.297,1.8222744588584345,7.751369539495747e-05,-1268.9323584123629
B0033,248,3069.0,3.3555412354678467,3069.0,1.7571531937270366,7.742612868866346e-05,-1254.7289927553309
B0033,256,3051.4839999999967,3.3644871236228586,3051.4839999999967,1.93715684685712,7.054379341460697e-05,-1217.6951420304135
B0033,272,3023.5,3.3527300635652746,3023.5,1.8406238091435183,7.6412089345485e-05,-1184.3830287123465
B0033,318,3024.453,3.359965915630546,3024.453,1.8980864731881966,7.283537746074951e-05,-1125.7445560498493
B0033,340,3002.922,3.5025083166259945,3002.922,1.4425192802033469,5.4640478120094675e-05,-839.5685141905212
B0033,342,2986.718,3.8878704029237787,2986.718,1.5585045696383768,,-244.72639526956635
B0033,348,3011.609,3.9876102324791587,3011.609,1.5484910888494308,,-162.52164399836
B0033,386,3056.172,3.35185928695278,3056.172,1.9484758716380042,7.71567765049785e-05,-1175.8849215880753
B0033,390,3034.25,3.3508471294894777,3034.25,1.888528315752074,7.891532291046207e-05,-1141.2270713215078
B0033,392,3022.609,3.3556702686345696,3022.609,1.924025874710363,7.870950465852376e-05,-1128.5926581143897
B0033,394,3028.828,3.3533088723299853,3028.828,1.800492506386291,7.879316798923053e-05,-1127.9683441272125
B0033,406,2979.219,3.367413676188138,2979.219,1.9520601805312336,7.523775452933202e-05,-1077.9972750183913
B0033,412,2989.828,3.372129638857887,2989.828,1.9566455890224006,7.679580457997694e-05,-1083.3433035206724
B0033,434,2978.89,3.3707194031916505,2978.89,1.9297681149166706,7.630644127777173e-05,-1041.706933319892
B0033,464,2875.641,3.3688341258208707,2875.641,1.9249905185886904,7.630212369637388e-05,-987.1733256497366
B0033,468,2852.844,3.3599563575039144,2852.844,1.7964863123561203,8.108164984771522e-05,-984.3702593590087
B0033,478,2866.234,3.365666799367813,2866.234,1.8088951260538597,7.676592861315156e-05,-990.2862922194324
B0034,100,3155.25,3.414462463305668,3155.25,2.16034888083278,6.174655705652344e-05,-1470.0423108503844
B0034,148,3138.187,3.4078858873581295,3138.187,2.1675497721171437,5.94743504491725e-05,-1362.5818929432419
B0034,252,3079.235,3.399331416433364,3079.235,2.0596285731276476,6.565344832641735e-05,-1213.4317003632052
B0034,260,3046.532,3.4057934055092898,3046.532,2.197033181830859,6.462015657779136e-05,-1157.7393858780738
B0034,276,3042.703,3.401720410572632,3042.703,2.1711822809863026,6.680125613752994e-05,-1145.4321766300563
B0034,278,4424.203,3.483606791060756,4424.203,2.069253006874651,4.2036032309495596e-05,-1510.5366087997968
B0034,300,3014.672,3.3999185413872017,3014.672,2.127535513157563,6.896905091728137e-05,-1121.668563405271
B0034,302,3010.703,3.3978502356030433,3010.703,2.0823277676119383,6.665250712266774e-05,-1120.4605536789732
B0034,322,3020.813,3.3964330317951976,3020.813,2.0280193684749017,6.746752217770733e-05,-1125.0401598984718
B0034,334,3047.703,3.3923032182628616,3047.703,2.071041778175654,6.83884404872815e-05,-1139.332684141612
B0034,346,3006.203,3.401425937656898,3006.203,2.160163197204225,6.776140025529564e-05,-1088.8011810877445
B0034,352,2976.3129999999946,3.4020860897770655,2976.3129999999946,2.1725626411969494,7.253129600050811e-05,-1059.849324057453
B0034,376,2927.281,3.3881964986011397,2927.281,2.050195394002453,6.876015446532727e-05,-1041.8937694072079
B0034,400,3023.187,3.386601516930244,3023.187,2.0966495970812926,6.913794275827322e-05,-1072.7777145035193
B0034,404,2986.469,3.3839254722198495,2986.469,2.0654092965524384,6.661349114733655e-05,-1054.5754256652842
B0034,414,2989.391,3.3867620663269338,2989.391,2.0626265502864713,6.562660216148137e-05,-1045.4795692098282
B0036,100,3155.25,3.4729861560107773,3155.25,2.650821200008131,-0.00020292158569872165,-1875.4020522271355
B0036,148,3138.187,3.4715154587275467,3138.187,2.6648936078550007,-0.0002045288386416598,-1764.779095122724
B0036,252,3079.235,3.4660061300265537,3079.235,2.6818321771597287,-0.0002158360795896695,-1560.890053977483
B0036,260,3046.532,3.454434064432586,3046.532,2.662037646915503,-0.00022293373846918473,-1528.0489591560383
B0036,276,3042.703,3.453072475453233,3042.703,2.6523436778902467,-0.00022465156227439927,-1499.878926616789
B0036,278,4424.203,3.6265104817770513,4424.203,2.691307184686052,-0.00021384834759682151,-2298.4548804304927
B0036,300,3014.672,3.4556314064811158,3014.672,2.6272249252599598,-0.00022206795705222184,-1459.512849365303
B0036,302,3010.703,3.4549175745634897,3010.703,2.6243035932050947,-0.00022242538868857883,-1459.314970013451
B0036,322,3020.813,3.4612961227490113,3020.813,2.636443131108017,-0.0002236034226593292,-1448.119900591874
B0036,334,3047.703,3.466556169993414,3047.703,2.683234032060573,-0.00021889133301564233,-1450.4459044464943
B0036,346,3006.203,3.460599249296477,3006.203,2.687257575540443,-0.0002256773882004947,-1413.1781483717461
B0036,352,2976.3129999999946,3.451544309364447,2976.3129999999946,2.6341133806914536,-0.00023150365856909835,-1388.6846366685904
B0036,376,2927.281,3.4503766304044565,2927.281,2.689303373660729,-0.0002336836851762986,-1347.0014129010706
B0036,400,3023.187,3.462497796397771,3023.187,2.602450788874241,-0.00022394695247358306,-1365.4033056098367
B0036,404,2986.469,3.4575027462160053,2986.469,2.6641259048235493,-0.0002281189212943484,-1349.6632972508212
B0036,414,2989.391,3.4601694636320626,2989.391,2.6312837349184783,-0.00022742489073230635,-1343.8436747652493
B0038,6,1479.703,3.1803732612872655,1479.703,2.191128315273502,0.0002023853828899271,-1357.0274477098878
B0038,12,1437.047,3.192805696957515,1437.047,2.1523889970129018,0.00021777146565821244,-1260.335203996632
B0038,20,1436.141,3.1814505445090466,1436.141,2.1463956973341785,0.0002163262278758061,-1274.1111625324806
B0038,36,6574.671,3.6118191487524793,6574.671,2.1921466685430167,-7.456885422764861e-05,-2334.267303417256
B0038,38,6571.156000000003,3.6141496360054948,6571.156000000003,2.16658130125341,-7.488223921354922e-05,-2327.8692406806995
B0038,58,6553.781,3.615503145763946,6553.781,2.1804158381574807,-7.45631853571145e-05,-2236.5891891954802
B0038,68,6531.187,3.6151540820598718,6531.187,2.1621899189117855,-7.477721589504603e-05,-2191.93876527816
B0038,76,6515.938,3.6154019634288352,6515.938,2.164304791761506,-7.464312384505441e-05,-2161.8134517330077
B0038,82,6519.328,3.61459301560406,6519.328,2.1205293855533207,-7.497744302778763e-05,-2136.32766659844
B0038,94,6502.047,3.6146610547862235,6502.047,2.103206542363035,-7.521644974202026e-05,-2091.8882837369665
B0038,116,1485.047,3.045560216794941,1485.047,2.11587711023423,-0.002270850291948487,-1549.453454286197
B0039,6,1479.703,3.5283987355327224,1479.703,2.497942856856816,0.00044996218689634604,-615.4391505358794
B0039,12,1437.047,3.5288533021267354,1437.047,2.489183697067473,0.0004788114519434094,-595.5414544940166
B0039,20,1436.141,3.53257704827921,1436.141,2.4971812527928607,0.0004878655409138203,-584.537536107993
B0039,36,6574.671,3.643921867409371,6574.671,2.473002904156423,-7.433073813572583e-05,-2329.2378893612913
B0039,38,6571.156000000003,3.6463500592094693,6571.156000000003,2.4894344650176916,-7.443316220262248e-05,-2320.099349110418
B0039,58,6553.781,3.643834980413119,6553.781,2.457416820096295,-7.426098980626565e-05,-2223.8762056782366
B0039,68,6531.187,3.6432430775983122,6531.187,2.4411463439008707,-7.450262225642629e-05,-2179.160431030346
B0039,76,6515.938,3.6420393576004106,6515.938,2.465533668800099,-7.462579809893815e-05,-2145.4316816538285
B0039,82,6519.328,3.63891384043192,6519.328,2.4235129554433494,-7.522421688831133e-05,-2115.4133420526614
B0039,94,6502.047,3.6348467254711796,6502.047,2.419307605326947,-7.565577989661935e-05,-2062.780728502737
B0039,116,1485.047,3.2199500199575737,1485.047,2.4740907394153795,9.607566876999329e-05,-1330.2574981836551
B0040,4,1489.953,3.4351686687651344,1489.953,2.6944224499802396,0.00035084475718328553,-920.9750387782706
B0040,24,1397.0,3.4424940628831777,1397.0,2.674688015022009,0.00035232764429741814,-824.6624645499284
B0040,40,6569.11,3.6228643886294085,6569.11,2.6936866986118786,-7.53461986267659e-05,-2240.563957889705
B0040,56,6559.047,3.6221286841930467,6559.047,2.677767553221005,-7.535025640820135e-05,-2177.37568813752
B0040,72,6525.187,3.6227913336348077,6525.187,2.6833023579431665,-7.554831446747611e-05,-2107.2274737946245
B0040,120,1489.313,3.653849277043623,1489.313,2.5354681123911122,0.0006017492075114815,-557.5484757475494
B0041,0,1063.609,4.033096790443365,1063.609,1.9487619326826215,,-67.10754999637211
B0041,11,1047.531,4.0329888653053585,1047.531,1.8627826858792498,,-66.1597765553092
B0041,15,1038.375,4.033685949693059,1038.375,1.9143969587004501,,-67.59590831141249
B0041,31,1003.313,4.052602606442854,1003.313,1.9596888390790306,,-57.45965222306379
B0041,55,1040.75,4.046519260018803,1040.75,1.8503922251966067,,-55.31076711662918
B0041,67,1005.75,4.0434771804788845,1005.75,1.8734696416805767,,-56.302156663197785
B0041,81,971.516,4.034094593369475,971.516,1.8387012636266087,,-55.26288908169566
B0041,83,810.563,4.012161986962798,810.563,1.839823604952559,,-54.81267512438645
B0041,91,109.17099999999999,3.376535267030834,109.17099999999999,1.7948775590357675,,-53.46301951690931
B0041,97,96.906,3.506509095784585,96.906,1.9302106494417557,,-44.77945811245901
B0041,155,5142.891,3.3532732844068946,5142.891,1.969632856814267,2.4896144791804397e-05,-867.4125860807
B0055,148,2420.671,3.4034852057714966,2420.671,2.4793908002585576,6.931980892202864e-05,-1138.117726076564
B0055,214,2295.109,3.3100508561202555,2295.109,2.497894652809196,3.427434839269821e-05,-1075.6906479717786
B0055,226,2458.812,3.3954172971180303,2458.812,2.4924954873857694,7.359466827831443e-05,-1055.0631454851762
B0056,4,2826.0,3.2781149324023846,2826.0,2.6867752955314015,4.321170156133734e-05,-1652.0255793695017
B0056,24,2394.734,3.316178080747263,2394.734,2.698364593875605,4.811398348310247e-05,-1466.7662529875163
B0056,40,2565.109,3.3440747440292182,2565.109,2.6994455277907243,7.773360097042862e-05,-1406.2786778703994
B0056,56,2683.406,3.3654291392154727,2683.406,2.690427787524509,5.649924229901651e-05,-1429.6608452228438
B0056,72,2525.609,3.3500962120625943,2525.609,2.6972876615572554,6.605543081359746e-05,-1325.721390723879
B0056,120,2560.688,3.3312493075075507,2560.688,2.6975073541494394,3.630399766820843e-05,-1377.464272281046
B0056,126,2474.844,3.3435875505910957,2474.844,2.6988862295180773,4.2866670617653646e-05,-1301.4080057104602
B0056,136,2460.125,3.382778882292665,2460.125,2.6912645328393867,6.43232091836359e-05,-1210.3761256762705
B0056,138,2440.547,3.346064533510843,2440.547,2.6880196285337377,5.096066992692836e-05,-1240.8229050604516
B0056,176,2403.234,3.348647645780763,2403.234,2.697889593175275,5.199602319879888e-05,-1162.2337417582296
B0056,188,2342.453,3.366755935456629,2342.453,2.6854130230502054,5.83002832403276e-05,-1108.1404396878816
B0056,196,2360.172,3.356430631899759,2360.172,2.6988640537115023,7.197383130822687e-05,-1089.0324762701052
B0056,202,2327.1570000000065,3.346321199511455,2327.1570000000065,2.6980519577561664,5.307356047938945e-05,-1095.843826390037
B0056,232,2392.375,3.3651251580925825,2392.375,2.695500756668203,6.879422186195628e-05,-1066.3871665379538
B0042,6,3244.797,3.4886501469968545,3244.797,2.0952902803723332,-0.00015652188203015685,-2318.007398791537
B0042,20,3089.437,3.508503301766946,3089.437,2.0659696365057045,-0.00016255547882016187,-2200.1557349355353
B0042,38,3044.828,3.5048985290607786,3044.828,2.098421577709346,-0.00016906758888303314,-2085.1309153396173
B0042,58,3011.781,3.5072165254115713,3011.781,2.0842633816547624,-0.00017418062867177272,-1987.8562007406383
B0042,68,2987.672,3.5042529973432024,2987.672,2.0586265993400703,-0.00017753752525821598,-1937.0608953387184
B0042,82,2935.5,3.491932625000708,2935.5,2.0245603644426806,-0.00018689345383568349,-1852.8600632257064
B0042,94,2901.734,3.484962036012868,2901.734,1.9973214087149431,-0.00019216035569297229,-1793.1933438677897
B0042,98,2861.937,3.4795948906133845,2861.937,2.11763338483894,-0.00019795872720578545,-1755.325743936757
B0042,147,996.765,2.590977992748303,996.765,2.1543073222809688,-0.007819584522222318,-853.3766725318899
B0042,185,989.141,2.5413092924587812,989.141,2.167460006041706,-0.008539242559493194,-795.4563561080885
B0042,215,5608.781,3.3758331710381175,5608.781,2.1679616860507585,-0.00010820852151473593,-1487.121762527302
B0042,223,5634.047,3.426023627609225,5634.047,2.126630218048744,-0.00011714371792853615,-1559.295393634721
B0043,2,3360.922,3.475911687674211,3360.922,2.421307986424623,-0.00015472778579983203,-2321.4260815942903
B0043,10,3175.594,3.500548987345385,3175.594,2.3786378834863195,-0.00016585105782836735,-2212.637610758279
B0043,18,3102.937,3.5054667200956,3102.937,2.3791815969853816,-0.00017103577082466058,-2150.527438008823
B0043,28,3061.891,3.5019472494816215,3061.891,2.406157541131262,-0.00017700590769948365,-2064.546566423625
B0043,34,3037.641,3.500494760856032,3037.641,2.4374747406672226,-0.00018095015883669264,-2007.8364699926806
B0043,60,2990.25,3.4967579517606575,2990.25,2.394787213470724,-0.00019198756132109688,-1866.6485659504963
B0043,117,1048.687,4.04142282173358,1048.687,2.4449132183808002,,-85.00371114985498
B0043,129,1030.703,4.036134639841784,1030.703,2.4090725568197633,-0.00952093546737968,-84.93627631366743
B0043,131,1010.765,4.057393658498293,1010.765,2.4859989490669228,,-73.98003807584307
B0043,145,1006.187,4.030113750605148,1006.187,2.3764067993680786,-0.009457211083661468,-84.22769815932656
B0043,181,995.797,4.049866693334644,995.797,2.481690176251403,-0.008949401572561513,-74.32052422557037
B0043,191,994.031,4.0478344519741825,994.031,2.446533765156367,-0.008945037984150599,-74.2155576760304
B0043,199,109.078,3.3967939181762525,109.078,2.259462555169981,,-70.35130358679147
B0043,267,5142.891,3.407362058046422,5142.891,2.4725812888729317,-9.462962479275104e-05,-1265.6088800167463
B0044,2,3360.922,3.439679725636753,3360.922,2.6909422904080547,-0.00016055785382286576,-2234.5805227690635
B0044,10,3175.594,3.46367203011603,3175.594,2.684789036307898,-0.00018075921384243563,-2124.000257026384
B0044,18,3102.937,3.4679406316174877,3102.937,2.69384241497005,-0.00017368857838978078,-2062.7815076390184
B0044,28,3061.891,3.4619567664351516,3061.891,2.638384304971687,-0.00016590148932634066,-1983.0232250855954
B0044,34,3037.641,3.4614251658687185,3037.641,2.662418584963947,-0.00014430507748302107,-1919.602464953746
B0044,60,2990.25,3.459703422925143,2990.25,2.633690741780774,-0.00012565384916621636,-1773.356479022247
B0044,117,1048.687,4.0385741387041305,1048.687,2.537541377739229,,-71.52843470057904
B0044,129,1030.703,4.034899045788164,1030.703,2.525156138635263,,-71.91662889790695
B0044,131,1010.765,4.056272592873409,1010.765,2.6675668355109194,,-60.89547350484786
B0044,145,1006.187,4.029900462300052,1006.187,2.509819479017468,,-71.81578959809521
B0044,181,995.797,4.023626364549916,995.797,2.476301013332819,,-71.79230970618661
B0044,191,994.031,4.048987988645057,994.031,2.696514442504613,,-61.80316443556856
B0044,199,109.078,3.5339557623459625,109.078,2.546878970446884,,-60.19754210632719
B0044,267,5142.891,3.411365387592045,5142.891,2.692387025960113,-3.39978129096491e-05,-1199.043129841422
B0045,10,5499.046,3.366064388524053,5499.046,1.9830542841988097,1.791209039050618e-05,-855.3451850241964
B0045,28,5299.266,3.381309638847488,5299.266,1.9676140964966766,2.7294850207929765e-05,-772.4567342888741
B0045,60,5027.563,3.372722524757589,5027.563,1.9818309446595743,2.9498094620334315e-05,-695.3066882630029
B0045,88,4998.656,3.37226841743928,4998.656,1.9913126738513702,3.52079376451016e-05,-689.4412326057519
B0045,156,4568.438,3.3510332188429146,4568.438,1.9776141524479487,3.751394991228708e-05,-566.947838929266
B0045,158,4499.656,3.357306681708634,4499.656,1.996982635601323,3.5489734991658734e-05,-584.8534968772199
B0046,10,5499.046,3.421145534854744,5499.046,2.1952581561866973,-0.0001197446656848161,-1421.6131727434374
B0046,28,5299.266,3.3967709514446054,5299.266,2.1506636217123933,-0.00012779105689199552,-1336.0680457945077
B0046,60,5027.563,3.3618149206555525,5027.563,2.1762627754763426,-0.00014513101460684617,-1220.564411450803
B0046,88,4998.656,3.3492641826881884,4998.656,2.153820870810703,-0.00014444149956985785,-1182.1703030066783
B0007,301,3058.812,3.509207943122173,3058.812,2.1948906641943635,-0.0001952949927829675,-2178.0621538442197
B0007,312,3177.219,3.528118234591969,3177.219,2.144268362237989,-0.0001870710084705586,-2320.9424736546734
B0007,351,3021.75,3.5054479186890557,3021.75,2.199196544880164,-0.0002014682902478906,-2141.039326855598
B0007,355,3012.265,3.5000742468460038,3012.265,2.0252901014990434,-0.00020264388496685378,-2137.9910053100684
B0007,418,2929.125,3.4902164774080453,2929.125,2.0793549048242492,-0.00021734992246833662,-2062.1145694555653
B0007,432,2955.438,3.5025157522808223,2955.438,2.19792648712031,-0.00021009854212114665,-2097.452221988948
B0007,440,2929.078,3.4917462636517236,2929.078,2.1171503915767786,-0.00021710919719710448,-2062.88802102956
B0007,472,2883.265,3.4835074286280547,2883.265,2.177723491219515,-0.0002295965743365003,-2009.2698923361418
B0007,476,2882.969,3.478976541530706,2882.969,2.056251340337525,-0.00023081022210498915,-2006.7207331902266
B0007,480,2891.656,3.4835011913059666,2891.656,2.1512510632923165,-0.00022623184156837924,-2016.09781257983
B0007,508,2855.093,3.474323386836718,2855.093,2.0724687293779813,-0.00023866701807393633,-1976.5350154956614
B0007,536,2838.515,3.4678606629897417,2838.515,2.051877342511651,-0.00023439727293315417,-1945.6431371070569
B0007,544,2838.265,3.462469269360203,2838.265,1.9865974995249178,-0.00024495240392499897,-1949.4778264044755
B0018,23,3388.75,3.5448124336914244,3388.75,2.4374506721131883,-0.0001589390338876002,-2372.4322982812328
B0018,33,3384.094,3.5450323665497634,3384.094,2.432289857016922,-0.00016014952049538914,-2308.25506038929
B0018,43,3357.734,3.541255460524435,3357.734,2.372854084449551,-0.000163926538644441,-2222.0527174469416
B0018,45,3344.187,3.5427478949705877,3344.187,2.4086912736769084,-0.0001652116218864621,-2207.6715719637205
B0018,53,3312.844,3.5326627624319777,3312.844,2.3587321881999297,-0.00017092547723126164,-2137.015948564157
B0018,113,3181.625,3.5051993439595477,3181.625,2.4195167274486726,-0.0001633937058459938,-1774.620689852685
B0018,120,3260.016,3.526762654741576,3260.016,2.4146291375325917,-0.0001747118097202036,-1964.7920377574203
B0018,161,3062.328,3.4954055767239534,3062.328,2.415388497112405,-0.0001695655813947459,-1663.351761031532
B0018,176,3045.187,3.4918194817118677,3045.187,2.4057755306304176,-0.00019949413868891654,-1634.193467868545
B0018,193,2941.375,3.4752194351784493,2941.375,2.3532703553328904,-0.00015920188724754544,-1512.546601602269
B0018,196,2923.953,3.47073953580102,2923.953,2.362897904778893,-0.00015407295621039184,-1496.0160390934313
B0018,203,2897.875,3.4750757286480045,2897.875,2.483165462226557,-0.00014526568846978956,-1469.5360792981935
B0018,234,2839.532,3.459813554486506,2839.532,2.3372859753156225,-0.00016678530140905076,-1393.9027669823313
B0018,258,2899.234,3.4745031786447567,2899.234,2.461879783248223,-0.00021609722890861483,-1415.1612477935653
B0018,271,2833.688,3.4652879859475894,2833.688,2.4762628371779,-0.00015257714999871783,-1333.188897840265
B0018,281,2803.5,3.4569152237960306,2803.5,2.3277314025979847,-0.00017285471006504453,-1316.1603461204336
B0018,283,2783.25,3.4574690175816127,2783.25,2.4537913827403948,-0.00014998365170256967,-1294.4123250734801
B0018,290,2751.516,3.444632719716697,2751.516,2.3791102362944754,-0.0001420080231572192,-1233.5295131833916
B0018,295,2840.016,3.464490491162134,2840.016,2.431867772331712,-0.0001738499882741454,-1312.8902149679436
B0025,7,6489.5,3.4077923251900883,6489.5,1.82462740970999,1.616119091509217e-05,-2240.8543287108864
B0025,19,6474.156,3.398754555085664,6474.156,1.7632585904014149,1.3628878900779094e-05,-2177.3617120551075
B0025,46,6284.063,3.3887362465772406,6284.063,1.9492783916128957,1.5409208957619573e-05,-1995.3018761830424
B0025,77,6198.75,3.3798916216903323,6198.75,1.9679550948765454,1.7832133894840942e-05,-1872.0859486572522
B0026,34,6442.203,3.4331288931192643,6442.203,2.0399077334404954,1.670093209894813e-05,-2061.275738491572
B0026,71,6265.969,3.4416415585585716,6265.969,1.8034969218504175,1.5575411655079052e-05,-1897.6840516966538
B0027,34,6442.203,3.414036913012557,6442.203,2.483742346997907,2.4051959885458035e-05,-1965.6572132094334
B0027,71,6265.969,3.423059970150479,6265.969,2.491582666091738,-1.8627051657183603e-05,-1814.8115031031218
B0005,125,3321.844,3.5562664316402546,3321.844,2.6637064901468075,-0.00016142736036256562,-2426.162974622879
B0005,139,3293.172,3.5510121537420294,3293.172,2.6603527244917,-0.00016479325052030255,-2399.973990249516
B0005,173,3266.093,3.54938103086703,3266.093,2.6157198442661476,-0.00016578564840917507,-2378.2027396983995
B0005,239,3148.829,3.526254935819688,3148.829,2.6311169118893036,-0.00015180716811052705,-2206.0477018434863
B0005,251,3131.625,3.522680564679371,3131.625,2.6403185448373043,-0.00014531586526659836,-2175.107798396028
B0005,277,3095.781,3.514773138461639,3095.781,2.6743555987897745,-0.0001301223162163054,-2112.6401073030675
B0005,289,3085.625,3.5109677353595266,3085.625,2.629782173759164,-0.0001309814209700792,-2096.966044986778
B0005,309,3049.328,3.5103054626951775,3049.328,2.695787450704935,-0.00011966630293431471,-2052.4807192929366
B0005,319,3074.266,3.5134397623234945,3074.266,2.631343871050918,-0.00013841102163462976,-2099.1199136149785
B0005,343,3030.375,3.503715772726593,3030.375,2.6363048614501152,-0.00012026044446076682,-2028.0302986614502
B0005,378,2964.468,3.496618640845532,2964.468,2.6598211033173382,-0.00011030991643703543,-1959.1584151398376
B0005,410,2947.266,3.4942333590450834,2947.266,2.684960445221862,-9.482277304001311e-05,-1914.3157015711106
B0005,448,2919.812,3.486902115108984,2919.812,2.6695398084864568,-8.83544147528514e-05,-1874.2207704884108
B0005,504,2864.984,3.4765867130506143,2864.984,2.644725254926797,-7.675527018660476e-05,-1803.6846558040315
B0005,563,2829.843,3.4723017813139436,2829.843,2.681747855329962,-6.463845237722112e-05,-1757.5846356792151
B0005,579,2810.672,3.470762691935288,2810.672,2.699983457940659,-5.8954724371925186e-05,-1734.9356427853347
B0005,583,2811.485,3.4681114670359903,2811.485,2.666300786624286,-6.0283136949583495e-05,-1733.914760713595
B0005,595,2802.031,3.464021404592563,2802.031,2.632763831012711,-6.206701729271139e-05,-1725.2128900621826
B0006,7,3631.563,3.568795337151627,3631.563,2.4791558539003917,-0.0001398715842602428,-1375.0462532217355
B0006,13,3650.828,3.5711391343785928,3650.828,2.2812068449406446,-0.00014144048746925772,-1383.3374933601067
B0006,19,3551.25,3.5633885134845777,3551.25,2.1864377487643725,-0.00014407054555165322,-1344.3108482523976
B0006,57,3511.594,3.571051969392875,3511.594,2.3997508208942735,-0.00014920059840303068,-1332.5553263099025
B0006,61,3431.9370000000054,3.5666308474029806,3431.9370000000054,2.491410879472442,-0.00015047669050952635,-1302.2222988383678
B0006,77,3410.718,3.5460070836403115,3410.718,2.4863117233366316,-0.00015872964799840036,-1263.809111989048
B0006,149,3328.937,3.538887276674914,3328.937,2.4288023941361625,-0.0001604468587665927,-2498.328566196982
B0006,153,3329.266,3.532743029535681,3329.266,2.3551430866643166,-0.00016621649003410328,-2476.4034443574915
B0006,169,3265.656,3.500928918686388,3265.656,2.4666715880697576,-0.00018957898711368623,-2326.124133298618
B0006,209,3203.578,3.4634693919672066,3203.578,2.406668297987779,-0.00023067599988300493,-2156.6236878945274
B0006,231,3167.719,3.446105572450594,3167.719,2.3705330061374523,-0.00014570163506915252,-2073.728971659862
B0006,243,3149.094,3.441164687975024,3149.094,2.39030487147494,-0.00012510104815443394,-2041.1970501003461
B0006,297,3058.157,3.420268714285665,3058.157,2.410475236770924,-8.373626787369836e-05,-1925.854327748102
B0006,335,3039.218,3.427340316812043,3039.218,2.4562499847243027,-8.793938078957987e-05,-1944.2548502631578
B0006,363,3012.0,3.417136929898869,3012.0,2.4007285025453995,-6.91773047793103e-05,-1887.3203611255858
B0006,386,2975.297,3.420331935905121,2975.297,2.497869764845928,-5.717103936214315e-05,-1845.6375485340527
B0006,390,2974.9850000000006,3.419291631169247,2974.9850000000006,2.472236707252471,-5.73325569933695e-05,-1844.614472321567
B0006,394,2966.25,3.414352330355796,2966.25,2.4278749904763077,-5.4592572716926545e-05,-1834.502030257262
B0006,406,2956.406,3.4144193202606417,2956.406,2.4248604132549767,-5.2265519933800104e-05,-1820.3675407629094
B0006,464,2891.64,3.4085862639015,2891.64,2.453938411405305,-2.5394033587729983e-05,-1741.9131101738092
B0006,468,2882.906,3.4048436161477675,2882.906,2.3940396792395253,-2.6517180041236145e-05,-1740.7647909579782
B0006,551,2846.39,3.4151799904188005,2846.39,2.4675402264113453,2.6534706304920453e-06,-1655.7899703490943
B0006,591,2801.625,3.4143881875034108,2801.625,2.470375229475307,2.473939946903519e-05,-1544.123368357176
B0006,611,2802.016,3.4197001775685685,2802.016,2.475767645530351,2.5320021172071527e-05,-1539.9898830018628
B0007,11,3652.281,3.5411626672196856,3652.281,2.1756867065903434,-0.00014964509940133992,-1297.1293215667888
B0007,15,3572.453,3.549458117635796,3572.453,2.026250619894166,-0.00014927240416559722,-1296.886093983184
B0007,26,3470.281,3.5604849642800676,3470.281,1.9086884059809102,-0.00014999776055793252,-1289.7686048924922
B0007,32,3429.407,3.565438928797127,3429.407,2.0133501283179167,-0.00015034447850950623,-1283.090336704904
B0007,81,3392.719,3.568983888921195,3392.719,2.0483657324095637,-0.0001493650714320681,-1275.5125616317932
B0007,97,3386.0,3.564242407046785,3386.0,2.0456561472058055,-0.00014934874647404278,-2550.143446681217
B0007,259,3122.125,3.5189923820688493,3122.125,2.1187211383693167,-0.00018338985174670558,-2246.327970336161
B0046,156,4568.438,3.312368012067944,4568.438,2.172247401410494,-0.00017464374421284954,-1015.2728587237156
B0046,158,4499.656,3.320267294029526,4499.656,2.167855497701561,-0.0001799562731194272,-1001.0625721531852
B0047,10,5499.046,3.46283862720326,5499.046,2.465765118194009,-0.00011899375900366559,-1403.3717571741013
B0047,28,5299.266,3.434468178084286,5299.266,2.4683068422721184,-0.00011995242962298562,-1282.7624833126463
B0047,60,5027.563,3.409591730169167,5027.563,2.4931638320699276,-7.612269867813085e-05,-1146.0569176312624
B0047,88,4998.656,3.4020951542950764,4998.656,2.479600589435018,-9.146647637959842e-05,-1123.230265938559
B0047,156,4568.438,3.3787603150370003,4568.438,2.498187334581169,-0.00011130764659717463,-980.1239644484939
B0047,158,4499.656,3.3804249258043604,4499.656,2.4982213366801296,-0.00013276622304314557,-970.8196166028786
B0048,42,5248.593,3.4351167375068563,5248.593,2.6767423992621824,-8.30429856539349e-05,-1245.679855283617
B0048,50,2384.094,3.633267347529536,2384.094,3.4429735829245125,-0.00015721654933427531,-625.5109385307421
B0048,74,4836.125,3.4037388246513505,4836.125,2.6866245843324728,-7.131448448403311e-05,-1101.4064865767116
B0048,108,4580.75,3.392305350343985,4580.75,2.691698678764574,-0.00010497530814222853,-1030.1497747474543
B0048,124,4440.531,3.3792475696650413,4440.531,2.686563173222129,-0.0001365649778091297,-992.4550835062255
B0048,128,4382.937,3.379564186354779,4382.937,2.687805922420921,-0.00018637839348470091,-982.7365240558591
B0048,130,4347.453,3.390535719678572,4347.453,2.6954427225266566,-0.00011100284238718222,-961.9938309010483
B0048,174,4581.328,3.4133709426845686,4581.328,2.6907134698484554,-0.00016784086703522096,-1019.9694713505891
B0049,0,1713.235,3.0533669889816424,1713.235,1.9925401284554691,-0.002360061360347165,-1109.3645705464771
B0049,16,2646.797,3.2264301040985304,2646.797,1.999505796022011,5.418510154728564e-05,-1370.524218311819
B0049,22,2981.312,3.341076435481295,2981.312,1.9887929829692834,6.819752389168719e-05,-1176.894383626313
B0049,26,1941.797,3.064645703434,1941.797,1.9939496316818301,-0.0010844139653968317,-1173.6815429203855
B0049,32,1894.485,3.0270487312102814,1894.485,1.9874243707218107,-0.0010770388915405237,-1110.4611543977435
B0049,52,1633.25,3.0444695632884344,1633.25,1.9960897948919885,-0.0016614795405744001,-926.9649875592106
B0050,10,4565.859,4.452558225780353,4565.859,0.3492816607816715,0.0010458116486201095,-50.38448725101684
B0050,18,2705.594,3.249578307400498,2705.594,2.1945981119604814,-0.00041422463876133434,-1768.6578946837853
B0050,28,2663.625,3.252056715450034,2663.625,2.1842630942134558,-0.00018890727510179146,-1704.7419483967074
B0050,34,1799.25,3.203552656913453,1799.25,2.1260336204243564,-3.5811437894424083e-05,-653.6566589916212
B0051,0,1713.235,3.1549295868000695,1713.235,2.469359676853076,-5.625443575639477e-05,-803.8679291365609
B0051,16,2646.797,3.374730393919155,2646.797,2.4909800416005967,8.445293619973558e-05,-1228.12698378593
B0051,22,2981.312,3.4585402775766267,2981.312,2.4911013141195597,7.924993734675329e-05,-1099.1447969143849
B0051,26,1941.797,3.3318802380296018,1941.797,2.487899627353052,6.917279659535628e-05,-1042.0024920426501
B0051,32,1894.485,3.309192748830772,1894.485,2.498094046924129,7.002820022401661e-05,-995.5091555256765
B0051,52,1633.25,3.2714858496851633,1633.25,2.491516785323916,5.25979619991972e-05,-868.6949729661754
B0052,8,3049.781,3.398418097739408,3049.781,2.697283446718984,8.29172540065597e-05,-1694.917221194754
B0052,46,1690.594,0.32179114268680853,1690.594,0.3170418237707028,,0.03714157916056962
B0053,42,2410.688,3.0715434654202056,2410.688,1.968810244689163,-0.0007305598983844728,-1268.8695346650481
B0053,70,2383.234,3.0625561806089805,2383.234,1.954304860794578,-0.00076292663016214,-1209.7647629082114
B0053,74,2359.296,3.0689252222547845,2359.296,1.9932654775438805,-0.0007286097976244701,-1193.7289086249027
B0053,108,2463.578,3.094404341842919,2463.578,1.9931418060709154,-0.0006386215726203963,-1216.130151625696
B0053,124,2345.0,3.07747039563623,2345.0,1.9626921591466933,-0.0007366835798559038,-1128.9833265291993
B0053,128,2316.687,3.0876804837745575,2316.687,1.9982886464924436,-0.00070889548154329,-1114.1392036040515
B0054,8,2713.812,3.01454720998788,2713.812,2.194436684364802,-0.001679978298149254,-1705.4891095515873
B0054,46,2577.891,3.3618255699339716,2577.891,2.195354018162212,8.397208969659103e-05,-1227.9882268656484
B0054,48,2572.36,3.0697484205507837,2572.36,2.1757051329882087,-2.527762201094842e-05,-1445.2667403655967
B0054,80,2488.86,3.108429182728022,2488.86,2.198606902338691,2.0469998089834724e-06,-1315.629714785967
B0054,84,2485.766,3.105689464508503,2485.766,2.1931605321338634,4.4388704603440436e-06,-1301.8030322878628
B0054,86,2506.718,3.0760655450126255,2506.718,2.1971158447610275,-1.80375341468581e-05,-1310.0745102533829
B0054,112,2503.172,3.0717547704345236,2503.172,2.1887585386046826,-3.776312537445782e-05,-1280.697491183411
B0054,140,2449.922,3.0671371599201445,2449.922,2.176887912375456,-2.1774387468550865e-05,-1238.689563086063
B0054,144,2408.781,3.0788136148861587,2408.781,2.1883883016985664,-2.8201666481121506e-05,-1225.9908790681084
B0054,216,2326.657,3.0491012363957046,2326.657,2.1802092140590776,-3.569065923430041e-05,-1048.9788181066592
B0054,240,2345.0,3.1101318981773254,2345.0,2.188819744044954,1.9099777228141453e-05,-1017.537491590224
B0054,248,2322.0,3.0780861695186954,2322.0,2.197124548478272,4.1147350454560575e-06,-1003.4705204760244
B0054,250,2357.687,3.0479784004723776,2357.687,2.1601370672426743,-1.5852973243677737e-05,-1026.7409650845746
B0055,100,2459.3129999999946,3.356819503345258,2459.3129999999946,2.4968794236107965,6.185125364513257e-05,-1210.2489477385209
B0029,29,1636.969,3.3976547229925314,1636.969,1.8332269197665616,-0.0005141962964329838,-2209.874836299751
B0029,39,1646.438,3.4009393708925715,1646.438,1.9724619388377238,-0.0005150552932465788,-2172.3349915025383
B0029,49,1622.218,3.391570729569499,1622.218,1.8380927294124034,-0.0005206833118168023,-2110.2616871335276
B0029,63,1598.969,3.3972034744785984,1598.969,1.9297361391600052,-0.0005346634511351738,-2006.5146255916923
B0029,93,1536.781,3.3850191492367934,1536.781,1.8433554303146658,-0.0005815622061660269,-1822.0226671480075
B0030,33,1622.016,3.3859058007878606,1622.016,2.0502203248956845,-0.00026239931212851446,-2067.3371734205766
B0030,43,1622.016,3.3871804940378154,1622.016,2.095250035916422,-0.00026623774992780573,-2027.2337534628252
B0030,45,1616.25,3.381344501079787,1616.25,1.9652225177027667,-0.0002648778661005057,-2010.2432648902427
B0030,51,1619.656,3.3887947335699513,1619.656,2.1107101939003567,-0.00022445175327181683,-1986.5853352636761
B0030,53,1605.484,3.390949417762555,1605.484,2.154272422860638,-0.0002048339125398564,-1960.2478273659558
B0032,5,1705.906,3.362818742242727,1705.906,2.653980741191812,-0.0005706666299323932,-2395.186810075193
B0032,9,1686.094,3.3623525067509745,1686.094,2.611753951946988,-0.0005829415271884051,-2341.2872630866896
B0032,17,1666.093,3.3588621907326903,1666.093,2.616116680441599,-0.0005902444967339414,-2271.5913626305
B0032,37,1638.422,3.3463881483402127,1638.422,2.6512994484308834,-0.0006170360317966515,-2143.1214556358645
B0032,65,1592.187,3.3500497479561155,1592.187,2.6671246169170018,-0.00034517917301120506,-1945.084083504592
B0032,75,1574.469,3.3473243912185398,1574.469,2.6715941703662405,-0.0003378919573730983,-1890.0226112354983
B0032,79,1561.422,3.346646262078225,1561.422,2.6718636231921065,-0.00024080956728350379,-1849.0612629885784
B0032,85,1573.734,3.3373798184076704,1573.734,2.6027515790201994,-0.0003354818939244061,-1857.903851569539
B0033,30,3222.188,3.349933357551048,3222.188,1.9596564991730565,7.024139598281755e-05,-1911.8815809602359
B0033,44,3218.25,3.37721717417298,3218.25,1.9491950772703672,6.66987216454518e-05,-1864.0161781954332
B0033,62,3228.141,3.3767116394385748,3228.141,1.991339490634848,6.431610143031684e-05,-1790.220808659884
B0033,64,3217.875,3.3677818889382087,3217.875,1.8710207024150525,6.446332548188023e-05,-1787.2229389261574
B0033,96,3178.75,3.384412599158674,3178.75,1.90479520665137,6.876834404612453e-05,-1667.5899007286175
B0033,104,3173.766,3.3669463001908215,3173.766,1.9532771236637267,6.642086950397895e-05,-1663.8048955638224
B0033,154,3159.281,3.3800922874688313,3159.281,1.8884361117708077,7.202742090866688e-05,-1506.635827455353
B0033,160,3129.797,3.3819655060503897,3129.797,1.9196175823544368,7.243040263168954e-05,-1442.8408205384112
B0033,168,3196.859,3.34671969744035,3196.859,1.8154710749647818,5.999175324797579e-05,-1539.586064570158
B0033,172,3160.8429999999935,3.3665010841717953,3160.8429999999935,1.8937050882323652,7.142247742161917e-05,-1467.6699721758146
B0033,184,3141.047,3.3684660702508413,3141.047,1.9378745892006957,7.629298383920796e-05,-1426.9894333921102
B0033,194,3120.172,3.3645795285683,3120.172,1.914352330463475,7.460204580320924e-05,-1378.9768078465
B0033,198,3110.844,3.3602816519781875,3110.844,1.846946703906843,7.730183516493596e-05,-1362.5647813481148
B0033,224,3107.141,3.365009881518471,3107.141,1.9004154638642285,7.72068472397334e-05,-1315.3810519301885
B0033,264,3071.782,3.3590229176543436,3071.782,1.8197773356081153,7.273156633031834e-05,-1232.3646014987755
B0033,288,3028.562,3.3580039892986155,3028.562,1.7746653306163975,7.547014994843e-05,-1177.774486287746
B0033,326,2986.766,3.320924665615561,2986.766,1.7718580087129037,7.549038655292142e-05,-1100.035015940196
B0033,360,2988.453,3.8025429033127556,2988.453,1.3263821081867295,,-324.1239374206681
B0033,366,2950.39,3.340797815795268,2950.39,1.8841219743920603,8.070087248452217e-05,-1096.6234845031272
B0033,374,2936.171,3.3514532404651263,2936.171,1.8546413788349956,7.25413173508081e-05,-1075.589392327275
B0033,422,2957.016,3.36223019045064,2957.016,1.8220675972367208,7.858517658883013e-05,-1046.6393989137198
B0033,444,2917.297,3.360999914466084,2917.297,1.820065501803385,7.87729302853548e-05,-1021.8329955911944
B0033,458,2892.031,3.3724762289358936,2892.031,1.9741597310368288,7.89083274784422e-05,-991.1146069944352
B0033,462,2888.719,3.368252629840794,2888.719,1.9140482800494218,7.828576042185873e-05,-985.6867537339605
B0033,482,2829.516,3.3718174824145506,2829.516,1.9943670583085842,7.814231766561762e-05,-965.3998129037121
B0034,0,1819.406,3.1178767585161355,1819.406,2.170439265213917,6.439939201752149e-05,-1057.87186001219
B0034,16,3234.625,3.372907207421513,3234.625,2.164719422934807,6.5305388488055e-05,-1865.8393736566481
B0034,22,3230.25,3.3845619896694177,3230.25,2.188985459937614,6.260978115416087e-05,-1806.236535242621
B0034,32,3216.546000000002,3.3914152987340263,3216.546000000002,2.1531556355876535,6.045310587502256e-05,-1747.8328815089953
B0034,52,3225.219,3.327594909243545,3225.219,2.11932965334224,3.761359815765486e-05,-1801.8719140242363
B0034,92,3192.172,3.412313772481233,3192.172,2.163289759388807,6.28705071708391e-05,-1540.1654246083597
B0034,110,3196.015,3.4077342186972053,3196.015,2.160000438530016,6.363750468197163e-05,-1529.7581401920918
B0034,118,3183.516,3.3788262514527325,3183.516,2.126099692893142,6.621198226165544e-05,-1555.9635839748623
B0034,122,3191.516,3.3875269079595323,3191.516,2.074340759266504,6.643594779746402e-05,-1517.2829039496994
B0034,132,3171.36,3.3994906529891584,3171.36,2.1244761059896846,6.167376820694854e-05,-1455.2202412045224
B0034,134,3170.843,3.3981483429417363,3170.843,2.0601307559265187,6.231875676382352e-05,-1439.9633830548719
B0034,180,3151.047,3.3959631396347314,3151.047,2.0671609840346776,6.408540572665959e-05,-1366.355210202218
B0034,182,3159.172,3.399629787670527,3159.172,2.1233368877812127,6.486278667249053e-05,-1371.43993583168
B0034,204,3099.563,3.4012246723873054,3099.563,2.0729178734316847,6.334686200406069e-05,-1256.6052082089834
B0034,220,3095.687,3.4076614389230264,3095.687,2.18178697368346,6.33311396633804e-05,-1237.133199657943
B0034,236,3076.484,3.397837445661631,3076.484,1.992728560786441,6.470907575683835e-05,-1221.4127125112154
B0034,244,3055.828,3.405285236397769,3055.828,2.1817137827751827,6.286848865746578e-05,-1182.0190683858823
B0034,254,3070.344,3.398152161778587,3070.344,1.9953872570984859,6.654866559020546e-05,-1196.952531701937
B0034,268,3053.656,3.3954010023424295,3053.656,1.9776004444482063,6.841349093603439e-05,-1185.0786987547476
B0034,298,3009.016,3.3961519106185567,3009.016,2.051523215347617,6.626518033002715e-05,-1133.1978335875478
B0034,306,3011.75,3.399278705498605,3011.75,2.1365617064803337,6.979349569188424e-05,-1121.4300779628068
B0034,310,2993.75,3.392072804087538,2993.75,1.9772527709370782,6.832968909413774e-05,-1118.6869022988296
B0034,312,2998.125,3.3991110461098457,2998.125,2.126873333723975,7.064890502267897e-05,-1108.1944152923418
B0034,338,3011.7339999999967,3.3936424232686777,3011.7339999999967,2.0310061849780774,6.942771151568564e-05,-1094.9656476849145
B0034,350,2985.953,3.402815164201858,2985.953,2.186393196562525,7.152796974005541e-05,-1075.776528073254
B0034,358,2969.953,3.3900153291758652,2969.953,1.9724956503793716,7.281609606600933e-05,-1068.8484987676413
B0034,364,2976.234,3.392818734682919,2976.234,2.0442124222047857,7.200794628084085e-05,-1072.0552646669316
B0034,418,2962.609,3.380989577809653,2962.609,1.9787021969242387,6.709089437274643e-05,-1026.3941727637696
B0034,440,2938.547,3.385789471179038,2938.547,2.1668802335410113,7.228945776932143e-05,-1004.6721647780863
B0034,476,2896.063,3.376410242596213,2896.063,2.0152140329169153,7.540071088165976e-05,-995.4805455199023
B0034,480,2836.609,3.369493571122545,2836.609,1.9943823501630709,7.722504642225758e-05,-977.4097881010651
B0036,0,1819.406,3.31006215589056,1819.406,2.692363558999662,-0.00031114809501139304,-1241.4921073231142
B0036,16,3234.625,3.4626756481952135,3234.625,2.6568692251182435,-0.00019842141195648065,-2240.799555733371
B0036,22,3230.25,3.46684942807161,3230.25,2.6529146015025353,-0.00019878604550230676,-2208.818634723119
B0036,32,3216.546000000002,3.4713079799093167,3216.546000000002,2.6856316852084854,-0.00019899806240577226,-2156.329277156364
B0036,52,3225.219,3.476093760887936,3225.219,2.627373237504619,-0.000193007444787648,-2075.0177053064094
B0036,92,3192.172,3.4792060334218484,3192.172,2.6450931525551966,-0.00019963273265422582,-1927.3621768258113
B0036,110,3196.015,3.483386467433143,3196.015,2.656640378340114,-0.00019768080454354603,-1888.0760935575747
B0036,118,3183.516,3.479757858885176,3183.516,2.6908838763824483,-0.00019484269632382467,-1866.2701280822635
B0036,122,3191.516,3.478115431463943,3191.516,2.6235919177171154,-0.00019565563502739277,-1858.5382094287256
B0036,132,3171.36,3.4777534118948474,3171.36,2.668754575341305,-0.0001989758365528174,-1823.6289062530375
B0036,134,3170.843,3.4766647808370212,3170.843,2.658195971284472,-0.00020011169925243728,-1815.9951241508836
B0036,180,3151.047,3.476550829464976,3151.047,2.6878503046332485,-0.00020333687910284155,-1718.4187900942693
B0036,182,3159.172,3.4780238234643837,3159.172,2.606635521236163,-0.000201685493343658,-1719.2354390688834
B0036,204,3099.563,3.462977276421613,3099.563,2.6688661295694205,-0.0002118997287411764,-1642.757921507607
B0036,220,3095.687,3.4640211108291776,3095.687,2.6485692977117936,-0.00021289479488594587,-1615.5561438093837
B0036,236,3076.484,3.4639606818858963,3076.484,2.679397409659904,-0.0002149222261047045,-1580.802150730524
B0036,244,3055.828,3.4550270581595064,3055.828,2.6521564133104056,-0.00022053911791651245,-1556.076963838691
B0036,254,3070.344,3.460123931470793,3070.344,2.6354438765341697,-0.00021857952612923805,-1551.3627701049538
B0036,268,3053.656,3.4626538753824723,3053.656,2.6931351824491827,-0.00021992129865758693,-1524.690146761526
B0036,298,3009.016,3.4593899824444234,3009.016,2.690672074169337,-0.00022187744705775287,-1468.123019571273
B0036,306,3011.75,3.4567232383364708,3011.75,2.6669662761212,-0.0002226536033019167,-1460.1741065075983
B0036,310,2993.75,3.45726399763237,2993.75,2.6914302974482167,-0.00022406437107764984,-1446.3542763027958
B0036,312,2998.125,3.454001818228905,2998.125,2.641029666264374,-0.000225432225556498,-1445.0314088149328
B0036,338,3011.7339999999967,3.4577876655294575,3011.7339999999967,2.6656468752025866,-0.00022361023213324658,-1425.811021952168
B0036,350,2985.953,3.4589316936414067,2985.953,2.6883490982654625,-0.00022785942222548785,-1398.4863246723614
B0036,358,2969.953,3.4541105051819967,2969.953,2.682065697865543,-0.00023017102511038628,-1382.9571188548607
B0036,364,2976.234,3.4556428472235314,2976.234,2.6345026369215763,-0.00022889160464427787,-1383.5681843432726
B0036,418,2962.609,3.4520533055457463,2962.609,2.6231998193879877,-0.00023252936766790763,-1327.0335274532329
B0036,440,2938.547,3.4506683416102253,2938.547,2.645771603606621,-0.00023634601577533223,-1298.7780872557325
B0036,476,2896.063,3.452089547010761,2896.063,2.6188084347235887,-0.00023968692766334617,-1250.8995731825516
B0036,480,2836.609,3.4451953986146564,2836.609,2.6883439532038187,-0.00024776006842630604,-1221.0017978593212
B0038,42,6558.75,3.6165883435722845,6558.75,2.1909799678189845,-7.458585884661911e-05,-2302.9860042163205
B0038,70,6528.562,3.6161958977911253,6528.562,2.199945094089768,-7.471835302121344e-05,-2181.423484609767
B0038,108,3156.563,3.4372306264860053,3156.563,2.061244397117138,-0.00023717423897784347,-1906.4388928338178
B0039,42,6558.75,3.6468115454863113,6558.75,2.4673788761032256,-7.426944429971988e-05,-2293.903924472926
B0039,70,6528.562,3.6429596917730023,6528.562,2.4393843779206725,-7.47433249215959e-05,-2167.948232462752
B0039,108,3156.563,3.468937839466872,3156.563,2.442965370421763,-0.00022955483988862076,-1807.2509024372869
B0040,10,1457.0,3.445308801417866,1457.0,2.69268420954805,0.00035617114602087607,-873.4454965988708
B0040,28,1380.938,3.4582560405936866,1380.938,2.6945279873006065,0.00039897437416869594,-790.3886018125318
B0040,60,6540.187,3.6222214851987284,6540.187,2.654408689336339,-7.539611099913325e-05,-2158.6943257446965
B0040,88,6501.718,3.621799074855712,6501.718,2.67226557137279,-7.562202015969352e-05,-2054.582796997108
B0041,21,1025.719,4.057419271798584,1025.719,1.976983963738619,,-57.734277212963
B0041,87,109.078,3.340751046871069,109.078,1.750577605139322,,-51.7134397342307
B0041,95,109.094,3.356583779630795,109.094,1.7728949542450014,,-52.57348006061345
B0041,99,97.015,3.5159000773941735,97.015,1.9650910927147995,,-45.23232248195315
B0041,121,5513.39,3.3751162200711273,5513.39,1.9738816345942323,1.0894697708183994e-05,-1028.9927395669358
B0041,123,5486.187,3.3621759630641295,5486.187,1.96202217374659,8.526251608759219e-06,-1000.2609017368893
B0041,133,5384.438,3.375981642842382,5384.438,1.9779431503032714,2.2442859391318413e-05,-946.2748101908281
B0041,157,5109.734,3.3628002392609946,5109.734,1.9745500537070804,2.5776722526439427e-05,-868.3983999754998
B0055,126,2474.844,3.3561654160874417,2474.844,2.4960054501777855,4.775881609059192e-05,-1266.0917312237916
B0055,136,2460.125,3.4101053703947346,2460.125,2.4850759949386982,6.836112771500581e-05,-1173.6004292854998
B0055,138,2440.547,3.3607031370514133,2440.547,2.4972833794296387,5.855250052957946e-05,-1198.9675688817395
B0055,176,2403.234,3.343831990901096,2403.234,2.4989275943849365,5.147572909784589e-05,-1134.5909747353978
B0055,188,2342.453,3.3795059063602473,2342.453,2.4972946109355068,6.078465334288479e-05,-1080.0411625567983
B0055,196,2360.172,3.367453756537879,2360.172,2.498292598142556,7.062034188881053e-05,-1060.4202833004404
B0055,202,2327.1570000000065,3.3312076810837934,2327.1570000000065,2.495394779769103,4.795623223279166e-05,-1086.983556017124
B0055,232,2392.375,3.396001919549733,2392.375,2.489889091081545,7.844669275580816e-05,-1015.2504545653579
B0056,100,2459.3129999999946,3.356825640396486,2459.3129999999946,2.6984158813975863,6.807199418779202e-05,-1221.1994901666296
B0056,148,2420.671,3.3822432790887733,2420.671,2.689936372979849,6.68796465902303e-05,-1170.3271154516444
B0056,214,2295.109,3.3368543585349384,2295.109,2.68848533115398,4.910487699815826e-05,-1081.1930824636897
B0056,226,2458.812,3.35783819768597,2458.812,2.6996810856937454,6.0353339546493816e-05,-1118.3276126155583
B0041,161,5051.672,3.3532124745137564,5051.672,1.9845398354520498,2.4733286857547483e-05,-855.3104059193265
B0042,8,3211.438,3.4946031502677606,3211.438,2.1366970037230573,-0.00015702419041359043,-2298.6646090820195
B0042,46,2999.454,3.502583397680059,2999.454,2.153538168709435,-0.0001742054153459641,-1971.144598112926
B0042,66,2994.844,3.5005973952624823,2994.844,2.0092759412003707,-0.0001761844694188497,-1949.0252652810773
B0042,80,2948.219,3.4957274527798234,2948.219,2.0786601580627257,-0.00018405080525618514,-1869.0839211698287
B0042,84,2913.797000000006,3.4900059195673454,2913.797000000006,2.1378818450405794,-0.00018972929219110098,-1830.744772855131
B0042,86,2900.703,3.4877605772116023,2900.703,2.1834760399486535,-0.00019113837053614562,-1815.5927232266952
B0042,90,2914.031,3.4820338003810947,2914.031,2.0156684625826635,-0.00019095056739042922,-1812.4418778680117
B0042,102,1055.25,2.7052764231784745,1055.25,2.166646513631925,,-957.6826212864938
B0042,112,1063.609,2.6915754831923038,1063.609,2.1861984912538444,,-996.4859733636856
B0042,119,1039.984,2.672674327169748,1039.984,2.1962120524397566,-0.007080077641324303,-956.6301976739153
B0042,127,1038.375,2.6501031288202412,1038.375,2.1889636369151995,-0.007091954109516325,-937.7087349409369
B0042,153,990.234,2.5894657078700765,990.234,2.1860372690383523,-0.008088638200402681,-842.3213563451271
B0042,169,1019.125,2.5730668910828003,1019.125,2.1419779252621813,-0.0074400237621920365,-847.1578971133787
B0042,175,1004.328,2.55477417245046,1004.328,2.152849839303629,-0.007747117754628733,-820.2697502063264
B0042,187,979.203,2.5322112945564683,979.203,2.188428099048639,-0.008250030431279844,-782.2092769134052
B0042,209,96.906,3.145442873663138,96.906,2.082550981383133,,-80.41203228620799
B0042,211,97.015,3.1652602154514016,97.015,2.144385419639702,,-81.10227174828485
B0042,231,5528.453,3.4137666152192327,5528.453,2.1739453453589515,-0.00012259476831996026,-1511.8648147901974
B0042,243,5402.875,3.3920891926927395,5402.875,2.157698091133544,-0.00013073352005328736,-1447.5630529157786
B0042,261,5179.062,3.377465140772933,5179.062,2.159795216779738,-0.00014018745011882254,-1352.7767396632146
B0043,16,3121.672,3.507465391169606,3121.672,2.416288536712014,-0.00016978022323591932,-2173.091789490856
B0043,22,3077.75,3.5024428414174498,3077.75,2.429311406516166,-0.0001739066599793286,-2099.793028061069
B0043,26,3074.875,3.5007336141613465,3074.875,2.4024069940444392,-0.00017555253670930194,-2084.6711160420555
B0043,32,3040.75,3.5007698538114465,3040.75,2.400209592232293,-0.00017978402452672147,-2028.7121530290506
B0043,92,2901.968,3.477204405944101,2901.968,2.370171214445116,-0.0001708040949331065,-1682.5561248319448
B0043,110,982.094,4.044551430084687,982.094,2.3604432554634345,,-71.46647301676708
B0043,155,608.953,3.9942812603304247,608.953,2.4649338982361098,,-73.39999943907407
B0043,163,1050.406,4.0529846665294675,1050.406,2.453991394977099,,-73.94712349991734
B0043,179,1005.75,4.0502554179984545,1005.75,2.45187326606884,-0.009068954781041756,-74.06318541583417
B0043,183,998.921,4.049471733543249,998.921,2.469341225978269,-0.008944350296799117,-74.36055467145538
B0043,249,5305.156,3.4327159380148453,5305.156,2.4722726688004673,-0.00012949251497009783,-1367.7659934994927
B0043,259,5206.954,3.4199159770745955,5206.954,2.4707802117428486,-0.0001215738792411485,-1311.6670190363782
B0044,16,3121.672,3.4680330762776066,3121.672,2.6725301429926103,-0.00018542465650298002,-2091.158870501184
B0044,22,3077.75,3.4638780520264913,3077.75,2.6678573050009757,-0.00016982388450580428,-2018.7443584304876
B0044,26,3074.875,3.4618790737027214,3074.875,2.651692148341609,-0.00016435599546911055,-2003.7252441211592
B0044,32,3040.75,3.462773986667914,3040.75,2.670554577314724,-0.0001501474200857605,-1941.2632450570052
B0044,92,2901.968,3.447035324752622,2901.968,2.6420564556682917,-9.09277933531933e-05,-1592.401887760029
B0044,110,982.094,4.04489102283376,982.094,2.4875185728014695,,-58.77454431815476
B0044,155,608.953,4.006197810720952,608.953,2.688243972514366,,-61.531607744321484
B0044,163,1050.406,4.053493486866575,1050.406,2.6700548004006626,,-61.17247119694938
B0044,179,1005.75,4.051149690799868,1005.75,2.693112294857156,,-61.69596823751784
B0044,183,998.921,4.023099876518757,998.921,2.455959621392259,,-71.67853404935386
B0044,249,5305.156,3.4305423593747624,5305.156,2.6956578221948044,-4.351164351767645e-05,-1285.790993811769
B0044,259,5206.954,3.4158750516648495,5206.954,2.6982230360736286,-4.2395086795109386e-05,-1242.9121888894788
B0045,0,6436.141,3.350714722896954,6436.141,1.990881848788414,1.342230560858623e-05,-1075.2630504041344
B0045,16,5451.281,3.3577453333601173,5451.281,1.9822192378370667,3.0077943764411287e-05,-803.5914558670956
B0045,22,5411.297,3.37473120155204,5411.297,1.97927314966301,2.4203417813584056e-05,-807.8498468209182
B0045,26,5327.406,3.385176591409284,5327.406,1.9965583229383295,2.716096568892445e-05,-779.7496918207112
B0045,32,5367.172,3.3490369985986623,5367.172,1.9877016401767398,3.402147895890986e-05,-774.007662716095
B0045,52,5340.281,3.3890592669530064,5340.281,1.9935644864605024,3.1439614165122576e-05,-724.7746804013296
B0045,92,4842.11,3.369795461948358,4842.11,1.999993313622792,2.9503485354640374e-05,-666.8447978700158
B0045,118,4483.094,3.3524230278750884,4483.094,1.9789936656967484,3.346888733912244e-05,-608.3080240946649
B0045,132,3581.188,3.268327350028982,3581.188,1.9974420919351863,1.8825069079030955e-05,-587.60376770393
B0045,180,4450.625,3.346259719877527,4450.625,1.9697892783360584,3.6466703449158264e-05,-558.3027081057514
B0046,0,6436.141,3.4409645322869093,6436.141,2.1792997733612083,-0.00010420733445315492,-1689.9165064524905
B0046,16,5451.281,3.3913871477101276,5451.281,2.1978529182010296,-0.00011764319964605998,-1388.7291563904575
B0046,22,5411.297,3.4089875975783035,5411.297,2.1866396618663058,-0.0001275449480728043,-1378.8097257900636
B0046,26,5327.406,3.4032461605763142,5327.406,2.169516718963703,-0.0001296833937605839,-1348.8517264916973
B0046,32,5367.172,3.3721964614287625,5367.172,2.1813781395662764,-0.00011734614245009624,-1340.168821137784
B0046,52,5340.281,3.3771442240108134,5340.281,2.199378116446157,-0.00014250737463623376,-1311.0761382550752
B0046,92,4842.11,3.3535254761184152,4842.11,2.1586585951828057,-0.0001581976084902189,-1142.9904536893496
B0046,118,4483.094,3.3222409583819172,4483.094,2.176786994904175,-0.0001781115653649016,-1025.1011972526078
B0046,132,3581.188,3.442619347497666,3581.188,2.957668027855621,-0.00018793734233941712,-841.1829109171374
B0007,285,3086.531,3.515145455757882,3086.531,2.1663009505205935,-0.00018954797812080628,-2209.4492362020987
B0007,347,3021.0,3.505100433926624,3021.0,2.1437793669909317,-0.0001998402608121463,-2147.571416962301
B0007,426,2929.375,3.491141936620365,2929.375,2.0253107306977376,-0.00021614977372632211,-2062.988092750204
B0007,452,2900.422,3.4891932104785117,2900.422,2.164511453629433,-0.0002220111858919998,-2040.1157885290413
B0007,520,2847.437,3.4760964268413868,2847.437,2.1738445330859366,-0.00024085407852990438,-1963.5824489330619
B0007,528,2837.328,3.4661964701943586,2837.328,2.0033802121225017,-0.0002470409541879453,-1951.1669518604597
B0007,571,2819.437,3.467453100453347,2819.437,2.1314172797434523,-0.00023733896968544337,-1931.237231164193
B0007,575,2819.579,3.4675864728547867,2819.579,2.188995882590831,-0.00022645863973562322,-1924.0987581968975
B0007,599,2793.39,3.462080549971084,2793.39,2.132718741006573,-0.00023041450044502816,-1900.2664708844911
B0007,603,2793.39,3.4578782949034514,2793.39,2.0114763339798887,-0.00023124302227420183,-1898.3843608707157
B0007,607,2792.485,3.4615909371448925,2792.485,2.1610456063312298,-0.00020925650367579706,-1893.1146845679527
B0007,613,2820.39,3.47535804252648,2820.39,2.1732119934933296,-0.0002504800043887072,-1943.2980861909145
B0018,21,3399.516,3.547514243863152,3399.516,2.4964491577040793,-0.00015764920002818544,-2395.0881764233955
B0018,95,3222.093,3.512009111410794,3222.093,2.350237238739749,-0.00016910409318705014,-1850.1839843647815
B0018,133,3172.562,3.511416727290239,3172.562,2.3306937114568003,-0.00019240112549737348,-1828.7098065125667
B0018,219,2873.766,3.466072725920186,2873.766,2.4953159238201255,-0.0001352487577706394,-1416.0153927833305
B0018,226,2870.234,3.46527367520258,2870.234,2.3722299202290382,-0.0001603237490253568,-1417.5164590544198
B0018,252,2785.391,3.455840338587254,2785.391,2.4651687831472158,-0.00013429829647977734,-1321.212304783607
B0018,260,2894.922,3.474031881945214,2894.922,2.4247066368907255,-0.00020417670425870816,-1401.326650065778
B0018,269,2849.281,3.465121364666261,2849.281,2.4272514813701016,-0.00017031435705400057,-1277.5368188972393
B0018,278,2812.7189999999973,3.4628394292016025,2812.7189999999973,2.4567563196678455,-0.00015009428774578507,-1310.917310903338
B0025,3,6515.422000000006,3.4000808365438178,6515.422000000006,1.9182683747066012,1.8518609153195518e-05,-2263.3638167987856
B0025,36,6427.079,3.437199999112005,6427.079,1.9344488971472638,1.1352215527721783e-05,-2080.8904243035495
B0025,38,6417.156,3.4349851634526334,6417.156,1.8425883947903754,1.1002845721273712e-05,-2065.7435787775735
B0025,58,6326.062,3.4228002445936725,6326.062,1.7016507714607274,1.0979993501247895e-05,-1967.5304014183143
B0025,69,6284.297,3.420845251582567,6284.297,1.8323981556137667,8.580750730961835e-06,-1928.1986352618849
B0025,73,6266.641,3.434319551092363,6266.641,1.9934958310371553,1.0246861453259822e-05,-1904.4052963359381
B0026,11,6466.672,3.433945869545593,6466.672,1.9095478812878097,1.98221831578414e-05,-2159.1391335120284
B0026,15,6410.672,3.2986715430208906,6410.672,2.0442560844271522,-1.9771608224750635e-05,-1614.9358694270952
B0026,22,6460.75,3.4209107644287986,6460.75,1.9288388497995346,1.9352992389048386e-05,-2110.6567799561817
B0026,26,6447.125,3.4422746572295964,6447.125,2.0842440571468894,1.774517131987209e-05,-2074.4995954045417
B0026,52,6359.812,3.407718018835802,6359.812,1.8699981350012518,1.7686650564383997e-05,-1993.9684891073655
B0026,67,6309.172000000006,3.4199281426137094,6309.172000000006,1.8357784756785414,1.5004149452384532e-05,-1925.5427303922515
B0027,11,6466.672,3.4180604683405,6466.672,2.4669313816061296,2.3793305211161714e-05,-2048.54258530523
B0027,15,6410.672,3.3978401981445576,6410.672,2.492471012096456,-7.418021716892183e-06,-2002.0008254910433
B0027,22,6460.75,3.411384397730041,6460.75,2.4791120561344835,2.913538084695955e-05,-2019.2184641674648
B0027,26,6447.125,3.4031041806987634,6447.125,2.4202095510772232,2.2111173709553136e-05,-1985.6655899023735
B0027,52,6359.812,3.390746744780091,6359.812,2.408349641748691,3.455888528909687e-05,-1911.8265832410661
B0027,67,6309.172000000006,3.403879368199539,6309.172000000006,2.456168013420922,2.547791997139213e-05,-1838.9459216562902
B0028,24,6448.907,3.68309109975676,6448.907,2.664091579679959,-4.303173549665505e-05,-2149.516129415194
B0028,40,6398.907,3.6808780113914032,6398.907,2.5488905698718844,-4.390918450755236e-05,-2070.8619269051196
B0005,5,3651.641,3.5437367282718983,3651.641,2.6519168938437794,-0.00015342224908772946,-1262.9483056638
B0005,9,3629.172,3.542343252667217,3629.172,2.547419651124539,-0.0001534044140747349,-1262.9621259086864
B0005,17,3550.594,3.5529355991467955,3550.594,2.6038584726333673,-0.0001538108580675325,-1258.0922927717504
B0005,30,3450.297,3.5627468180175024,3450.297,2.694621861688723,-0.0001554573470115608,-1244.6622593394427
B0005,65,3431.125,3.564103182686904,3431.125,2.6849988185249796,-0.00015316420422375766,-1251.5580014901775
B0005,85,3470.672,3.5573161327793152,3470.672,2.628919415830567,-0.0001517707808004053,-2544.0848802401883
B0005,135,3312.078,3.553441821159802,3312.078,2.645224362345869,-0.00016310727224714096,-2416.5023346316293
B0005,143,3275.328,3.5513176082139504,3275.328,2.6926849789916263,-0.00016644894035170354,-2385.8086900352964
B0005,165,3275.125,3.552376095886299,3275.125,2.6629725743154204,-0.00016413817764893382,-2393.5519625670127
B0005,177,3257.594,3.5472118680418943,3257.594,2.6287695472774453,-0.0001680868347188241,-2362.3673120920935
B0005,189,3240.14,3.543629161425323,3240.14,2.643236235233877,-0.00016462404460061082,-2331.901665481871
B0005,205,3213.219,3.540671044783381,3213.219,2.695100237338448,-0.00015512009996402826,-2286.2717380011277
B0005,213,3195.125,3.538422485261741,3195.125,2.6857210282450983,-0.00015638724473124652,-2269.8282585343654
B0005,235,3159.077999999994,3.5287226893409898,3159.077999999994,2.642986759012803,-0.00015086074745516355,-2214.593675389967
B0005,255,3121.907,3.524673458789008,3121.907,2.69892986372897,-0.00013779878966779219,-2161.020995679394
B0005,273,3095.094,3.5162336486082393,3095.094,2.688809122993162,-0.00013176161135596028,-2120.3241535083957
B0005,323,3066.0,3.5151375220090766,3066.0,2.6983970036642315,-0.00012660393062193046,-2077.372763165747
B0005,366,3020.11,3.5065859365661316,3020.11,2.6594753656507684,-0.0001230745687186554,-2023.422691406661
B0005,374,2992.703,3.5016583871628075,2992.703,2.6719601666204564,-0.0001118784074785047,-1983.7559973664909
B0005,422,2928.454,3.487376295811432,2928.454,2.634098605983684,-9.719650877964054e-05,-1897.0334793469628
B0005,444,2918.375,3.4885729299834765,2918.375,2.6806995515145213,-9.031966982378734e-05,-1882.2700435115628
B0005,482,2901.25,3.4886823636752835,2901.25,2.6949138502817815,-8.970244091467263e-05,-1861.2397397956743
B0005,496,2874.031,3.480352041587076,2874.031,2.676480329780849,-7.585759833362175e-05,-1812.855198800714
B0005,500,2874.234,3.478112781556515,2874.234,2.642142168479886,-7.828733580656065e-05,-1812.1224849636778
B0005,512,2855.625,3.4726366397371105,2855.625,2.6391006118876117,-7.06811627349982e-05,-1787.0203763956724
B0005,547,2864.547,3.4767525840839246,2864.547,2.6400211837268666,-8.580252732302268e-05,-1819.574034487455
B0005,587,2802.422,3.4648625780221476,2802.422,2.6308501373847837,-6.368208282406396e-05,-1732.831835608715
B0006,3,3672.344,3.5614758013870813,3672.344,2.35152551190002,-0.0001382732139941887,-1386.8421041141708
B0006,36,3390.422,3.559195328016862,3390.422,2.247991649924625,-0.00015473251118036714,-1285.5180123890389
B0006,38,3390.281,3.5580906165580966,3390.281,2.4115317107898875,-0.00015613321197395098,-1279.4073977847002
B0006,41,3591.734,3.565899462157851,3591.734,2.2033558468593775,-0.00014182342196042758,-1359.4797726101751
B0006,69,3412.406,3.5560959755046597,3412.406,2.346064498302046,-0.00015420728019581955,-1285.618579704668
B0006,73,3410.688,3.550450085830337,3410.688,2.327337743316428,-0.00015679211934143766,-1277.5789182158585
B0006,89,3414.109,3.553730673480321,3414.109,2.472619908000758,-0.0001553915754359232,-2579.3631627794107
B0006,105,3368.266,3.5300676840423275,3368.266,2.3401731734980076,-0.0001671057289859266,-2484.3321068157697
B0006,109,3358.719,3.524888287562954,3358.719,2.3829603510808774,-0.00017103638216113266,-2460.1613966459795
B0006,147,3265.016,3.4974076626364967,3265.016,2.470968641396993,-0.00019571459371576326,-2316.4087507647123
B0006,185,3238.766,3.4822930804773984,3238.766,2.4177173347922416,-0.00020859651790711053,-2251.9226572640273
B0006,201,3212.469,3.4718387718772705,3212.469,2.494085641889116,-0.0002233173210183184,-2174.6241345494127
B0006,215,3195.3129999999946,3.462574876665622,3195.3129999999946,2.4507845245525193,-0.00018973222227333902,-2133.5536528129383
B0006,223,3176.438,3.4514035349888315,3176.438,2.3938995980718403,-0.00016133695809808884,-2097.9575508877865
B0006,293,3067.203,3.4220422356705154,3067.203,2.3927989623544175,-8.796486143800925e-05,-1934.9307891291521
B0006,327,3056.437,3.432560094036394,3056.437,2.4706823501191706,-9.825415404450337e-05,-1975.7431786484667
B0006,339,3039.047,3.423482197888438,3039.047,2.401794655879554,-8.670561553015479e-05,-1934.9907630866137
B0006,359,3002.641,3.419786054072566,3002.641,2.459885297095542,-6.88802478385536e-05,-1881.3941477029098
B0006,370,3002.172000000006,3.425084418097284,3002.172000000006,2.467318928642863,-7.412967850773378e-05,-1899.2843045482944
B0006,402,2956.344,3.4104095228091444,2956.344,2.37337869163978,-5.3281435342209425e-05,-1819.076399383928
B0006,436,2937.625,3.4147570220193475,2937.625,2.396078253891397,-4.9666543116221615e-05,-1826.7391179183533
B0006,460,2901.187,3.407378514499112,2901.187,2.4098927032454966,-2.7784363342088855e-05,-1755.9633794446438
B0006,484,2891.703,3.416968918424722,2891.703,2.4946397780995584,-2.1100073397970852e-05,-1745.5930107510194
B0006,488,2883.016,3.4105763913818796,2883.016,2.4367455144223555,-1.6767044078959162e-05,-1727.3506905781703
B0006,559,2838.156,3.413033645675589,2838.156,2.4577382116375843,9.025773680896959e-06,-1617.5169010756779
B0007,28,3470.0,3.5562872542469757,3470.0,1.7868782934275431,-0.00015002393785233163,-1288.2604437700322
B0007,34,3409.484,3.565961679108639,3409.484,1.8575547668336483,-0.00015063470328656301,-1281.7520056964365
B0007,49,3531.578,3.5599340214678787,3531.578,2.1058524852518143,-0.00014668651267152853,-1298.5770153429462
B0007,93,3395.219,3.5687421473356298,3395.219,2.1637448793153697,-0.00014843334876037155,-2560.6471625073086
B0007,101,3368.187,3.5653038098527583,3368.187,2.1356202266992863,-0.0001503494233285438,-2536.4442904005755
B0007,117,3331.265,3.5616145567805693,3331.265,2.092603698932653,-0.0001529363124292325,-2505.4057673008137
B0007,129,3311.828,3.5634460120762435,3311.828,2.0793300586339956,-0.0001534476898041528,-2492.8873932261135
B0007,181,3248.593,3.547186025484394,3248.593,1.9929057988209282,-0.00016036220889190022,-2414.8339783505585
B0046,180,4450.625,3.3256624110147963,4450.625,2.189500804437932,-0.0001815231909614023,-975.8021204042673
B0047,0,6436.141,3.475266475965794,6436.141,2.4706118669327277,-0.00010765919873882155,-1625.6818755792408
B0047,16,5451.281,3.4408656497572894,5451.281,2.484128874181115,-0.00012427463344669067,-1367.03808746443
B0047,22,5411.297,3.4496654644975946,5411.297,2.49830336362436,-0.00013193117781334766,-1336.4044655870766
B0047,26,5327.406,3.4418308643708473,5327.406,2.4919375577484737,-0.0001298403040397284,-1299.4069317886465
B0047,32,5367.172,3.4301152143104083,5367.172,2.479195639185483,-0.00012662175508267045,-1311.3712330335675
B0047,52,5340.281,3.4156755122328173,5340.281,2.481264290061195,-7.165135331463406e-05,-1223.2821294542716
B0047,92,4842.11,3.397737843324033,4842.11,2.497016493627855,-9.15100110400691e-05,-1087.8733549129395
B0047,118,4483.094,3.367920943746025,4483.094,2.4752083843332136,-9.594602508298484e-05,-977.0157928120456
B0047,132,3581.188,3.4494924469136627,3581.188,2.9946951355251095,-0.0002031400498740191,-832.4201615374056
B0047,180,4450.625,3.3818846696550424,4450.625,2.4992087242533025,-0.00016495990058224344,-951.0842725425942
B0048,44,5203.375,3.43528806148189,5203.375,2.692752260117709,-7.452497402069444e-05,-1221.3654948915632
B0048,54,5103.0,3.428797713311108,5103.0,2.6946752970811247,-6.392470565964243e-05,-1177.5192057948575
B0048,62,4993.765,3.417646833522845,4993.765,2.678219557836974,-7.229208589557154e-05,-1150.207370627045
B0048,64,4962.469,3.4172601086559022,4962.469,2.6929901554909765,-6.324542136687012e-05,-1132.4277000738007
B0048,96,4739.188,3.4112646979406804,4739.188,2.6969281633328235,-8.660557703889055e-05,-1073.0166288835385
B0048,104,4635.0,3.396874930872143,4635.0,2.6897565950033164,-0.00010054060104164741,-1045.211876304174
B0048,114,4524.0320000000065,3.397997936501642,4524.0320000000065,2.6966509268234162,-9.074568413160003e-05,-1007.8206528483703
B0048,160,4430.984,3.3995879919951024,4430.984,2.6983204775942364,-0.0001791340322048357,-988.5927199128223
B0048,162,4411.141,3.3951186218431078,4411.141,2.693240203211685,-0.00017533848159785603,-983.7324571253854
B0048,168,4883.312,3.4026607545158956,4883.312,2.6866110987705887,-0.00011294723925345766,-1056.9625766329452
B0048,172,4663.907,3.4093174867309126,4663.907,2.699083135691788,-0.0001600843723292838,-1031.9584395299867
B0049,10,4565.859,3.2625681004485227,4565.859,1.9735165526751874,-0.00010042049977919605,-3036.3148970712155
B0049,18,2705.594,3.226587700876868,2705.594,1.9998676881173485,5.456514166553968e-05,-1299.1548908717912
B0049,28,2663.625,3.235960094495958,2663.625,1.9970255058845359,6.640231226291807e-05,-1148.8264438077422
B0049,34,1799.25,3.0458944536011474,1799.25,1.9892517372066318,-0.001289581357834812,-1062.246300372623
B0050,0,1713.235,3.058057702902253,1713.235,2.1766233079901336,-0.002342090949896374,-1098.289584399656
B0050,16,2646.797,3.2573285012561146,2646.797,2.1918281570306326,-0.0004123469412214288,-1746.7323430932963
B0050,22,2981.312,3.151059879350844,2981.312,2.1918823058659096,-0.0004907132002675505,-1866.5317263109387
B0050,26,1941.797,3.566976853264061,1941.797,0.32032996389875884,-0.0006115003065507198,-652.8008737625173
B0050,32,1894.485,3.527243039562959,1894.485,2.1381406475642324,4.505479185227358e-05,-102.93359090882176
B0050,52,1633.25,3.40018711839692,1633.25,0.4130567628886104,,-1.565321738870889
B0051,10,4565.859,3.3504634739340458,4565.859,2.481006838176381,-4.0820641546185925e-05,-2942.5878359529747
B0051,18,2705.594,3.428889704337577,2705.594,2.4946772785123836,8.733614206459188e-05,-1141.361210528794
B0051,28,2663.625,3.4455112582421266,2663.625,2.4928843010694406,9.608690851685226e-05,-1028.7699951560778
B0051,34,1799.25,3.3216466492875085,1799.25,2.495501924298458,7.165992547980712e-05,-963.0533068768325
B0052,6,3135.344,3.395818532332449,3135.344,2.6969580006046856,7.867556842659993e-05,-1723.3848294209895
B0052,20,2627.828,0.324473351966894,2627.828,0.3232168838079549,,0.1441729947380734
B0052,38,1741.204,0.40736478992070047,1741.204,0.38102489266303374,,0.06846948698503076
B0052,58,1708.86,0.320876406327849,1708.86,0.31539862717685724,,0.054084971294031746
B0053,30,2442.547,3.075996481385912,2442.547,1.9446709162715439,-0.000706592687284132,-1308.0887381839518
B0053,44,2402.125,3.0648787393041292,2402.125,1.940239319338743,-0.0008667832328040266,-1253.9909715269766
B0053,62,2361.047,3.0817210913230273,2361.047,1.9986378497920827,-0.0006712866786140595,-1217.2562036733386
B0053,64,2392.468,3.0656181100744373,2392.468,1.9475532037509713,-0.0007188875423916965,-1223.2580137165255
B0053,96,2317.453,3.050692756091619,2317.453,1.945088917895143,-0.0007889426569391026,-1137.4951289841322
B0053,104,2479.297,3.0721879650912443,2479.297,1.9814063517681837,-0.0007355101787731306,-1219.61463953197
B0053,114,2396.407,3.074938075906809,2396.407,1.949232767477218,-0.0007686914854231377,-1165.0555704715796
B0054,6,2818.578,3.3125509639490374,2818.578,2.191704472328808,6.167178510670065e-05,-1471.2574920761658
B0054,12,2667.89,3.019353229022758,2667.89,2.1991956579298835,-0.0010484196475422066,-1659.6116008001852
B0054,20,2713.25,3.344320754921096,2713.25,2.1792899341144296,8.869134153311072e-05,-1355.5234783255557
B0054,36,2616.453,3.0680241783485154,2616.453,2.1991609285274296,-1.5696700609006618e-05,-1498.4755963728262
B0054,58,2646.156,3.090887653178107,2646.156,2.1798631989492883,-4.134797500330075e-05,-1480.7754827805584
B0054,68,2579.203,3.338277264377253,2579.203,2.1839945875783817,7.314254448704312e-05,-1207.8434252984202
B0054,76,2536.204,3.069562323605239,2536.204,2.180729125655269,-2.9275572315092734e-05,-1358.670705549554
B0054,82,2518.547,3.3581509225423316,2518.547,2.178492152794792,7.908899606525102e-05,-1127.6539644667823
B0054,94,2491.375,3.067009596769175,2491.375,2.1906356157422464,-2.407378798690756e-05,-1295.8312338772648
B0054,98,2466.125,3.3482875368310925,2466.125,2.188259141429684,8.348879254382675e-05,-1070.3981216236332
B0054,116,2349.64,3.0669938746662067,2349.64,2.1796805503092664,1.3860427543183541e-05,-1204.46219124304
B0054,146,2442.547,3.066888936059056,2442.547,2.170115376243027,-2.692960017054129e-05,-1226.3971516491597
B0054,152,2416.672,3.329434522081423,2416.672,2.1969048206503072,8.084812067581474e-05,-1026.06877232934
B0054,164,2396.719,3.0642577232510524,2396.719,2.192431157609426,-3.241917940672841e-05,-1176.7403321540485
B0054,178,2361.047,3.104814009888728,2361.047,2.198603650230703,-3.460114830498982e-06,-1132.8607372449842
B0054,186,2383.234,3.0567448490556277,2383.234,2.1705705059131044,-3.2346566819839056e-05,-1137.003392223773
B0054,210,2333.875,3.0472454916360245,2333.875,2.171024131749843,-3.798276288687387e-05,-1085.2115286808526
B0055,4,2826.0,3.290429028464943,2826.0,2.480538609588174,3.666337662257914e-05,-1691.087317001576
B0055,24,2394.734,3.344612876092423,2394.734,2.488899766066993,5.4806088549539524e-05,-1446.4032876995466
B0055,40,2565.109,3.373436366456086,2565.109,2.4960528571959832,8.02898759107195e-05,-1372.3423832428878
B0055,56,2683.406,3.4060332992983726,2683.406,2.493901769830843,6.332299186666446e-05,-1385.8407375634908
B0055,72,2525.609,3.367342836467804,2525.609,2.4978675843051477,6.409655479516698e-05,-1300.0512881114423
B0055,120,2560.688,3.334032521651497,2560.688,2.497531566741249,3.74581718434638e-05,-1345.04399843373
B0028,56,6328.172,3.682514927726667,6328.172,2.63525875804135,-4.455154938561587e-05,-1990.8238101196648
B0029,15,1677.469,3.401744779934982,1677.469,1.926680416628282,-0.0004935696909074908,-2335.7966570932617
B0029,31,1625.187,3.4003585608490257,1625.187,1.8809955356138472,-0.0005177741956736039,-2184.26231522903
B0029,55,1600.75,3.3990916405291434,1600.75,1.9739559216587699,-0.0005335389772686888,-2035.089754122765
B0029,67,1577.484,3.396759838046046,1577.484,1.9610731754377526,-0.000554621846861988,-1964.9874507496813
B0029,81,1554.234,3.3923453388185645,1554.234,1.9264548202409049,-0.0005683117672742104,-1880.9899624182747
B0029,91,1543.64,3.3876827466759947,1543.64,1.8693019781355498,-0.0005754688051149773,-1837.1912202349429
B0030,1,1572.359,3.346447968217734,1572.359,2.1274170450668684,-0.0005072216250770097,-2193.4940971717197
B0030,21,1643.812,3.388392570599105,1643.812,2.1722790601698723,-0.0003109981561349353,-2151.191887303775
B0030,25,1652.266,3.382990024222486,1652.266,2.1399140868464497,-0.0005460373906827876,-2161.8852662845393
B0030,87,1566.578,3.389612979737516,1566.578,2.1123670299751245,-0.00015092959993493211,-1794.0905546183687
B0031,5,1705.906,3.4117242077370697,1705.906,2.432998201540817,-0.0004833085226570613,-2383.893968489128
B0031,9,1686.094,3.4126790975500167,1686.094,2.379788594335936,-0.0004919641143186539,-2343.0295769296504
B0031,17,1666.093,3.4200087266691894,1666.093,2.4765516954388933,-0.0004925984449205293,-2292.413112293897
B0031,37,1638.422,3.4009545662770093,1638.422,2.4059387688210077,-0.0004959094931667142,-2133.051900898448
B0031,65,1592.187,3.420974185160828,1592.187,2.3584309858697914,-0.0005173778238398447,-2019.7632160143519
B0031,75,1574.469,3.4200957312475455,1574.469,2.3451886335989784,-0.0005237541942868157,-1964.9267009202529
B0031,79,1561.422,3.4190055604969234,1561.422,2.327904771892418,-0.0005382666627107974,-1936.9715601205526
B0031,85,1573.734,3.4155295362290303,1573.734,2.32931910043758,-0.0005309034638016571,-1935.0073737452806
B0033,42,3234.343,3.3663272801721296,3234.343,1.8976584375642789,6.183239120272646e-05,-1906.398724344215
B0033,70,3210.234,3.3740023548680207,3210.234,1.907571146047148,6.612151395072943e-05,-1765.2110769437297
B0033,74,3200.969,3.38277671616521,3200.969,1.9738070273097836,6.955843296426325e-05,-1724.627711564125
B0033,108,3199.485,3.371619086138615,3199.485,1.8536215036991406,6.44375858568009e-05,-1667.171438031458
B0033,124,3189.985,3.371464716917885,3189.985,1.8979233738345112,6.203998861015016e-05,-1629.2729957469742
B0033,128,3189.734,3.374559132593899,3189.734,1.9266531976002355,6.485112600157631e-05,-1615.4676860329885
B0033,130,3176.016,3.3793714907223666,3176.016,1.939997570224548,6.84674901673184e-05,-1585.92448896822
B0033,170,3171.906,3.3665971425768437,3171.906,1.9709912361310515,6.728918584099572e-05,-1501.4085206862808
B0033,174,3147.141,3.3683893640779696,3147.141,1.936708367530743,7.065531995904451e-05,-1452.571980562272
B0033,192,3125.328,3.358384758101653,3125.328,1.823408615215652,7.570624504072497e-05,-1387.2163283517962
B0033,200,3101.406,3.366183765609332,3101.406,1.912127707319289,7.46199261472522e-05,-1352.2289221420085
B0033,246,3051.468,3.3577795891012125,3051.468,1.8618268075580215,7.159299805387718e-05,-1240.1986111558454
B0033,266,3074.532,3.3606718289908835,3074.532,1.8363818810073882,7.763855850353153e-05,-1234.873846920986
B0033,296,3022.14,3.3608925382067034,3022.14,1.9111619475065968,7.585126798604743e-05,-1152.117045995733
B0033,330,3032.328,3.3400320803856958,3032.328,1.9154948072138342,7.676721969152721e-05,-1056.654832027542
B0033,336,3034.968,3.3457011047959266,3034.968,1.9213252989145688,7.673589160830066e-05,-1118.099674421076
B0033,378,2924.422,3.35097942002786,2924.422,1.9183209167927542,7.367041053548997e-05,-1062.873132674159
B0033,388,3045.078,3.346842467394414,3045.078,1.8283531317172372,7.897958141160775e-05,-1156.1117617142215
B0033,410,2995.047,3.371706460602418,2995.047,1.9878541604164133,7.575330743858455e-05,-1080.8327373967622
B0033,438,2948.891,3.368376555569585,2948.891,1.9404476337602206,7.57056377701033e-05,-1038.5184322037478
B0033,466,2860.7810000000027,3.364372124210883,2860.7810000000027,1.8483263197000261,7.877526822793711e-05,-985.8761772115988
B0033,470,2854.64,3.369660207276818,2854.64,1.9550178000855183,7.271692656949809e-05,-976.223354574646
B0033,474,2897.844,3.3817276755972916,2897.844,1.9991954704388994,8.082359894155874e-05,-977.8255663310412
B0034,10,3253.531,3.354131753078007,3253.531,2.0979416663773915,6.346995548152791e-05,-1963.655152021597
B0034,18,3235.36,3.3769763614619976,3235.36,2.1685179095920546,6.232180274147796e-05,-1854.974910366667
B0034,28,3224.5,3.3860948933981434,3224.5,2.140456418044363,6.257171615583837e-05,-1783.3500640367718
B0034,34,3211.859,3.3964131813944736,3211.859,2.182519668385055,5.972070931691552e-05,-1725.1940324699945
B0034,60,3235.031,3.402076433585374,3235.031,2.1801548663736754,6.055800902687025e-05,-1658.6795384178029
B0034,88,3171.953,3.4118322352896913,3171.953,2.138330613016186,6.038556250917651e-05,-1505.7969182745016
B0034,156,3150.375,3.4032529056881806,3150.375,2.0392577121107047,6.39300570055891e-05,-1394.8131389610485
B0034,158,3134.078,3.4061743575290726,3134.078,2.0999808615526177,6.1024518183658895e-05,-1350.5607547299685
B0034,208,3099.875,3.408099339611882,3099.875,2.1859283824053053,6.217529566287808e-05,-1247.8127723043742
B0034,212,3086.688,3.400118948427691,3086.688,2.0282334120244614,6.469093231029672e-05,-1244.2478747324983
B0034,228,3090.719,3.4016436558810637,3090.719,2.0545776989805833,6.639632531675551e-05,-1219.3846645599888
B0034,230,3069.812,3.4011001431500016,3069.812,2.0610721424538947,6.222810161924553e-05,-1204.896822961655
B0034,242,3065.953,3.402925613776522,3065.953,2.1243524375356397,6.78027917825952e-05,-1195.2880177780846
B0034,270,3031.953,3.397818814080149,3031.953,2.0648428293008756,6.756006004994945e-05,-1156.5762289232953
B0034,282,3066.766,3.402754106827479,3066.766,2.1429326564674485,6.712573387908918e-05,-1177.6994446551985
B0034,286,3033.625,3.4048948132853294,3033.625,2.1996082620797504,6.591402827600107e-05,-1150.101858349693
B0034,308,3005.734,3.3939910299099134,3005.734,1.9941210557405098,6.783249672599215e-05,-1119.2234443628104
B0034,314,2990.859,3.395190942431076,2990.859,2.0395114895210718,6.834995436013337e-05,-1106.6066584393307
B0034,320,3030.765,3.394474869519725,3030.765,1.9730425062614987,7.209179952591918e-05,-1138.4015524390848
B0034,324,2998.156,3.391155270712208,2998.156,1.9435482703621492,6.975029220240739e-05,-1106.3156640269924
B0034,354,2964.75,3.3974407926386454,2964.75,2.107521375414201,6.881211295760317e-05,-1057.609198121225
B0034,426,2968.016,3.3872757037197716,2968.016,2.120505374633019,6.658419336217343e-05,-1034.4818377138954
B0034,428,2959.281,3.3863391572789543,2959.281,2.082697161198142,6.787314838658283e-05,-1019.4900386344855
B0034,442,2925.484,3.3808094659682237,2925.484,2.073777619248528,7.433989085763126e-05,-1002.4735435373893
B0034,450,2918.25,3.375861800258898,2918.25,2.003802772888259,7.156063379613378e-05,-1001.2728098859429
B0034,452,2915.4839999999967,3.3766457982542852,2915.4839999999967,1.9787571590097042,6.544515583389717e-05,-987.1477195483187
B0034,454,2906.015,3.3839549372110653,2906.015,2.137223761530643,6.816150520946576e-05,-977.2624424147565
B0036,10,3253.531,3.4698672359538225,3253.531,2.663543957344219,-0.00019391957184854695,-2286.8866186105406
B0036,18,3235.36,3.466538555244565,3235.36,2.682881821919537,-0.00019763707000640027,-2236.536758089049
B0036,28,3224.5,3.4680189335962632,3224.5,2.6528698625456295,-0.00019890918778106315,-2182.0509820821144
B0036,34,3211.859,3.4716713367418275,3211.859,2.683085255855837,-0.00019940353634386075,-2142.6375071861253
B0036,60,3235.031,3.473958373265382,3235.031,2.626618792448541,-0.00019669615243348812,-2049.4415053843472
B0036,88,3171.953,3.4727100432360882,3171.953,2.6356796620702037,-0.00020192379233807277,-1916.8149930917482
B0036,156,3150.375,3.4787179923634985,3150.375,2.666438804228148,-0.00020271100586022287,-1761.3726144916554
B0036,158,3134.078,3.4711614162223206,3134.078,2.644225504233063,-0.0002057877482345629,-1743.7317614319095
B0036,208,3099.875,3.462896415559392,3099.875,2.643376209522438,-0.00021334997613230283,-1635.7753217130685
B0036,212,3086.688,3.4632231738971027,3086.688,2.6753943315026825,-0.0002134565158031905,-1622.0395827823484
B0036,228,3090.719,3.459006316094944,3090.719,2.6171931724123265,-0.00021767016202468332,-1599.465971832665
B0036,230,3069.812,3.4580229191527705,3069.812,2.6630699292303373,-0.0002182128287924537,-1584.981380879842
B0036,242,3065.953,3.4566732762061583,3065.953,2.638750759665419,-0.000220720951713599,-1563.691847507097
B0036,270,3031.953,3.4554390863736835,3031.953,2.6913462011853904,-0.0002241500727086622,-1507.7793263539777
B0036,282,3066.766,3.4661452792892953,3066.766,2.6565288043863395,-0.00021505670472432627,-1519.2730269342794
B0036,286,3033.625,3.4626259258314476,3033.625,2.686423419926791,-0.00021946973492884166,-1497.2101242912695
B0036,308,3005.734,3.4566056806279244,3005.734,2.6573427494924386,-0.00022326895118664382,-1453.0554519626987
B0036,314,2990.859,3.4547297087649547,2990.859,2.6663067674348446,-0.00022640352242057335,-1438.6157732625359
B0036,320,3030.765,3.465346703708401,3030.765,2.650846498933422,-0.00021964332867946632,-1456.3775921175443
B0036,324,2998.156,3.456831983421319,2998.156,2.6573768263158466,-0.00022514463374254386,-1432.50056713943
B0036,354,2964.75,3.4513401916965147,2964.75,2.6535520046660226,-0.00023068638631938368,-1381.7475722040294
B0036,426,2968.016,3.4606240664312637,2968.016,2.664776371262019,-0.00023004395931977133,-1323.2842721929007
B0036,428,2959.281,3.4560192421822324,2959.281,2.632939371611515,-0.0002337755466992908,-1314.6079533230761
B0036,442,2925.484,3.450902810317066,2925.484,2.6749192828697232,-0.00023782442675218852,-1292.0172332065151
B0036,450,2918.25,3.4458169090139865,2918.25,2.6359845840555653,-0.00023898158877423318,-1276.337034571194
B0036,452,2915.4839999999967,3.445379962024913,2915.4839999999967,2.6203632515294,-0.00023987129200095646,-1276.1434608474415
B0036,454,2906.015,3.445133112798375,2906.015,2.6353503124760125,-0.00024074680832718602,-1269.3236486316862
B0038,44,6567.516,3.6160610851845414,6567.516,2.166402675362294,-7.464951352684364e-05,-2292.2401336661105
B0038,54,6560.922,3.615119723068455,6560.922,2.1550256706410824,-7.452263797487265e-05,-2258.2337628429764
B0038,64,6535.922,3.6179111245557474,6535.922,2.1931517470679913,-7.450969330909622e-05,-2214.19301255987
B0038,96,6498.86,3.6150827947076785,6498.86,2.1895312972615004,-7.527389415191676e-05,-2078.3667765692226
B0038,104,3173.141,3.4371695599412946,3173.141,2.023065783993831,-0.00023527872410514014,-1927.1334725982629
B0039,44,6567.516,3.6451349051966417,6567.516,2.458737817987512,-7.420452842354698e-05,-2278.9918685543125
B0039,54,6560.922,3.645766068703999,6560.922,2.4476008226100348,-7.411543547594109e-05,-2249.723546284104
B0039,64,6535.922,3.644286750227156,6535.922,2.47756542534469,-7.425210085485159e-05,-2197.965185493928
B0039,96,6498.86,3.635905813888797,6498.86,2.498091152649448,-7.579846006606423e-05,-2049.2611296510627
B0039,104,3173.141,3.471730726762605,3173.141,2.482404434239833,-0.0002253337845551545,-1836.2095811323845
B0040,0,982.938,3.2570770872838057,982.938,2.689034363728547,0.00038612799194663084,-764.9532466178993
B0040,16,1170.531,3.3448973641248347,1170.531,2.6973035934049494,0.00035405073424487845,-874.7476416443343
B0040,22,1420.172,3.440732886251634,1420.172,2.6867581507978358,0.000351231234097962,-850.7222215588608
B0040,26,1393.25,3.444187585576417,1393.25,2.686289969564933,0.0003557025541818438,-827.650741031546
B0040,32,6375.828,3.6248726735145067,6375.828,2.682915069119874,-7.559066953387767e-05,-2235.1198924153555
B0040,52,6554.327999999994,3.6234871903936696,6554.327999999994,2.6999262584848243,-7.50847424105159e-05,-2196.212370990052
B0040,92,6502.438,3.6206286090197315,6502.438,2.6490836320353925,-7.584755992021277e-05,-2035.7214664341957
B0040,110,3155.047,3.458238185651222,3155.047,2.619691419158041,-0.00024072391216847482,-1805.0020047853502
B0041,23,1016.859,4.0272103363763785,1016.859,1.873021814547241,,-66.25830087755604
B0041,33,1006.187,4.054482703571762,1006.187,1.9992324205815248,,-58.37379351405993
B0041,43,608.953,3.9895918681265603,608.953,1.9264050760509093,,-56.761087731073594
B0041,45,586.719,3.985571015537922,586.719,1.9303413820598547,,-56.86046438843978
B0041,51,1050.406,4.044423526176633,1050.406,1.8958889997737756,,-56.56884907961718
B0041,111,5634.047,3.360601023233456,5634.047,1.9711826686049976,-6.913719973394452e-06,-1145.4112686014705
B0041,113,5582.375,3.376453566741124,5582.375,1.992456853950006,1.9558458945353886e-06,-1103.2472141574085
B0041,151,5144.109,3.3509928631825066,5144.109,1.963309434324626,1.6154970957365035e-05,-885.9354493105233
B0055,146,2442.547,3.3837488836711067,2442.547,2.4985913567786335,6.976564469381203e-05,-1157.9437574118738
B0055,152,2416.672,3.400337322032958,2416.672,2.487748902505861,8.006213928835972e-05,-1115.7541648915458
B0055,164,2396.719,3.353709465020554,2396.719,2.499842473941914,5.916359780686462e-05,-1129.5310305459043
B0055,178,2361.047,3.3724641292622275,2361.047,2.497716849078165,5.554419164639654e-05,-1111.6341053080735
B0055,186,2383.234,3.3803406124042494,2383.234,2.4996111983697316,7.036469855869507e-05,-1077.421435923272
B0055,210,2333.875,3.3671948983953466,2333.875,2.495225392424711,6.632393244718813e-05,-1041.7576810385171
B0056,8,2713.812,3.31728437257333,2713.812,2.692589583576849,8.187210946785307e-05,-1597.147042619065
B0056,46,2577.891,3.3781878728520107,2577.891,2.687470388534462,7.413867013865885e-05,-1335.8879573039678
B0056,48,2572.36,3.3620625284471566,2572.36,2.699656546174108,8.214135739300732e-05,-1343.8394889305396
B0056,80,2488.86,3.3463562838477814,2488.86,2.6943722854819816,6.06062428323043e-05,-1306.072140621231
B0056,84,2485.766,3.3594964247247185,2485.766,2.6882331708894665,6.283068109420384e-05,-1276.416077594231
B0056,86,2506.718,3.3615676241747847,2506.718,2.6894590778726095,7.511800415398722e-05,-1254.0500191574513
B0056,112,2503.172,3.35291396267987,2503.172,2.6949310922042096,6.201331283176191e-05,-1241.535211447915
B0056,140,2449.922,3.364191592491814,2449.922,2.6997902360046213,7.017762194063384e-05,-1203.7089169629069
B0056,144,2408.781,3.3400900973979737,2408.781,2.6973629105606647,4.6551931349983126e-05,-1233.7306031613264
B0056,216,2326.657,3.3522604662249162,2326.657,2.695941959305812,6.369355446791375e-05,-1036.1776244587827
B0056,240,2345.0,3.360501005761081,2345.0,2.687276744661873,5.1723833154823445e-05,-1060.7896241141852
B0056,248,2322.0,3.345641854210524,2322.0,2.6899104032044447,4.4228645435408594e-05,-1051.001011011228
B0056,250,2357.687,3.3496423795442114,2357.687,2.6950189281281465,5.878861203983523e-05,-1042.8212124998568
B0042,78,2957.016,3.4919284889906437,2957.016,2.022898050960585,-0.00018354876302451918,-1880.8038629959062
B0042,106,1012.187,2.6795251488746175,1012.187,2.1499182639223604,-0.008710937205384437,-905.303354689186
B0042,121,687.328,2.795919785016863,687.328,2.177441070098024,-0.007142007844116679,-653.2604533555574
B0042,123,1047.531,2.6474329497500486,1047.531,2.1475982200987445,-0.007372017095202925,-947.2626416186065
B0042,133,1025.719,2.636149095213129,1025.719,2.1645340110741715,-0.007605635930033732,-911.3188404574178
B0042,141,1010.562,2.6133279392952935,1010.562,2.169659057289744,-0.007474554265310853,-881.9876852948313
B0042,157,586.719,2.725383467696956,586.719,2.186039852986656,-0.00785736274065963,-515.1350175099255
B0042,219,5703.296,3.425012534921163,5703.296,2.1808501795778437,-0.00011389736171496451,-1577.6497794122283
B0042,221,5668.032,3.427812476893313,5668.032,2.148712088809679,-0.00011392306132520376,-1571.0072151242882
B0042,227,5567.329,3.4224753028836994,5567.329,2.1738551413791023,-0.00012014009879819906,-1532.9534217300559
B0042,233,5513.39,3.4152846613947174,5513.39,2.1496986936751377,-0.00012519268656313373,-1505.5778080712269
B0042,245,5384.438,3.396207267678133,5384.438,2.128860427750212,-0.00012700434096470033,-1438.9486885600095
B0042,247,5344.859,3.3958270656297254,5344.859,2.162828573021361,-0.00012841802640912265,-1425.2788441177697
B0042,263,5144.109,3.3780934843236383,5144.109,2.185043715780537,-0.00014500354594841687,-1339.3637209649444
B0042,269,5109.734,3.370585386380933,5109.734,2.189853076065801,-0.000141889547426715,-1319.2183218960708
B0043,14,2646.625,3.579339612317744,2646.625,3.3579241790202077,-0.00016601245672606378,-1933.5056198821787
B0043,30,3058.469,3.5002499918856276,3058.469,2.415785415380386,-0.00017829257751565244,-2042.7967071217242
B0043,44,3015.0,3.4975523268993887,3015.0,2.473993010608268,-0.0001864980810084731,-1936.4389159645114
B0043,54,3034.875,3.500270597096416,3034.875,2.3834815017568327,-0.0001857436926981912,-1924.6095824761019
B0043,62,2980.234,3.4938467732797616,2980.234,2.365525236922006,-0.00019316842831551792,-1851.037944451611
B0043,96,2887.407,3.4803385610467856,2887.407,2.476788514821077,-0.0001584456245464672,-1655.7376879902083
B0043,115,1067.641,4.044589005651628,1067.641,2.484673285435373,,-85.73556710360008
B0043,135,1016.859,4.03363435308738,1016.859,2.406517387646374,-0.009447249761462193,-84.64754692582065
B0043,143,1003.313,4.055018337093391,1003.313,2.474242037374171,,-74.1015945812092
B0043,205,96.484,3.3244665701392724,96.484,2.2200788093903734,,-70.03288322065067
B0043,225,5582.375,3.479771238023003,5582.375,2.4840346404021036,-0.00011058707126596819,-1544.7041153500463
B0043,235,5486.187,3.4569777103220334,5486.187,2.4931009972754072,-0.00012331707778102808,-1460.207675173877
B0043,237,5461.922,3.4492177522513887,5461.922,2.462787320418678,-0.00012522797067478613,-1457.290652390541
B0043,255,5267.843,3.423768606452633,5267.843,2.492874341811692,-0.00011326354506845197,-1333.9516948209932
B0043,257,5229.688,3.425776013992083,5229.688,2.466722917823166,-0.0001280437426404442,-1327.7178410077488
B0043,273,5051.672,3.405803295662314,5051.672,2.499796953515674,-8.00713617114303e-05,-1219.7032223560875
B0044,14,2646.625,3.526841343827765,2646.625,3.2896584926178556,-0.00018161670763192198,-1909.7018921279905
B0044,30,3058.469,3.4608461967292716,3058.469,2.633572972853497,-0.000159763037153564,-1961.4817267575645
B0044,44,3015.0,3.459474692359259,3015.0,2.6700448196473143,-0.00012726674296613575,-1848.6959161201808
B0044,54,3034.875,3.4673706320595814,3034.875,2.6880235920055937,-0.0001265973304284059,-1832.3994759903564
B0044,62,2980.234,3.4622130413589147,2980.234,2.6891582121304634,-0.000114552416528798,-1752.7229383913473
B0044,96,2887.407,3.4504131617940264,2887.407,2.6917750634373303,-8.13814309100095e-05,-1565.3425298429004
B0044,115,1067.641,4.040580004506478,1067.641,2.567871692937443,,-71.91924056410501
B0044,135,1016.859,4.033722240018023,1016.859,2.5339139586135624,,-72.04614921071706
B0044,143,1003.313,4.054600759252599,1003.313,2.676683003373552,,-61.193477054047676
B0044,205,96.484,3.4806574565685824,96.484,2.5366466461777906,,-60.25594842431306
B0044,225,5582.375,3.453376751794483,5582.375,2.6972261726105513,-8.626838741654891e-05,-1460.3562870025128
B0044,235,5486.187,3.436520229303437,5486.187,2.695622084623807,-6.674890149707091e-05,-1376.621414995357
B0044,237,5461.922,3.435202743052741,5461.922,2.6908429071948605,-5.820082381583288e-05,-1368.8084409260346
B0044,255,5267.843,3.4224137354838917,5267.843,2.6861736439095387,-3.8384780080062615e-05,-1255.0224680788767
B0044,257,5229.688,3.4160977003080504,5229.688,2.6915218489806785,-4.735392219866933e-05,-1260.7231032645193
B0044,273,5051.672,3.4106701781845046,5051.672,2.6932435794466025,-3.029716172353478e-05,-1163.959453006434
B0045,44,5203.375,3.3830345538672018,5203.375,1.9866467601774969,2.7262540530354306e-05,-738.5074600968098
B0045,54,5103.0,3.378391965767748,5103.0,1.9937078109097683,2.963067803526833e-05,-713.3258291857891
B0045,62,4993.765,3.3807359604288414,4993.765,1.9984963466197732,3.0548509458070246e-05,-694.6847902287105
B0045,64,4962.469,3.3889133424072186,4962.469,1.9886589228929203,3.3990367270672694e-05,-687.0896567324684
B0045,96,4739.188,3.3566923103592554,4739.188,1.978180955008712,2.9875036154718302e-05,-655.0631939083213
B0045,104,4635.0,3.3733153872943236,4635.0,1.9991203083414102,3.814714677572559e-05,-617.3199973757821
B0045,114,4524.0320000000065,3.3599039237162858,4524.0320000000065,1.9843056004522797,3.755081346084812e-05,-616.5787494674208
B0045,160,4430.984,3.336700427148185,4430.984,1.9822999400765693,3.318247164541326e-05,-581.4374100926765
B0045,162,4411.141,3.3507625069372007,4411.141,1.9703495135592828,3.7606701945822417e-05,-570.657711357832
B0045,168,4883.312,3.345260299634922,4883.312,1.980504790064301,3.89231313553377e-05,-576.4250470862221
B0045,172,4663.907,3.3478192813331997,4663.907,1.9754246490329654,3.8029686860910445e-05,-590.0702709069507
B0046,44,5203.375,3.387564802409393,5203.375,2.152208745567858,-0.0001361941951049953,-1288.0005765238527
B0046,54,5103.0,3.3739069772216053,5103.0,2.1709534591124666,-0.0001409972462914315,-1248.6765609680922
B0046,62,4993.765,3.3675960124562776,4993.765,2.16031962283908,-0.0001492842078198011,-1212.3613382754456
B0046,64,4962.469,3.3619567307164684,4962.469,2.1449047324556036,-0.00014619780507791951,-1200.0088398959206
B0046,96,4739.188,3.3485046268980483,4739.188,2.180494984747436,-0.00016349536263630165,-1111.2261734528097
B0046,104,4635.0,3.336769881434168,4635.0,2.1948349231295037,-0.0001675191710148121,-1076.6715154384083
B0046,114,4524.0320000000065,3.327359417043662,4524.0320000000065,2.175632256591337,-0.00017598084787986414,-1040.0471829834903
B0007,277,3095.781,3.512961463507466,3095.781,2.1417010068719846,-0.00018901061209300511,-2214.7550260078738
B0007,289,3085.625,3.513443179473179,3085.625,2.1843637809529235,-0.00019099684355197125,-2201.5230664842734
B0007,309,3049.328,3.505203266169394,3049.328,2.0092802451741245,-0.00019592640893097423,-2175.28763365758
B0007,319,3074.266,3.5146260368096875,3074.266,2.0376560852489356,-0.00018816918447187465,-2215.919716460933
B0007,343,3030.375,3.5061843921745397,3030.375,2.138556110583413,-0.0001991408016140674,-2155.3455233439654
B0007,378,2964.468,3.498364647513575,2964.468,2.008435320437976,-0.00020643883146043612,-2115.789792408714
B0007,410,2947.266,3.49265594645875,2947.266,2.0305769860653866,-0.0002137090914989662,-2077.6299767541404
B0007,448,2919.812,3.488861416967918,2919.812,2.1294318317485654,-0.00022051732546085528,-2047.3603656985963
B0007,504,2864.984,3.4782258967329587,2864.984,2.110564313669325,-0.0002354271728885236,-1985.6896263176038
B0007,563,2829.843,3.4701761898320465,2829.843,2.1664368343684446,-0.00023551326634653502,-1939.7088084959576
B0007,579,2810.672,3.462182535852443,2810.672,2.0322464946417114,-0.00025512637863070274,-1921.4707814480225
B0007,583,2811.485,3.465962999117942,2811.485,2.1695130053947387,-0.00022733668739061073,-1916.3902931795217
B0007,595,2802.031,3.45879919339081,2802.031,2.0101572712330453,-0.00023051172169047716,-1905.7766861847306
B0018,19,3411.766,3.5451037330477324,3411.766,2.3716770708389117,-0.00015688775204784777,-2422.198829917166
B0018,57,3305.547,3.5273870583288893,3305.547,2.3808537751929744,-0.0001745383829413264,-2085.643127759008
B0018,59,3289.562,3.52960259657205,3289.562,2.436955746154759,-0.0001760148360748842,-2071.886710272003
B0018,77,3287.0,3.5292573001401113,3287.0,2.4790616361836206,-0.0001800170490656918,-1994.01774431412
B0018,86,3258.812,3.520797576383474,3258.812,2.4383419399858552,-0.00017320322474086847,-1918.2453787610348
B0018,127,3232.031,3.5251014582287246,3232.031,2.4557130111721626,-0.00018021898541575442,-1907.1828240688778
B0018,140,3238.109,3.51432611790755,3238.109,2.4864200723178747,-0.0001831611087914887,-1837.6051142425226
B0018,144,3165.828,3.5124038493822742,3165.828,2.375173080957567,-0.0001922751349604542,-1801.1752731127747
B0018,149,3131.922,3.507659610271325,3131.922,2.463955873060647,-0.000181382424027858,-1747.868928865173
B0018,187,2966.86,3.482988652120672,2966.86,2.430465824271706,-0.0001671547562067284,-1551.2857878515156
B0018,211,2942.531,3.474540729605895,2942.531,2.3747408457948316,-0.00019094704328572785,-1499.298415144489
B0018,222,2893.375,3.4730670533412895,2893.375,2.4398479869382084,-0.0001828606926011473,-1455.8573956555267
B0018,231,2846.64,3.4578079234400625,2846.64,2.317937855025735,-0.00015661353494203219,-1393.2865221323377
B0018,240,2821.531,3.46112854766932,2821.531,2.4684655225527004,-0.0001375954251717936,-1351.689228558833
B0018,243,2805.156,3.455556822823357,2805.156,2.4092923539400735,-0.00014355310393221983,-1335.580072108621
B0018,248,2801.156,3.4506569891269208,2801.156,2.335608852853518,-0.00014139217695034072,-1334.2275230332134
B0018,250,2794.187,3.455515243082571,2794.187,2.441999086782534,-0.00013637779454561612,-1328.3336144841621
B0018,297,2817.375,3.459667012281023,2817.375,2.344037291947413,-0.00019266606704829124,-1304.127869639816
B0018,299,2809.234,3.4622419569557703,2809.234,2.456436863057259,-0.00016291085040541156,-1290.032361283874
B0018,318,2742.843,3.4479285075990007,2742.843,2.3655846763383734,-0.00015007583756648996,-1228.7615257529374
B0025,24,6448.907,3.4362212866947495,6448.907,1.990361763373611,1.3506202320444704e-05,-2132.6684930627093
B0025,40,6398.907,3.43587155773045,6398.907,1.8285852544110042,1.0865588093274193e-05,-2051.086220411365
B0025,56,6328.172,3.4183211456134606,6328.172,1.6704419000715314,1.0142084333111197e-05,-1980.1851006348368
B0026,5,6516.219,3.4186314041293397,6516.219,1.9296821070764223,2.3937442602441634e-05,-2206.829188115941
B0026,9,6471.25,3.428191948277495,6471.25,1.898741105703338,2.0219007227165515e-05,-2170.5684223193407
B0026,30,6431.219,3.391747147883426,6431.219,1.8964443776301838,2.7225931453031375e-05,-1965.524202396177
B0026,54,6346.156,3.416993809879986,6346.156,1.834360851438286,1.8221091417267955e-05,-1979.7953944770923
B0026,65,6352.843,3.4243550860962872,6352.843,2.161441726851442,1.5533880956978416e-05,-1942.589588384242
B0027,5,6516.219,3.405140913759623,6516.219,2.4193060956450503,3.1777970648687895e-05,-2117.9972424795233
B0027,9,6471.25,3.4201699208239202,6471.25,2.4798358184535396,2.3089149776433764e-05,-2065.317921471567
B0027,30,6431.219,3.386652184397619,6431.219,2.3998890148152445,1.133491096900622e-05,-1964.1871976444909
B0027,54,6346.156,3.3939882666698282,6346.156,2.399239705167686,3.423757887335384e-05,-1895.4018522664753
B0027,65,6352.843,3.4006414041604747,6352.843,2.484818012933219,2.829184545586167e-05,-1851.292344238665
B0028,3,6515.422000000006,3.6764928355289976,6515.422000000006,2.6151397684307285,-4.2767724947428143e-05,-2276.9927441107416
B0028,36,6427.079,3.6821031308211296,6427.079,2.571655326217227,-4.387616218385753e-05,-2098.794821172156
B0028,38,6417.156,3.681198283442709,6417.156,2.5464403411304843,-4.420818947740205e-05,-2085.4813207325114
B0005,11,3652.281,3.5413347346347566,3652.281,2.5209480504077413,-0.0001534722941617867,-1263.4095449132951
B0005,15,3572.453,3.5541332968015853,3572.453,2.6652049047458775,-0.00015347548310993918,-1258.615320825958
B0005,26,3470.281,3.558081969139199,3470.281,2.5724981777366227,-0.00015489180696415911,-1251.1035597349774
B0005,32,3429.407,3.5614521756489212,3429.407,2.64010141737067,-0.00015580527372933847,-1244.0571304254738
B0005,81,3392.719,3.559140710685569,3392.719,2.541762355407921,-0.0001558197740800722,-1242.4768023725264
B0005,97,3386.0,3.5597307651083083,3386.0,2.6749688422803803,-0.0001557665731939013,-2485.7419744804783
B0005,259,3122.125,3.5213155754526833,3122.125,2.6682466504352993,-0.00013660917411974086,-2152.7933506260206
B0005,301,3058.812,3.5066782411556576,3058.812,2.6401894768922713,-0.00012490198951993945,-2065.5607630212094
B0005,312,3177.219,3.5222215314850227,3177.219,2.6920548172137724,-0.00013180539337109715,-2181.8388014437296
B0005,351,3021.75,3.5058813026542306,3021.75,2.698216006032282,-0.00010896092585974292,-2006.9277479911814
B0005,355,3012.265,3.5041683335308083,3012.265,2.6911707598773864,-0.00010945075396592007,-1998.4769593558183
B0005,418,2929.125,3.488909408157625,2929.125,2.664105530655056,-9.411142837801818e-05,-1897.0271345921517
B0005,432,2955.438,3.4955762270464232,2955.438,2.650011641082063,-0.00010996877392834677,-1938.441365114868
B0005,440,2929.078,3.4915916296838407,2929.078,2.697073130067154,-9.153559639871531e-05,-1890.9758617081172
B0005,472,2883.265,3.478452148610975,2883.265,2.6372250579822927,-8.285565553318361e-05,-1833.741433355921
B0005,476,2882.969,3.4785782556105516,2882.969,2.6514257735606432,-7.830189960525218e-05,-1826.0106913186091
B0005,480,2891.656,3.482519558460457,2891.656,2.676384659108382,-8.7033466607217e-05,-1843.2496925001449
B0005,508,2855.093,3.473376929184164,2855.093,2.632270655366611,-7.576071294032821e-05,-1794.7716510871824
B0005,536,2838.515,3.4738146874457922,2838.515,2.6869753836302124,-6.205127643254907e-05,-1758.2938661408039
B0005,544,2838.265,3.4675236522254407,2838.265,2.6646322789106516,-6.750787045960383e-05,-1762.824743923162
B0006,24,3491.016,3.5687035970122842,3491.016,2.4263021374140443,-0.0001471066341167719,-1324.7660402491563
B0006,45,3552.297,3.570814209348872,3552.297,2.35887751155593,-0.00014307393305488283,-1347.0423840566978
B0006,53,3492.907,3.566839274502585,3492.907,2.339723057947995,-0.00014722295861253608,-1323.9052230069797
B0006,113,3339.5,3.5190926887152725,3339.5,2.351855540704836,-0.000174066682042044,-2435.5453990987407
B0006,161,3283.563,3.5093111439506677,3283.563,2.3481961394586457,-0.00018026348396536462,-2379.7567746332675
B0006,193,3230.109,3.4787436506489255,3230.109,2.443723814618984,-0.00021411178721861013,-2221.9447266704424
B0006,197,3229.7810000000027,3.474015246128887,3229.7810000000027,2.4324278256917147,-0.00021864982873228504,-2204.7753474641895
B0006,265,3120.86,3.4417311090871014,3120.86,2.3844697219937414,-0.00013855829602709262,-2054.667836448132
B0006,281,3094.328,3.430880434209887,3094.328,2.4609902569842412,-9.488054999954726e-05,-1969.2208441046237
B0006,315,3082.937,3.4480475429907536,3082.937,2.4820670710190385,-0.00014929377991060517,-2071.2538770091624
B0006,382,2983.375,3.4181623236680387,2983.375,2.4598632768748825,-6.0726034898904575e-05,-1858.878929728448
B0006,398,2956.359,3.41270116714459,2956.359,2.4275905200235055,-5.4013023091711966e-05,-1826.612828013347
B0006,430,2946.031,3.41552108522137,2946.031,2.433234589649132,-5.113274666271441e-05,-1827.706087460123
B0006,456,2901.375,3.4081896097479873,2901.375,2.41022288115442,-3.18322080527571e-05,-1764.1565189958744
B0006,492,2873.453,3.411333528300928,2873.453,2.4858689968085326,-1.3363157139725359e-05,-1712.9763720822725
B0006,524,2847.36,3.4092694788466416,2847.36,2.4619788522973796,3.910776788913136e-08,-1652.9136816234043
B0006,540,2828.328,3.4095930016592684,2828.328,2.4705399687343235,5.194702496745588e-06,-1631.527389537577
B0006,567,2829.625,3.4138496008165022,2829.625,2.479418189447868,1.490903971387931e-05,-1595.3527202039315
B0007,125,3321.844,3.562953436770442,3321.844,2.0537418826405966,-0.00015319792052585074,-2499.6823045088972
B0007,139,3293.172,3.556700209788696,3293.172,2.037264031192436,-0.00015596162903623616,-2473.855169724813
B0007,173,3266.093,3.5550139849119216,3266.093,2.0619831864543094,-0.0001574419166120635,-2440.486483195999
B0007,239,3148.829,3.528181937212608,3148.829,2.1832922624558813,-0.00017720623674240832,-2286.5751604565503
B0007,251,3131.625,3.522854840654641,3131.625,2.138540138129487,-0.00018086873221419384,-2262.7077623406435
B0046,160,4430.984,3.32200055819576,4430.984,2.197413864039741,-0.00018542975150214228,-984.7900689226865
B0046,162,4411.141,3.316995919062791,4411.141,2.1808859045895868,-0.00018426447124855373,-976.4823439980421
B0046,168,4883.312,3.3048249589179277,4883.312,2.1634350552847827,-0.0001565294892127101,-1072.4629778329536
B0046,172,4663.907,3.3235919579934095,4663.907,2.1839323108066178,-0.00016283697226568885,-1028.5483265904145
B0047,44,5203.375,3.4273855541261438,5203.375,2.4728525339367153,-0.0001012503377271783,-1224.584669991159
B0047,54,5103.0,3.418944310678632,5103.0,2.487540187711501,-8.07833322910708e-05,-1176.4954779317484
B0047,62,4993.765,3.4076452403509654,4993.765,2.479240941037315,-8.281050349810833e-05,-1142.1906598666162
B0047,64,4962.469,3.4072011151948307,4962.469,2.4915265338912347,-7.263540072206431e-05,-1124.6315344296715
B0047,96,4739.188,3.397135252361954,4739.188,2.499811739255094,-8.277367357047702e-05,-1053.0087186206301
B0047,104,4635.0,3.3808097620789046,4635.0,2.478325379623597,-8.932985907410891e-05,-1021.2521232486562
B0047,114,4524.0320000000065,3.3786424882524217,4524.0320000000065,2.494578415325497,-8.25242307073616e-05,-986.5891680371323
B0047,160,4430.984,3.3757552328187073,4430.984,2.4715997205282143,-0.0001679701777085502,-959.5277113026575
B0047,162,4411.141,3.3744651760729005,4411.141,2.4972991957929973,-0.0001466919175726296,-948.9728653608145
B0047,168,4883.312,3.3850807989789575,4883.312,2.475863858583421,-8.025539930114553e-05,-1018.6618159879184
B0047,172,4663.907,3.390089045063422,4663.907,2.482088014003299,-0.00013927144219658504,-1000.7694221886711
B0048,0,6436.141,3.465860629637431,6436.141,2.6876065414465464,-7.088867070837686e-05,-1576.4860686733282
B0048,16,5451.281,3.4363674011378933,5451.281,2.6917502037421612,-0.00011447605067307429,-1346.3214751959938
B0048,22,5411.297,3.4469353939775917,5411.297,2.6855540838129546,-9.848011005727433e-05,-1326.1583454571196
B0048,26,5327.406,3.4417182002819082,5327.406,2.678956108681276,-9.416344455764044e-05,-1293.4355667025732
B0048,32,5367.172,3.4300387550398144,5367.172,2.680621623320638,-9.929385884218902e-05,-1295.4978119776501
B0048,52,5340.281,3.4231723044699134,5340.281,2.6813752744142234,-5.8852882225219004e-05,-1226.5897607217512
B0048,92,4842.11,3.4079105797438403,4842.11,2.6823844675903756,-0.00010541506025423329,-1110.0148421892325
B0048,118,4483.094,3.387725618133644,4483.094,2.6967087456075824,-0.00010832333222820316,-1001.775381838294
B0048,132,3581.188,3.465721665673702,3581.188,3.078111316923791,-0.00018689872230669697,-838.1222122819013
B0048,180,4450.625,3.4067457205244156,4450.625,2.690437364566134,-0.00017591038117994342,-986.8215521464283
B0049,42,1899.218,2.984840547077286,1899.218,1.996058976050717,-0.0013958910109607787,-1076.8214728155474
B0049,50,1800.421,2.974081722556369,1800.421,1.992352748796434,-0.0013595332442116867,-1006.9558537585646
B0050,14,5428.594,3.3355734950869853,5428.594,2.1784008909706682,-0.00010266654561165404,-3661.41765507717
B0050,30,2862.25,3.087483843502911,2862.25,2.1762467490120763,-0.0010495781641775522,-1728.800888847821
B0050,44,2305.25,3.210764993027874,2305.25,0.19273770746186986,-0.00011835932426161845,-1411.5554157744555
B0050,54,1737.172,0.29667794891607624,1737.172,0.26990846662474766,,-0.009276991941004006
B0051,42,1899.218,3.3300145239416716,1899.218,2.491598912047876,8.938826529388731e-05,-923.9896890294049
B0051,50,1800.421,3.293393827536012,1800.421,2.4997210982004625,7.430458375638939e-05,-898.3029715534827
B0052,4,3170.984,3.3543285492513153,3170.984,2.694829986819334,8.671147484464038e-05,-1775.0457770588043
B0052,40,236.156,0.3295911981833905,236.156,0.3288279450149741,,0.011747000225443217
B0052,56,1614.406,0.3227775729349721,1614.406,0.3154931438300191,,0.04133114186709596
B0053,0,2349.64,3.082838909940966,2349.64,1.9808329057464713,-0.0009660803223980573,-1317.3315503918427
B0053,16,2495.5,3.083406677687235,2495.5,1.9443649588528493,-0.0006466543079855067,-1366.9654888849832
B0053,22,2440.547,3.0951285364472807,2440.547,1.9605995541160257,-0.000613062844066651,-1328.8315603050085
B0053,32,2420.671,3.076814828498021,2420.671,1.9692766515934297,-0.0007087581288174324,-1289.8230711298022
B0053,52,2442.344,3.0636522878323325,2442.344,1.9866817453254884,-0.0008792837452006411,-1265.5179740793315
B0053,92,2329.375,3.0655406838342576,2329.375,1.9455914118085802,-0.0007277625940127727,-1155.3644828838007
B0053,110,2458.812,3.070776135685359,2458.812,1.947894370100842,-0.0008114769225960049,-1200.65275671691
B0053,122,2385.922,3.069633671738989,2385.922,1.93495405419616,-0.0007276443540706855,-1150.7370478154849
B0053,132,2322.0,3.0800801085383527,2322.0,1.987337089818558,-0.000698051237568914,-1105.1175300237992
B0053,134,2357.687,3.0638130274525723,2357.687,1.9333820178355814,-0.0007784578150023414,-1117.6477656916136
B0054,4,2826.0,3.2506206486988383,2826.0,2.1857283549042807,5.0860061282532384e-05,-1553.59195207772
B0054,24,2394.734,3.1066787302612417,2394.734,2.1942476804372792,-6.0445395228074865e-05,-1474.3476940892483
B0054,40,2565.109,3.0800294231316054,2565.109,2.16946894247905,-2.8144525134173996e-05,-1482.088402233111
B0054,56,2683.406,3.327636145003339,2683.406,2.1869057073992466,6.84329076976267e-05,-1319.3376240615103
B0054,72,2525.609,3.0826402520274394,2525.609,2.1944796571193828,-3.955402363753559e-05,-1378.060742689775
B0054,120,2560.688,3.092460830981555,2560.688,2.1687268442761383,-3.3954677081419245e-05,-1362.7516657372016
B0054,126,2474.844,3.0920778007096796,2474.844,2.1867699716569766,-2.9976431311767733e-05,-1299.993062566476
B0054,136,2460.125,3.291182919728884,2460.125,2.1984537160355733,6.251198243351022e-05,-1115.2896467298926
B0054,138,2440.547,3.0675140530182214,2440.547,2.1699490089903373,-4.88470431752938e-05,-1260.5824877557704
B0054,176,2403.234,3.061542092506494,2403.234,2.198752877987022,-4.4052995319127665e-05,-1177.6454516360805
B0054,188,2342.453,3.151370552126676,2342.453,2.196118065671102,3.1331394486338956e-05,-1073.5355769737985
B0054,196,2360.172,3.0377786371686533,2360.172,2.1685391483011838,-4.02890112460062e-05,-1119.241141944813
B0054,202,2327.1570000000065,3.0558445282697995,2327.1570000000065,2.1849035687167166,-5.1187067394562434e-05,-1101.768008488508
B0054,232,2392.375,3.0560602390351086,2392.375,2.1873002342387666,-8.816149712370219e-06,-1066.3355389381425
B0055,6,2818.578,3.326231366449633,2818.578,2.48985034932468,6.845693877833691e-05,-1647.3148209359817
B0055,12,2667.89,3.359680237018952,2667.89,2.4813880969343156,8.223429365779707e-05,-1540.5718783767422
B0055,20,2713.25,3.3970397549525346,2713.25,2.4863788962445756,8.4863963706289e-05,-1464.1500991575526
B0055,36,2616.453,3.4006629565141506,2616.453,2.4987737122938984,8.844963236993272e-05,-1351.7445490720256
B0055,58,2646.156,3.3951228608180193,2646.156,2.4906658427202095,6.398053809660653e-05,-1376.1155659985066
B0055,68,2579.203,3.412311598436611,2579.203,2.495104294734825,7.143374983361185e-05,-1286.6421791877876
B0055,76,2536.204,3.3875483794093784,2536.204,2.498794021092515,7.818285118916318e-05,-1258.0020837334896
B0055,82,2518.547,3.4031284763637757,2518.547,2.495967983888696,7.772472436317317e-05,-1230.038506575043
B0055,94,2491.375,3.3720438606583474,2491.375,2.494836964233761,6.870586395173786e-05,-1220.9456512124887
B0055,98,2466.125,3.3886471333647545,2466.125,2.493930027919102,7.534958597561212e-05,-1185.915917563518
B0055,116,2349.64,3.2813552523710356,2349.64,2.497025585392751,3.890575144539393e-06,-1299.3989196822235
B0028,58,6326.062,3.6802726203570812,6326.062,2.540126038881981,-4.438250120921259e-05,-1983.2139973079618
B0028,69,6284.297,3.6814396483141003,6284.297,2.6736673087239393,-4.457806414174601e-05,-1941.6266443985455
B0028,73,6266.641,3.677660046784129,6266.641,2.5306280538039845,-4.444609097390844e-05,-1918.1878857300937
B0029,5,1705.906,3.394458247206177,1705.906,1.8857258246963948,-0.00048573255582557145,-2414.371702203954
B0029,9,1686.094,3.3985794433199983,1686.094,1.913443763136564,-0.0004926417186384257,-2362.4917263326506
B0029,17,1666.093,3.400790257857,1666.093,1.89070792341858,-0.0004975333679163287,-2307.621728476997
B0029,37,1638.422,3.395215463306698,1638.422,1.9415928705254093,-0.000509792154179112,-2192.959533290241
B0029,65,1592.187,3.389787970407681,1592.187,1.811689567857529,-0.0005439803635020386,-1988.0899356438254
B0029,75,1574.469,3.3940321153796122,1574.469,1.926783206032701,-0.0005575616964917241,-1922.684628121453
B0029,79,1561.422,3.391217955457577,1561.422,1.8881277069953313,-0.0005673642569280373,-1893.6002694707126
B0029,85,1573.734,3.3840832974347714,1573.734,1.8497742851139864,-0.0005620436483036523,-1889.441049735734
B0030,7,1697.688,3.38035455881037,1697.688,2.095376108282347,-0.0005274057565344457,-2284.3661174770723
B0030,13,1678.563,3.374148303155992,1678.563,2.0759632130565406,-0.0005288351302235896,-2266.553012365287
B0030,19,1654.328,3.387946184904998,1654.328,2.1712631392036204,-0.00038314740425719176,-2178.474180199735
B0030,27,1648.672,3.3872270612733915,1648.672,2.112329336316492,-0.00031290699341654743,-2137.0049124254633
B0030,57,1595.0,3.3880651957973624,1595.0,2.0619330487714467,-0.00020012443108366294,-1931.05146510432
B0030,61,1612.422,3.3873336724752856,1612.422,2.182829076635093,-0.0002192744821803584,-1944.807701318372
B0030,77,1568.281,3.3809665909442286,1568.281,1.9166604901616162,-0.00018275814535302287,-1830.9353196017705
B0031,15,1677.469,3.420079809333937,1677.469,2.479852487101495,-0.0004885258502520252,-2319.618093980886
B0031,31,1625.187,3.423749066677017,1625.187,2.471072287476068,-0.0005042647376403747,-2184.670656730796
B0031,55,1600.75,3.4198002859215846,1600.75,2.3413222526109294,-0.0005159201761681225,-2059.7509437148965
B0031,67,1577.484,3.424508505317062,1577.484,2.4660401403368404,-0.0005211182210210394,-1994.6605836208673
B0031,81,1554.234,3.4200180230564374,1554.234,2.3672431402232186,-0.0005388258948819265,-1924.1336504765286
B0031,91,1543.64,3.4227287920309317,1543.64,2.450218643464606,-0.0005441157017149684,-1884.863511795152
B0032,29,1636.969,3.358629751735544,1636.969,2.6712280977184064,-0.0006203511548984556,-2164.8671848705358
B0032,39,1646.438,3.353465254926298,1646.438,2.6257034386294866,-0.000618712700476066,-2134.8185003775006
B0032,49,1622.218,3.3485978246821815,1622.218,2.6580053475407666,-0.0006383672737896751,-2064.7665207005894
B0032,63,1598.969,3.352116104060446,1598.969,2.6829848740711117,-0.0003431742779508663,-1959.563370903846
B0032,93,1536.781,3.3398334996065104,1536.781,2.6076358711453813,-0.00024932613134471274,-1778.9593794926175
B0033,10,3253.531,3.470388250379655,3253.531,1.9480187400221975,4.948369702320176e-05,-1527.4101522420867
B0033,18,3235.36,3.2093349905415556,3235.36,1.9170515174362301,6.329287843359938e-05,-1986.6323944091998
B0033,28,3224.5,3.3359922176579637,3224.5,1.9634548720089502,7.087695741726785e-05,-1928.0539368335383
B0033,34,3211.859,3.364435103530166,3211.859,1.9701535031712945,6.865057839155164e-05,-1885.0855374208472
B0033,60,3235.031,3.3667293867076378,3235.031,1.897981208291145,6.237514723624144e-05,-1812.564552282813
B0033,88,3171.953,3.386460424025938,3171.953,1.9632916036547936,6.997930989802367e-05,-1660.0751074355405
B0033,156,3150.375,3.3821337403830527,3150.375,1.8935389971250938,7.275684151619065e-05,-1491.0512693391674
B0033,158,3134.078,3.381491310538864,3134.078,1.904031637069275,7.182727909667809e-05,-1457.4352528601444
B0033,208,3099.875,3.361892645216565,3099.875,1.8011165493797345,7.613805530426659e-05,-1336.2560966010633
B0033,212,3086.688,3.359060505999304,3086.688,1.8530896744385115,7.493750027723158e-05,-1320.971782508128
B0033,228,3090.719,3.3557747858772644,3090.719,1.7953236556353753,7.639916187204863e-05,-1291.350923823435
B0033,230,3069.812,3.353919346872672,3069.812,1.7802670666869505,7.74273357342594e-05,-1276.3116226103052
B0033,242,3065.953,3.3567376558909836,3065.953,1.8129227899512983,7.412987411010372e-05,-1252.581696811438
B0033,270,3031.953,3.3625185980231946,3031.953,1.977912246538546,7.39930204130652e-05,-1191.0675773866983
B0033,282,3066.766,3.376673863925848,3066.766,1.9260869684651196,7.07707574947256e-05,-1204.664412816018
B0033,286,3033.625,3.364186626496382,3033.625,1.8428005555738187,7.388758917821799e-05,-1181.913653493525
B0033,308,3005.734,3.357423649819593,3005.734,1.7818288008009142,7.733530866693942e-05,-1137.396715288802
B0033,314,2990.859,3.3524761277240858,2990.859,1.7604885282268967,7.460606267635756e-05,-1120.7815986383996
B0033,320,3030.765,3.352934086228005,3030.765,1.765463647928582,7.412369814515362e-05,-1137.4480114893324
B0033,324,2998.156,3.330456680663064,2998.156,1.9751406850610134,8.151309407688478e-05,-1106.0913068372695
B0033,354,2964.75,3.753026518459232,2964.75,1.7051348869638063,0.0022122532802315484,-367.2864185876947
B0033,426,2968.016,3.3703866336965342,2968.016,1.8584436263684134,7.335888809053142e-05,-1055.557362247499
B0033,428,2959.281,3.3756959922995025,2959.281,1.9792800716788903,7.488098444299362e-05,-1044.0039185421792
B0033,442,2925.484,3.3664344500865973,2925.484,1.901348395168944,7.599581040947276e-05,-1024.0708594166538
B0033,450,2918.25,3.360790017915933,2918.25,1.8027051007685868,7.587531195950512e-05,-1008.3330483579256
B0033,452,2915.4839999999967,3.3645519904127967,2915.4839999999967,1.845120981293168,7.7516351633429e-05,-1010.4544813772543
B0033,454,2906.015,3.3704590242714216,2906.015,1.9386542857041755,7.534928923921762e-05,-1000.3833206565032
B0034,42,3234.343,3.402154252869034,3234.343,2.1129616454982556,6.424231537378778e-05,-1756.321718496247
B0034,70,3210.234,3.4060276994838237,3210.234,2.1208148015326507,6.120113210398849e-05,-1610.3013652944362
B0034,74,3200.969,3.4051261915113993,3200.969,2.080806437045425,6.243899857736151e-05,-1565.3970786249874
B0034,108,3199.485,3.39721195206391,3199.485,2.0714906018792005,6.496199201781057e-05,-1567.7147801742801
B0034,124,3189.985,3.39118187111195,3189.985,2.1265733975652816,6.546737920517205e-05,-1524.1101675752786
B0034,128,3189.734,3.3908356318370907,3189.734,2.062739747604538,6.451826434142449e-05,-1509.0751356338899
B0034,130,3176.016,3.396934021472628,3176.016,2.1030377322448675,6.267718458935821e-05,-1467.9131656117922
B0034,170,3171.906,3.390086865994555,3171.906,2.1203887966971293,6.656640189111277e-05,-1420.067103265781
B0034,174,3147.141,3.4005270961102863,3147.141,2.1811524820912926,6.199016925320556e-05,-1351.0926338291154
B0034,192,3125.328,3.406778113087295,3125.328,2.1991319506434475,5.9675525812113495e-05,-1285.3805879916956
B0034,200,3101.406,3.4075120240756895,3101.406,2.179169443366329,6.142174604301523e-05,-1259.8371146071768
B0034,246,3051.468,3.400762958988984,3051.468,2.087539695609617,6.441062927533544e-05,-1180.8029102431437
B0034,266,3074.532,3.4001518929197325,3074.532,2.083403258487322,6.614412771398188e-05,-1203.4355382376725
B0034,296,3022.14,3.399163910018903,3022.14,2.0993400599564533,6.855100483688491e-05,-1134.469593650219
B0034,330,3032.328,3.3795305779550784,3032.328,1.9437968709766946,7.119335268000242e-05,-1070.6073970414898
B0034,336,3034.968,3.4001334063325985,3034.968,2.185338383273266,6.618821809014493e-05,-1113.0852670393601
B0034,378,2924.422,3.392372693620385,2924.422,2.142448068324373,7.226155604174075e-05,-1030.243933557149
B0034,388,3045.078,3.3803751761805683,3045.078,2.1394084619831197,7.176408344865559e-05,-1112.1288633478862
B0034,410,2995.047,3.3898762516669523,2995.047,2.1586251956084066,6.772943775709643e-05,-1045.4534365588277
B0034,438,2948.891,3.385047602248053,2948.891,2.1864172793825265,7.191272505300388e-05,-1018.4117945397423
B0034,466,2860.7810000000027,3.3703776888462538,2860.7810000000027,1.9597037966635267,6.890229951670342e-05,-973.1502654634238
B0034,470,2854.64,3.378867691029253,2854.64,2.1472699436122746,7.137020341769282e-05,-964.2528054454103
B0034,474,2897.844,3.377518795455896,2897.844,2.046243465893371,7.595531256503538e-05,-996.8857047877228
B0036,42,3234.343,3.4817927176696424,3234.343,2.6726649868851067,-0.00019684743840578438,-2134.943969865744
B0036,70,3210.234,3.4773296157781557,3210.234,2.682232775431839,-0.00019801795302409284,-2002.7467611352563
B0036,74,3200.969,3.472350412225113,3200.969,2.6254732315495026,-0.00019963993112306558,-1979.0243689266563
B0036,108,3199.485,3.4863598949467813,3199.485,2.679442027657799,-0.00019624931992477497,-1896.6021759094947
B0036,124,3189.985,3.4830514284703358,3189.985,2.6614571813493306,-0.00019507640426409543,-1854.0367608881
B0036,128,3189.734,3.4809173250237535,3189.734,2.640601067759597,-0.00019760360915811108,-1846.0972588185239
B0036,130,3176.016,3.478940078791889,3176.016,2.6732282064652693,-0.00019767608393343898,-1831.0269952289598
B0036,170,3171.906,3.4802443576083646,3171.906,2.6882522902609858,-0.00020037983371077694,-1748.367293610686
B0036,174,3147.141,3.472224203409642,3147.141,2.6623791019309224,-0.0002047489190020529,-1723.2556141007606
B0036,192,3125.328,3.4648700808405986,3125.328,2.62514939238803,-0.0002101648745884525,-1678.1170215776424
B0036,200,3101.406,3.4645909946616267,3101.406,2.6699917743429817,-0.0002121607561122301,-1650.3940428156516
B0036,246,3051.468,3.4563883170293215,3051.468,2.6736629264226712,-0.00022031533177144087,-1549.6928246988698
B0036,266,3074.532,3.4669219935055247,3074.532,2.668638829617292,-0.00021800618851549098,-1540.3087478188847
B0036,296,3022.14,3.4580980197093143,3022.14,2.6506127411002423,-0.00022077215756732664,-1474.5863969148436
B0036,330,3032.328,3.459039144301172,3032.328,2.6766475071440374,-0.00022122214983332154,-1357.4375760223288
B0036,336,3034.968,3.4591810827626075,3034.968,2.622356052772389,-0.00022247822655071565,-1440.4730944623097
B0036,378,2924.422,3.447000121773302,2924.422,2.65147651386545,-0.00023598125306422093,-1338.7551646656268
B0036,388,3045.078,3.467958204671297,3045.078,2.626900680068646,-0.00021916549241010025,-1395.2424471677266
B0036,410,2995.047,3.4596974033406505,2995.047,2.649240292513478,-0.00022723996388714944,-1350.6944943116744
B0036,438,2948.891,3.453055943057907,2948.891,2.666855394758346,-0.00023414581095332836,-1306.5386572714967
B0036,466,2860.7810000000027,3.444044633354945,2860.7810000000027,2.6858136443865597,-0.00024456175024217824,-1241.2239197258302
B0036,470,2854.64,3.4414697554582157,2854.64,2.6569680605487678,-0.0002454739855858484,-1233.4453145813409
B0036,474,2897.844,3.4563046908197945,2897.844,2.676038889381632,-0.00023849034554659763,-1252.7062670735822
B0038,0,982.938,2.883239659655731,982.938,2.1981645845929387,,-1175.6437092720673
B0038,16,1170.531,3.0561380160526403,1170.531,2.1947161370182617,0.00019835951902774147,-1298.980754911308
B0038,22,1420.172,3.192741049083457,1420.172,2.1983669967426582,0.00022269853136228652,-1251.9634236118754
B0038,26,1393.25,3.1781927267469916,1393.25,2.151862863027953,0.00022739024558599883,-1222.3215565074652
B0038,32,6375.828,3.608926624109926,6375.828,2.180206803089782,-7.508403215134417e-05,-2300.4283020384205
B0038,52,6554.327999999994,3.6132853127245985,6554.327999999994,2.139096537674337,-7.431661231871732e-05,-2264.464737053101
B0038,92,6502.438,3.6159145027179584,6502.438,2.1367946107881166,-7.509951460267359e-05,-2099.473144010253
B0038,110,3155.047,3.4363115548278422,3155.047,2.030738155835073,-0.0002380978916555117,-1899.1249212467396
B0039,0,982.938,3.3780267772090258,982.938,2.4897962179516666,0.0006950212425563923,-498.73026618781154
B0039,16,1170.531,3.454043678357266,1170.531,2.498492440398465,0.0004653601276838438,-585.6378444193866
B0039,22,1420.172,3.529997692206006,1420.172,2.4988010332333745,0.0004777236926905969,-584.2386963722702
B0039,26,1393.25,3.5295294248045384,1393.25,2.4958019219001284,0.0004755776294834537,-574.0400391721494
B0039,32,6375.828,3.646140672677008,6375.828,2.4987062304520014,-7.447752897853136e-05,-2302.019493106959
B0039,52,6554.327999999994,3.6458870173477,6554.327999999994,2.4379313646643412,-7.402845223766361e-05,-2260.17537038078
B0039,92,6502.438,3.636819218736882,6502.438,2.4621592876012923,-7.558453473985033e-05,-2070.9021852293577
B0039,110,3155.047,3.4681155774919254,3155.047,2.450251182214539,-0.00023126203757504687,-1792.9256233024632
B0040,44,6567.516,3.6221629636545996,6567.516,2.6743889241293513,-7.537214326163642e-05,-2218.2309670382438
B0040,54,6560.922,3.622293288379935,6560.922,2.6709504481448794,-7.532246074873133e-05,-2188.6872737530657
B0040,64,6535.922,3.6216002932367113,6535.922,2.6386466599890395,-7.525166333740076e-05,-2146.843471564283
B0040,96,6498.86,3.62078509574187,6498.86,2.6675427612038987,-7.592480189526379e-05,-2017.842286589882
B0040,104,3173.141,3.459413541721385,3173.141,2.6375556284574677,-0.00023587337728624695,-1840.231910016298
B0041,3,1067.641,4.014033100816981,1067.641,1.9012002130732606,,-76.41319834112066
B0041,41,990.234,4.046009584492231,990.234,1.8695092344510635,,-55.805492425395194
B0041,69,995.797,4.042270540054781,995.797,1.886110144063044,,-56.40063497993559
B0041,73,989.141,4.034959849871617,989.141,1.8016696485993338,,-54.39434198202058
B0041,109,5668.032,3.357060662805854,5668.032,1.969259944196061,-1.3605988383520513e-05,-1188.4271317256473
B0041,147,5206.954,3.3557873846137882,5206.954,1.9814002802204322,1.5236015670871167e-05,-900.4061092889593
