truc,fold,cach,k,rep,bao_phu,do_rong
đổi xe,1,Chỉ nguồn,10,0,0.926860025220681,5.541467711833576
đổi xe,1,Trộn,10,0,0.926860025220681,5.541467711833576
đổi xe,1,Chỉ đích,10,0,0.9369482976040353,5.949382695608534
đổi xe,1,Chỉ nguồn,25,0,0.9267982176957352,5.541467711833576
đổi xe,1,Trộn,25,0,0.9267982176957352,5.541467711833576
đổi xe,1,Chỉ đích,25,0,0.9764481222151495,8.52762712122859
đổi xe,1,Chỉ nguồn,50,0,0.926261319534282,5.541467711833576
đổi xe,1,Trộn,50,0,0.925614489003881,5.51977767923222
đổi xe,1,Chỉ đích,50,0,0.8868046571798189,4.5522711248743235
đổi xe,1,Chỉ nguồn,100,0,0.9251336898395722,5.541467711833576
đổi xe,1,Trộn,100,0,0.9237967914438503,5.51258584687497
đổi xe,1,Chỉ đích,100,0,0.8783422459893048,4.438131907978942
đổi xe,1,Chỉ nguồn,200,0,0.9269340974212035,5.541467711833576
đổi xe,1,Trộn,200,0,0.9262177650429799,5.513178124174431
đổi xe,1,Chỉ đích,200,0,0.8853868194842407,4.5522711248743235
đổi xe,1,Trộn,10,1,0.9255989911727617,5.530561197602594
đổi xe,1,Chỉ đích,10,1,0.8310214375788146,3.833688944370664
đổi xe,1,Trộn,25,1,0.9255251432208784,5.530561197602594
đổi xe,1,Chỉ đích,25,1,0.9955442393380013,14.962105643212098
đổi xe,1,Trộn,50,1,0.925614489003881,5.51977767923222
đổi xe,1,Chỉ đích,50,1,0.9146183699870634,5.163358159722236
đổi xe,1,Trộn,100,1,0.9258021390374331,5.514906426323762
đổi xe,1,Chỉ đích,100,1,0.9211229946524064,5.323329231770771
đổi xe,1,Trộn,200,1,0.9247851002865329,5.50181589802267
đổi xe,1,Chỉ đích,200,1,0.9097421203438395,4.94744377983946
đổi xe,1,Trộn,10,2,0.926860025220681,5.541467711833576
đổi xe,1,Chỉ đích,10,2,0.9337957124842371,5.7610665048717635
đổi xe,1,Trộn,25,2,0.9267982176957352,5.541467711833576
đổi xe,1,Chỉ đích,25,2,0.9866327180140039,10.600083491830986
đổi xe,1,Trộn,50,2,0.926261319534282,5.530561197602594
đổi xe,1,Chỉ đích,50,2,0.9340232858990944,5.7610665048717635
đổi xe,1,Trộn,100,2,0.928475935828877,5.541467711833576
đổi xe,1,Chỉ đích,100,2,0.9351604278074866,5.7610665048717635
đổi xe,1,Trộn,200,2,0.9276504297994269,5.514906426323762
đổi xe,1,Chỉ đích,200,2,0.914756446991404,5.148908502798633
đổi xe,1,Trộn,10,3,0.926860025220681,5.541467711833576
đổi xe,1,Chỉ đích,10,3,0.9955863808322825,14.962105643212098
đổi xe,1,Trộn,25,3,0.928071292170592,5.560327164713584
đổi xe,1,Chỉ đích,25,3,0.9955442393380013,14.962105643212098
đổi xe,1,Trộn,50,3,0.926261319534282,5.530561197602594
đổi xe,1,Chỉ đích,50,3,0.9424320827943079,6.15623384573658
đổi xe,1,Trộn,100,3,0.928475935828877,5.541467711833576
đổi xe,1,Chỉ đích,100,3,0.9585561497326203,6.756983871217898
đổi xe,1,Trộn,200,3,0.9269340974212035,5.513346197219164
đổi xe,1,Chỉ đích,200,3,0.920487106017192,5.288677525913329
đổi xe,1,Trộn,10,4,0.9255989911727617,5.530561197602594
đổi xe,1,Chỉ đích,10,4,0.7585119798234552,3.193993206361796
đổi xe,1,Trộn,25,4,0.9255251432208784,5.530561197602594
đổi xe,1,Chỉ đích,25,4,0.9815404201145767,9.40859023682745
đổi xe,1,Trộn,50,4,0.925614489003881,5.51977767923222
đổi xe,1,Chỉ đích,50,4,0.9029754204398448,4.847894190886279
đổi xe,1,Trộn,100,4,0.9237967914438503,5.51258584687497
đổi xe,1,Chỉ đích,100,4,0.9037433155080213,4.84975548773869
đổi xe,1,Trộn,200,4,0.9269340974212035,5.513346197219164
đổi xe,1,Chỉ đích,200,4,0.9183381088825215,5.229554509272617
đổi xe,1,Trộn,10,5,0.926860025220681,5.541467711833576
đổi xe,1,Chỉ đích,10,5,0.9533417402269861,6.642275234194216
đổi xe,1,Trộn,25,5,0.9255251432208784,5.530561197602594
đổi xe,1,Chỉ đích,25,5,0.9528962444302992,6.642275234194216
đổi xe,1,Trộn,50,5,0.925614489003881,5.51977767923222
đổi xe,1,Chỉ đích,50,5,0.9191461836998707,5.293252319335949
đổi xe,1,Trộn,100,5,0.9264705882352942,5.51977767923222
đổi xe,1,Chỉ đích,100,5,0.9197860962566845,5.293252319335949
đổi xe,1,Trộn,200,5,0.9226361031518625,5.494013933771242
đổi xe,1,Chỉ đích,200,5,0.8939828080229226,4.713526608762066
đổi xe,1,Trộn,10,6,0.9255989911727617,5.530561197602594
đổi xe,1,Chỉ đích,10,6,0.9180327868852459,5.253305016083544
đổi xe,1,Trộn,25,6,0.9255251432208784,5.530561197602594
đổi xe,1,Chỉ đích,25,6,0.9929980903882877,11.905960211588592
đổi xe,1,Trộn,50,6,0.92496765847348,5.514906426323762
đổi xe,1,Chỉ đích,50,6,0.9094437257438551,4.959206647357689
đổi xe,1,Trộn,100,6,0.9217914438502673,5.499400839202593
đổi xe,1,Chỉ đích,100,6,0.8188502673796791,3.7518234592014608
đổi xe,1,Trộn,200,6,0.9247851002865329,5.50181589802267
đổi xe,1,Chỉ đích,200,6,0.9183381088825215,5.229554509272617
đổi xe,1,Trộn,10,7,0.9255989911727617,5.530561197602594
đổi xe,1,Chỉ đích,10,7,0.8360655737704918,3.87689666887988
đổi xe,1,Trộn,25,7,0.92488860598345,5.51977767923222
đổi xe,1,Chỉ đích,25,7,0.90515595162317,4.886906009375679
đổi xe,1,Trộn,50,7,0.9236739974126779,5.513178124174431
đổi xe,1,Chỉ đích,50,7,0.869340232858991,4.3066277417453875
đổi xe,1,Trộn,100,7,0.9231283422459893,5.50181589802267
đổi xe,1,Chỉ đích,100,7,0.8756684491978609,4.3970297248295935
đổi xe,1,Trộn,200,7,0.923352435530086,5.499400839202593
đổi xe,1,Chỉ đích,200,7,0.8839541547277937,4.539714715210891
đổi xe,1,Trộn,10,8,0.9255989911727617,5.530561197602594
đổi xe,1,Chỉ đích,10,8,0.8619167717528373,4.166663625342181
đổi xe,1,Trộn,25,8,0.92488860598345,5.51977767923222
đổi xe,1,Chỉ đích,25,8,0.9102482495225971,4.9896002567507765
đổi xe,1,Trộn,50,8,0.92496765847348,5.514906426323762
đổi xe,1,Chỉ đích,50,8,0.9107373868046572,4.9896002567507765
đổi xe,1,Trộn,100,8,0.9237967914438503,5.51258584687497
đổi xe,1,Chỉ đích,100,8,0.9044117647058824,4.879465656754263
đổi xe,1,Trộn,200,8,0.9276504297994269,5.514906426323762
đổi xe,1,Chỉ đích,200,8,0.9240687679083095,5.372513980141434
đổi xe,1,Trộn,10,9,0.9281210592686002,5.560327164713584
đổi xe,1,Chỉ đích,10,9,0.9880201765447667,10.629320936468844
đổi xe,1,Trộn,25,9,0.9267982176957352,5.541467711833576
đổi xe,1,Chỉ đích,25,9,0.9879057924888606,10.629320936468844
đổi xe,1,Trộn,50,9,0.9269081500646831,5.531760709247919
đổi xe,1,Chỉ đích,50,9,0.9450194049159121,6.3199642062718056
đổi xe,1,Trộn,100,9,0.928475935828877,5.541467711833576
đổi xe,1,Chỉ đích,100,9,0.946524064171123,6.3199642062718056
đổi xe,1,Trộn,200,9,0.9297994269340975,5.531760709247919
đổi xe,1,Chỉ đích,200,9,0.9305157593123209,5.61708864688552
đổi xe,1,Trộn,10,10,0.926860025220681,5.541467711833576
đổi xe,1,Chỉ đích,10,10,0.9880201765447667,10.629320936468844
đổi xe,1,Trộn,25,10,0.9267982176957352,5.541467711833576
đổi xe,1,Chỉ đích,25,10,0.9879057924888606,10.629320936468844
đổi xe,1,Trộn,50,10,0.925614489003881,5.51977767923222
đổi xe,1,Chỉ đích,50,10,0.9100905562742562,4.982812620261939
đổi xe,1,Trộn,100,10,0.9264705882352942,5.51977767923222
đổi xe,1,Chỉ đích,100,10,0.9237967914438503,5.400472009210688
đổi xe,1,Trộn,200,10,0.9255014326647565,5.51258584687497
đổi xe,1,Chỉ đích,200,10,0.9111747851002865,4.982812620261939
đổi xe,1,Trộn,10,11,0.9255989911727617,5.530561197602594
đổi xe,1,Chỉ đích,10,11,0.8612862547288777,4.165922373830512
đổi xe,1,Trộn,25,11,0.9255251432208784,5.530561197602594
đổi xe,1,Chỉ đích,25,11,0.9828134945894335,9.675206094687866
đổi xe,1,Trộn,50,11,0.926261319534282,5.530561197602594
đổi xe,1,Chỉ đích,50,11,0.9391979301423027,6.012199350422293
đổi xe,1,Trộn,100,11,0.9271390374331551,5.530561197602594
đổi xe,1,Chỉ đích,100,11,0.9298128342245989,5.693416471354112
đổi xe,1,Trộn,200,11,0.9290830945558739,5.530561197602594
đổi xe,1,Chỉ đích,200,11,0.9319484240687679,5.693416471354112
đổi xe,1,Trộn,10,12,0.926860025220681,5.541467711833576
đổi xe,1,Chỉ đích,10,12,0.9438839848675914,6.311257018521275
đổi xe,1,Trộn,25,12,0.928071292170592,5.560327164713584
đổi xe,1,Chỉ đích,25,12,0.9758115849777212,8.475471648039616
đổi xe,1,Trộn,50,12,0.9275549805950841,5.541467711833576
đổi xe,1,Chỉ đích,50,12,0.9417852522639069,6.150788107251429
đổi xe,1,Trộn,100,12,0.9244652406417112,5.513178124174431
đổi xe,1,Chỉ đích,100,12,0.8703208556149733,4.332172054811366
đổi xe,1,Trộn,200,12,0.9226361031518625,5.494013933771242
đổi xe,1,Chỉ đích,200,12,0.8646131805157593,4.296022260199663
đổi xe,1,Trộn,10,13,0.926860025220681,5.541467711833576
đổi xe,1,Chỉ đích,10,13,0.9672131147540983,7.99077679957125
đổi xe,1,Trộn,25,13,0.9287078294080203,5.561251634151802
đổi xe,1,Chỉ đích,25,13,0.9796308084022916,9.059799372062798
đổi xe,1,Trộn,50,13,0.926261319534282,5.530561197602594
đổi xe,1,Chỉ đích,50,13,0.9417852522639069,6.150788107251429
đổi xe,1,Trộn,100,13,0.9271390374331551,5.530561197602594
đổi xe,1,Chỉ đích,100,13,0.9431818181818182,6.150788107251429
đổi xe,1,Trộn,200,13,0.9283667621776505,5.51977767923222
đổi xe,1,Chỉ đích,200,13,0.9255014326647565,5.400472009210688
đổi xe,1,Trộn,10,14,0.926860025220681,5.541467711833576
đổi xe,1,Chỉ đích,10,14,0.9527112232030265,6.640195666067115
đổi xe,1,Trộn,25,14,0.9255251432208784,5.530561197602594
đổi xe,1,Chỉ đích,25,14,0.9522597071928708,6.640195666067115
đổi xe,1,Trộn,50,14,0.92496765847348,5.514906426323762
đổi xe,1,Chỉ đích,50,14,0.9003880983182406,4.812581474365629
đổi xe,1,Trộn,100,14,0.9224598930481284,5.500935766975886
đổi xe,1,Chỉ đích,100,14,0.8375668449197861,3.9637789824881793
đổi xe,1,Trộn,200,14,0.9226361031518625,5.494013933771242
đổi xe,1,Chỉ đích,200,14,0.8674785100286533,4.326700790189932
đổi xe,1,Trộn,10,15,0.926860025220681,5.541467711833576
đổi xe,1,Chỉ đích,10,15,0.9716267339218159,8.250838935472075
đổi xe,1,Trộn,25,15,0.9255251432208784,5.530561197602594
đổi xe,1,Chỉ đích,25,15,0.9713558243157224,8.250838935472075
đổi xe,1,Trộn,50,15,0.92496765847348,5.514906426323762
đổi xe,1,Chỉ đích,50,15,0.8997412677878396,4.8081793768552075
đổi xe,1,Trộn,100,15,0.9224598930481284,5.500935766975886
đổi xe,1,Chỉ đích,100,15,0.8850267379679144,4.539714715210891
đổi xe,1,Trộn,200,15,0.921919770773639,5.487307925785274
đổi xe,1,Chỉ đích,200,15,0.8689111747851003,4.340588299851277
đổi xe,1,Trộn,10,16,0.926860025220681,5.541467711833576
đổi xe,1,Chỉ đích,10,16,0.9482976040353089,6.545566757469857
đổi xe,1,Trộn,25,16,0.9267982176957352,5.541467711833576
đổi xe,1,Chỉ đích,25,16,0.9503500954805856,6.6070052978163005
đổi xe,1,Trộn,50,16,0.926261319534282,5.530561197602594
đổi xe,1,Chỉ đích,50,16,0.9489003880983182,6.545566757469857
đổi xe,1,Trộn,100,16,0.9264705882352942,5.51977767923222
đổi xe,1,Chỉ đích,100,16,0.9070855614973262,4.902863946677087
đổi xe,1,Trộn,200,16,0.9276504297994269,5.514906426323762
đổi xe,1,Chỉ đích,200,16,0.9140401146131805,5.105774091732883
đổi xe,1,Trộn,10,17,0.9255989911727617,5.530561197602594
đổi xe,1,Chỉ đích,10,17,0.8032786885245902,3.5558073639224688
đổi xe,1,Trộn,25,17,0.92488860598345,5.51977767923222
đổi xe,1,Chỉ đích,25,17,0.9229789942711648,5.415580038478055
đổi xe,1,Trộn,50,17,0.9236739974126779,5.513178124174431
đổi xe,1,Chỉ đích,50,17,0.9126778783958602,5.105774091732883
đổi xe,1,Trộn,100,17,0.9237967914438503,5.51258584687497
đổi xe,1,Chỉ đích,100,17,0.9044117647058824,4.879465656754263
đổi xe,1,Trộn,200,17,0.9240687679083095,5.500935766975886
đổi xe,1,Chỉ đích,200,17,0.9011461318051576,4.814613025555303
đổi xe,1,Trộn,10,18,0.9255989911727617,5.530561197602594
đổi xe,1,Chỉ đích,10,18,0.9104665825977302,4.982812620261939
đổi xe,1,Trộn,25,18,0.92488860598345,5.51977767923222
đổi xe,1,Chỉ đích,25,18,0.9096117122851687,4.982812620261939
đổi xe,1,Trộn,50,18,0.926261319534282,5.530561197602594
đổi xe,1,Chỉ đích,50,18,0.9320827943078913,5.745975854256301
đổi xe,1,Trộn,100,18,0.9264705882352942,5.51977767923222
đổi xe,1,Chỉ đích,100,18,0.9258021390374331,5.477566656691124
đổi xe,1,Trộn,200,18,0.9283667621776505,5.51977767923222
đổi xe,1,Chỉ đích,200,18,0.9276504297994269,5.477566656691124
đổi xe,1,Trộn,10,19,0.9255989911727617,5.530561197602594
đổi xe,1,Chỉ đích,10,19,0.9186633039092056,5.288677525913329
đổi xe,1,Trộn,25,19,0.928071292170592,5.560327164713584
đổi xe,1,Chỉ đích,25,19,0.9949077021005729,13.684910200131412
đổi xe,1,Trộn,50,19,0.925614489003881,5.51977767923222
đổi xe,1,Chỉ đích,50,19,0.9184993531694696,5.288677525913329
đổi xe,1,Trộn,100,19,0.9224598930481284,5.500935766975886
đổi xe,1,Chỉ đích,100,19,0.8836898395721925,4.534935034967191
đổi xe,1,Trộn,200,19,0.919054441260745,5.43418301644391
đổi xe,1,Chỉ đích,200,19,0.8918338108882522,4.688464545355885
đổi xe,2,Chỉ nguồn,10,0,0.9070197044334976,5.921650227417786
đổi xe,2,Trộn,10,0,0.9064039408866995,5.917022271050314
đổi xe,2,Chỉ đích,10,0,0.8780788177339901,5.272074614025371
đổi xe,2,Chỉ nguồn,25,0,0.9067743940335612,5.921650227417786
đổi xe,2,Trộn,25,0,0.906152889993785,5.917022271050314
đổi xe,2,Chỉ đích,25,0,0.9129894344313239,6.108481732481664
đổi xe,2,Chỉ nguồn,50,0,0.9059343434343434,5.921650227417786
đổi xe,2,Trộn,50,0,0.9034090909090909,5.885405537109364
đổi xe,2,Chỉ đích,50,0,0.8630050505050505,5.019785104335028
đổi xe,2,Chỉ nguồn,100,0,0.9067796610169492,5.921650227417786
đổi xe,2,Trộn,100,0,0.9041720990873533,5.899675459991926
đổi xe,2,Chỉ đích,100,0,0.894393741851369,5.5999838333404455
đổi xe,2,Chỉ nguồn,200,0,0.9058577405857741,5.921650227417786
đổi xe,2,Trộn,200,0,0.903068340306834,5.873631593440848
đổi xe,2,Chỉ đích,200,0,0.8940027894002789,5.5999838333404455
đổi xe,2,Trộn,10,1,0.9082512315270936,5.9277114978492875
đổi xe,2,Chỉ đích,10,1,0.9852216748768473,11.186907416234362
đổi xe,2,Trộn,25,1,0.9136109384711001,6.010479464864147
đổi xe,2,Chỉ đích,25,1,0.9875699192044748,11.448900791444885
đổi xe,2,Trộn,50,1,0.9160353535353535,6.015891884100824
đổi xe,2,Chỉ đích,50,1,0.9747474747474747,9.303607708847238
đổi xe,2,Trộn,100,1,0.9165580182529335,6.015891884100824
đổi xe,2,Chỉ đích,100,1,0.9634941329856584,8.07531150787301
đổi xe,2,Trộn,200,1,0.9163179916317992,6.011850290557362
đổi xe,2,Chỉ đích,200,1,0.9337517433751743,6.543082979851022
đổi xe,2,Trộn,10,2,0.9064039408866995,5.917022271050314
đổi xe,2,Chỉ đích,10,2,0.8860837438423645,5.43069938255374
đổi xe,2,Trộn,25,2,0.9036668738346799,5.899675459991926
đổi xe,2,Chỉ đích,25,2,0.8850217526413922,5.43069938255374
đổi xe,2,Trộn,50,2,0.9040404040404041,5.899675459991926
đổi xe,2,Chỉ đích,50,2,0.88510101010101,5.43069938255374
đổi xe,2,Trộn,100,2,0.9035202086049544,5.885405537109364
đổi xe,2,Chỉ đích,100,2,0.8846153846153846,5.43069938255374
đổi xe,2,Trộn,200,2,0.900976290097629,5.820217921245131
đổi xe,2,Chỉ đích,200,2,0.8814504881450488,5.39919727594085
đổi xe,2,Trộn,10,3,0.9076354679802956,5.921650227417786
đổi xe,2,Chỉ đích,10,3,0.9236453201970444,6.377314005480599
đổi xe,2,Trộn,25,3,0.9080174021131138,5.9277114978492875
đổi xe,2,Chỉ đích,25,3,0.9813548788067122,10.67113796154203
đổi xe,2,Trộn,50,3,0.9078282828282829,5.921650227417786
đổi xe,2,Chỉ đích,50,3,0.9267676767676768,6.430664670782505
đổi xe,2,Trộn,100,3,0.9035202086049544,5.885405537109364
đổi xe,2,Chỉ đích,100,3,0.894393741851369,5.5999838333404455
đổi xe,2,Trộn,200,3,0.9037656903765691,5.885405537109364
đổi xe,2,Chỉ đích,200,3,0.900278940027894,5.760315383075266
đổi xe,2,Trộn,10,4,0.9082512315270936,5.9277114978492875
đổi xe,2,Chỉ đích,10,4,0.9298029556650246,6.497933066948889
đổi xe,2,Trộn,25,4,0.9092604101926662,5.946033567398416
đổi xe,2,Chỉ đích,25,4,0.9620882535736482,8.38690536024302
đổi xe,2,Trộn,50,4,0.9090909090909091,5.931593046791505
đổi xe,2,Chỉ đích,50,4,0.9627525252525253,8.377979074583777
đổi xe,2,Trộn,100,4,0.9126466753585397,5.990910046699639
đổi xe,2,Chỉ đích,100,4,0.9517601043024772,7.495113128177678
đổi xe,2,Trộn,200,4,0.9142259414225942,6.000493990852533
đổi xe,2,Chỉ đích,200,4,0.9386331938633193,6.739273268926695
đổi xe,2,Trộn,10,5,0.9064039408866995,5.917022271050314
đổi xe,2,Chỉ đích,10,5,0.8639162561576355,4.967131201617747
đổi xe,2,Trộn,25,5,0.9080174021131138,5.9277114978492875
đổi xe,2,Chỉ đích,25,5,0.9751398384089497,9.48000677264173
đổi xe,2,Trộn,50,5,0.9065656565656566,5.917022271050314
đổi xe,2,Chỉ đích,50,5,0.9242424242424242,6.38204105662237
đổi xe,2,Trộn,100,5,0.9067796610169492,5.917022271050314
đổi xe,2,Chỉ đích,100,5,0.9106910039113429,6.015891884100824
đổi xe,2,Trộn,200,5,0.9100418410041841,5.931593046791505
đổi xe,2,Chỉ đích,200,5,0.9267782426778243,6.38204105662237
đổi xe,2,Trộn,10,6,0.9076354679802956,5.921650227417786
đổi xe,2,Chỉ đích,10,6,0.9254926108374384,6.387295806767895
đổi xe,2,Trộn,25,6,0.9073958980733374,5.921650227417786
đổi xe,2,Chỉ đích,25,6,0.944686140459913,7.146683148871517
đổi xe,2,Trộn,50,6,0.9078282828282829,5.921650227417786
đổi xe,2,Chỉ đích,50,6,0.9343434343434344,6.69798308756512
đổi xe,2,Trộn,100,6,0.9028683181225554,5.873631593440848
đổi xe,2,Chỉ đích,100,6,0.8252933507170795,4.358486480336211
đổi xe,2,Trộn,200,6,0.899581589958159,5.811794254241903
đổi xe,2,Chỉ đích,200,6,0.8542538354253836,4.905974678942016
đổi xe,2,Trộn,10,7,0.9082512315270936,5.9277114978492875
đổi xe,2,Chỉ đích,10,7,0.9593596059113301,8.01683354721726
đổi xe,2,Trộn,25,7,0.9080174021131138,5.9277114978492875
đổi xe,2,Chỉ đích,25,7,0.980733374766936,10.578546016687142
đổi xe,2,Trộn,50,7,0.9078282828282829,5.921650227417786
đổi xe,2,Chỉ đích,50,7,0.9602272727272727,8.01683354721726
đổi xe,2,Trộn,100,7,0.9087353324641461,5.9277114978492875
đổi xe,2,Chỉ đích,100,7,0.9471968709256845,7.146683148871517
đổi xe,2,Trộn,200,7,0.9065550906555091,5.9154380821813675
đổi xe,2,Chỉ đích,200,7,0.9065550906555091,5.9154380821813675
đổi xe,2,Trộn,10,8,0.9064039408866995,5.917022271050314
đổi xe,2,Chỉ đích,10,8,0.8405172413793104,4.5592616265190316
đổi xe,2,Trộn,25,8,0.9080174021131138,5.9277114978492875
đổi xe,2,Chỉ đích,25,8,0.9763828464885022,9.680684582686183
đổi xe,2,Trộn,50,8,0.9065656565656566,5.917022271050314
đổi xe,2,Chỉ đích,50,8,0.9154040404040404,6.160420616945487
đổi xe,2,Trộn,100,8,0.910039113428944,5.946033567398416
đổi xe,2,Chỉ đích,100,8,0.9380704041720991,6.851785681776732
đổi xe,2,Trộn,200,8,0.9086471408647141,5.921650227417786
đổi xe,2,Chỉ đích,200,8,0.9198047419804742,6.229870323738197
đổi xe,2,Trộn,10,9,0.9064039408866995,5.917022271050314
đổi xe,2,Chỉ đích,10,9,0.7900246305418719,3.943911424974857
đổi xe,2,Trộn,25,9,0.9073958980733374,5.921650227417786
đổi xe,2,Chỉ đích,25,9,0.9751398384089497,9.48000677264173
đổi xe,2,Trộn,50,9,0.9090909090909091,5.931593046791505
đổi xe,2,Chỉ đích,50,9,0.9577020202020202,7.93255331074414
đổi xe,2,Trộn,100,9,0.9087353324641461,5.9277114978492875
đổi xe,2,Chỉ đích,100,9,0.9308996088657105,6.497933066948889
đổi xe,2,Trộn,200,9,0.9037656903765691,5.885405537109364
đổi xe,2,Chỉ đích,200,9,0.8926080892608089,5.590974764706914
đổi xe,2,Trộn,10,10,0.9082512315270936,5.9277114978492875
đổi xe,2,Chỉ đích,10,10,0.9322660098522167,6.619169526666582
đổi xe,2,Trộn,25,10,0.9080174021131138,5.9277114978492875
đổi xe,2,Chỉ đích,25,10,0.9732753262896209,9.303607708847238
đổi xe,2,Trộn,50,10,0.9078282828282829,5.921650227417786
đổi xe,2,Chỉ đích,50,10,0.9324494949494949,6.619169526666582
đổi xe,2,Trộn,100,10,0.909387222946545,5.931593046791505
đổi xe,2,Chỉ đích,100,10,0.9335071707953064,6.619169526666582
đổi xe,2,Trộn,200,10,0.9142259414225942,6.000493990852533
đổi xe,2,Chỉ đích,200,10,0.9330543933054394,6.497933066948889
đổi xe,2,Trộn,10,11,0.9076354679802956,5.921650227417786
đổi xe,2,Chỉ đích,10,11,0.9396551724137931,7.003817683811889
đổi xe,2,Trộn,25,11,0.9080174021131138,5.9277114978492875
đổi xe,2,Chỉ đích,25,11,0.983219390926041,10.763126747455033
đổi xe,2,Trộn,50,11,0.9090909090909091,5.931593046791505
đổi xe,2,Chỉ đích,50,11,0.9570707070707071,7.926557345920116
đổi xe,2,Trộn,100,11,0.909387222946545,5.931593046791505
đổi xe,2,Chỉ đích,100,11,0.9256844850065189,6.384921975110558
đổi xe,2,Trộn,200,11,0.904463040446304,5.899675459991926
đổi xe,2,Chỉ đích,200,11,0.900278940027894,5.760315383075266
đổi xe,2,Trộn,10,12,0.9064039408866995,5.917022271050314
đổi xe,2,Chỉ đích,10,12,0.8158866995073891,4.198230458380067
đổi xe,2,Trộn,25,12,0.906152889993785,5.917022271050314
đổi xe,2,Chỉ đích,25,12,0.9633312616532007,8.397185998841366
đổi xe,2,Trộn,50,12,0.9034090909090909,5.885405537109364
đổi xe,2,Chỉ đích,50,12,0.8503787878787878,4.744178303398144
đổi xe,2,Trộn,100,12,0.9080834419817471,5.921650227417786
đổi xe,2,Chỉ đích,100,12,0.9341590612777053,6.652413938922621
đổi xe,2,Trộn,200,12,0.9100418410041841,5.931593046791505
đổi xe,2,Chỉ đích,200,12,0.9323570432357043,6.47965264616289
đổi xe,2,Trộn,10,13,0.9082512315270936,5.9277114978492875
đổi xe,2,Chỉ đích,10,13,0.979064039408867,10.409501831597169
đổi xe,2,Trộn,25,13,0.90863890615289,5.931593046791505
đổi xe,2,Chỉ đích,25,13,0.9788688626476072,10.409501831597169
đổi xe,2,Trộn,50,13,0.9097222222222222,5.946033567398416
đổi xe,2,Chỉ đích,50,13,0.9393939393939394,6.936602854090893
đổi xe,2,Trộn,100,13,0.9087353324641461,5.9277114978492875
đổi xe,2,Chỉ đích,100,13,0.9132985658409387,6.073377224392345
đổi xe,2,Trộn,200,13,0.9093444909344491,5.9277114978492875
đổi xe,2,Chỉ đích,200,13,0.9142259414225942,6.073377224392345
đổi xe,2,Trộn,10,14,0.9088669950738916,5.931593046791505
đổi xe,2,Chỉ đích,10,14,0.9716748768472906,9.066060307852581
đổi xe,2,Trộn,25,14,0.90863890615289,5.931593046791505
đổi xe,2,Chỉ đích,25,14,0.9714108141702921,9.066060307852581
đổi xe,2,Trộn,50,14,0.9084595959595959,5.9277114978492875
đổi xe,2,Chỉ đích,50,14,0.9463383838383839,7.2525861631450255
đổi xe,2,Trộn,100,14,0.909387222946545,5.931593046791505
đổi xe,2,Chỉ đích,100,14,0.9172099087353325,6.201422502904194
đổi xe,2,Trộn,200,14,0.9135285913528591,5.990910046699639
đổi xe,2,Chỉ đích,200,14,0.9218967921896792,6.296618407405276
đổi xe,2,Trộn,10,15,0.9064039408866995,5.917022271050314
đổi xe,2,Chỉ đích,10,15,0.8552955665024631,4.808887914204405
đổi xe,2,Trộn,25,15,0.9073958980733374,5.921650227417786
đổi xe,2,Chỉ đích,25,15,0.9707893101305158,9.06483245904596
đổi xe,2,Trộn,50,15,0.9040404040404041,5.899675459991926
đổi xe,2,Chỉ đích,50,15,0.8585858585858586,4.905974678942016
đổi xe,2,Trộn,100,15,0.9054758800521513,5.908247405407593
đổi xe,2,Chỉ đích,100,15,0.9054758800521513,5.908247405407593
đổi xe,2,Trộn,200,15,0.897489539748954,5.78710384427589
đổi xe,2,Chỉ đích,200,15,0.8528591352859135,4.900025881285728
đổi xe,2,Trộn,10,16,0.9082512315270936,5.9277114978492875
đổi xe,2,Chỉ đích,10,16,0.9876847290640394,11.448900791444885
đổi xe,2,Trộn,25,16,0.90863890615289,5.931593046791505
đổi xe,2,Chỉ đích,25,16,0.9875699192044748,11.448900791444885
đổi xe,2,Trộn,50,16,0.9097222222222222,5.946033567398416
đổi xe,2,Chỉ đích,50,16,0.9577020202020202,7.93255331074414
đổi xe,2,Trộn,100,16,0.909387222946545,5.931593046791505
đổi xe,2,Chỉ đích,100,16,0.9367666232073012,6.793284589718496
đổi xe,2,Trộn,200,16,0.9086471408647141,5.921650227417786
đổi xe,2,Chỉ đích,200,16,0.9107391910739191,6.001635207267412
đổi xe,2,Trộn,10,17,0.9064039408866995,5.917022271050314
đổi xe,2,Chỉ đích,10,17,0.854064039408867,4.763301186149846
đổi xe,2,Trộn,25,17,0.9073958980733374,5.921650227417786
đổi xe,2,Chỉ đích,25,17,0.9919204474829086,15.020472182074613
đổi xe,2,Trộn,50,17,0.9040404040404041,5.899675459991926
đổi xe,2,Chỉ đích,50,17,0.889520202020202,5.5547654823477615
đổi xe,2,Trộn,100,17,0.9028683181225554,5.873631593440848
đổi xe,2,Chỉ đích,100,17,0.8839634941329857,5.4051490705634535
đổi xe,2,Trộn,200,17,0.903068340306834,5.873631593440848
đổi xe,2,Chỉ đích,200,17,0.8891213389121339,5.558612253689233
đổi xe,2,Trộn,10,18,0.9064039408866995,5.917022271050314
đổi xe,2,Chỉ đích,10,18,0.8713054187192119,5.1287405644169155
đổi xe,2,Trộn,25,18,0.906152889993785,5.917022271050314
đổi xe,2,Chỉ đích,25,18,0.9092604101926662,6.001635207267412
đổi xe,2,Trộn,50,18,0.9065656565656566,5.917022271050314
đổi xe,2,Chỉ đích,50,18,0.9097222222222222,6.001635207267412
đổi xe,2,Trộn,100,18,0.9080834419817471,5.921650227417786
đổi xe,2,Chỉ đích,100,18,0.9178617992177314,6.215876430536412
đổi xe,2,Trộn,200,18,0.9037656903765691,5.885405537109364
đổi xe,2,Chỉ đích,200,18,0.8940027894002789,5.5999838333404455
đổi xe,2,Trộn,10,19,0.9064039408866995,5.917022271050314
đổi xe,2,Chỉ đích,10,19,0.7241379310344828,3.3367112630208453
đổi xe,2,Trộn,25,19,0.9036668738346799,5.899675459991926
đổi xe,2,Chỉ đích,25,19,0.8247358607830951,4.306152151819077
đổi xe,2,Trộn,50,19,0.9078282828282829,5.921650227417786
đổi xe,2,Chỉ đích,50,19,0.9160353535353535,6.161122815755192
đổi xe,2,Trộn,100,19,0.9067796610169492,5.917022271050314
đổi xe,2,Chỉ đích,100,19,0.9132985658409387,6.073377224392345
đổi xe,2,Trộn,200,19,0.9093444909344491,5.9277114978492875
đổi xe,2,Chỉ đích,200,19,0.9149232914923291,6.108481732481664
đổi xe,3,Chỉ nguồn,10,0,0.924066924066924,5.872633085854005
đổi xe,3,Trộn,10,0,0.9266409266409267,5.918164864748093
đổi xe,3,Chỉ đích,10,0,0.9594594594594594,7.450827021132142
đổi xe,3,Chỉ nguồn,25,0,0.9239766081871345,5.872633085854005
đổi xe,3,Trộn,25,0,0.926575698505523,5.918164864748093
đổi xe,3,Chỉ đích,25,0,0.9889538661468485,10.970937251699922
đổi xe,3,Chỉ nguồn,50,0,0.9253632760898283,5.872633085854005
đổi xe,3,Trộn,50,0,0.929326287978864,5.940460835124497
đổi xe,3,Chỉ đích,50,0,0.9603698811096433,7.450827021132142
đổi xe,3,Chỉ nguồn,100,0,0.9262295081967213,5.872633085854005
đổi xe,3,Trộn,100,0,0.930327868852459,5.940460835124497
đổi xe,3,Chỉ đích,100,0,0.9453551912568307,6.529567441114665
đổi xe,3,Chỉ nguồn,200,0,0.9259530791788856,5.872633085854005
đổi xe,3,Trộn,200,0,0.9259530791788856,5.864042066084437
đổi xe,3,Chỉ đích,200,0,0.9281524926686217,5.890327454525675
đổi xe,3,Trộn,10,1,0.9234234234234234,5.872633085854005
đổi xe,3,Chỉ đích,10,1,0.9819819819819819,9.291657456096317
đổi xe,3,Trộn,25,1,0.9226770630279402,5.864042066084437
đổi xe,3,Chỉ đích,25,1,0.98180636777128,9.291657456096317
đổi xe,3,Trộn,50,1,0.9220607661822986,5.833387286767447
đổi xe,3,Chỉ đích,50,1,0.9035667107001321,5.432118737669697
đổi xe,3,Trộn,100,1,0.9241803278688525,5.864042066084437
đổi xe,3,Chỉ đích,100,1,0.9323770491803278,6.132261922914324
đổi xe,3,Trộn,200,1,0.9200879765395894,5.795530733868588
đổi xe,3,Chỉ đích,200,1,0.907624633431085,5.493011543115983
đổi xe,3,Trộn,10,2,0.9227799227799228,5.864042066084437
đổi xe,3,Chỉ đích,10,2,0.918918918918919,5.699358574459836
đổi xe,3,Trộn,25,2,0.9220272904483431,5.853405874100957
đổi xe,3,Chỉ đích,25,2,0.9181286549707602,5.699358574459836
đổi xe,3,Trộn,50,2,0.9233817701453104,5.864042066084437
đổi xe,3,Chỉ đích,50,2,0.9458388375165125,6.653357051013785
đổi xe,3,Trộn,100,2,0.9234972677595629,5.853405874100957
đổi xe,3,Chỉ đích,100,2,0.921448087431694,5.78014444908348
đổi xe,3,Trộn,200,2,0.9244868035190615,5.833387286767447
đổi xe,3,Chỉ đích,200,2,0.9237536656891495,5.803478540285624
đổi xe,3,Trộn,10,3,0.9234234234234234,5.872633085854005
đổi xe,3,Chỉ đích,10,3,0.9407979407979408,6.3764801436983305
đổi xe,3,Trộn,25,3,0.926575698505523,5.918164864748093
đổi xe,3,Chỉ đích,25,3,0.949317738791423,6.843043583426095
đổi xe,3,Trộn,50,3,0.9227212681638045,5.853405874100957
đổi xe,3,Chỉ đích,50,3,0.8976221928665786,5.334499654887594
đổi xe,3,Trộn,100,3,0.9234972677595629,5.853405874100957
đổi xe,3,Chỉ đích,100,3,0.9118852459016393,5.537374165151249
đổi xe,3,Trộn,200,3,0.9200879765395894,5.795530733868588
đổi xe,3,Chỉ đích,200,3,0.9024926686217009,5.431380570746541
đổi xe,3,Trộn,10,4,0.9227799227799228,5.864042066084437
đổi xe,3,Chỉ đích,10,4,0.8725868725868726,4.7179246239816734
đổi xe,3,Trộn,25,4,0.9226770630279402,5.864042066084437
đổi xe,3,Chỉ đích,25,4,0.9525666016894087,7.153144056532085
đổi xe,3,Trộn,50,4,0.9227212681638045,5.853405874100957
đổi xe,3,Chỉ đích,50,4,0.9055482166446499,5.444674826876167
đổi xe,3,Trộn,100,4,0.9228142076502732,5.833387286767447
đổi xe,3,Chỉ đích,100,4,0.9057377049180327,5.444674826876167
đổi xe,3,Trộn,200,4,0.9186217008797654,5.794646850585906
đổi xe,3,Chỉ đích,200,4,0.9032258064516129,5.4316323268859605
đổi xe,3,Trộn,10,5,0.9266409266409267,5.918164864748093
đổi xe,3,Chỉ đích,10,5,0.9601029601029601,7.473659045097037
đổi xe,3,Trộn,25,5,0.926575698505523,5.918164864748093
đổi xe,3,Chỉ đích,25,5,0.9597141000649773,7.473659045097037
đổi xe,3,Trộn,50,5,0.929326287978864,5.940460835124497
đổi xe,3,Chỉ đích,50,5,0.9610303830911493,7.473659045097037
đổi xe,3,Trộn,100,5,0.9282786885245902,5.918164864748093
đổi xe,3,Chỉ đích,100,5,0.9371584699453552,6.219043742404494
đổi xe,3,Trộn,200,5,0.9244868035190615,5.833387286767447
đổi xe,3,Chỉ đích,200,5,0.9090909090909091,5.508355215833063
đổi xe,3,Trộn,10,6,0.9227799227799228,5.864042066084437
đổi xe,3,Chỉ đích,10,6,0.7676962676962676,3.5173376604852535
đổi xe,3,Trộn,25,6,0.9220272904483431,5.853405874100957
đổi xe,3,Chỉ đích,25,6,0.783625730994152,3.6481331651475557
đổi xe,3,Trộn,50,6,0.9227212681638045,5.853405874100957
đổi xe,3,Chỉ đích,50,6,0.7820343461030383,3.6481331651475557
đổi xe,3,Trộn,100,6,0.9234972677595629,5.853405874100957
đổi xe,3,Chỉ đích,100,6,0.9173497267759563,5.681413165495741
đổi xe,3,Trộn,200,6,0.9222873900293255,5.805482108080611
đổi xe,3,Chỉ đích,200,6,0.9156891495601173,5.600941606987874
đổi xe,3,Trộn,10,7,0.9234234234234234,5.872633085854005
đổi xe,3,Chỉ đích,10,7,0.9305019305019305,6.111335168826912
đổi xe,3,Trộn,25,7,0.9226770630279402,5.864042066084437
đổi xe,3,Chỉ đích,25,7,0.9298245614035088,6.111335168826912
đổi xe,3,Trộn,50,7,0.9227212681638045,5.853405874100957
đổi xe,3,Chỉ đích,50,7,0.8903566710700133,5.204524465060786
đổi xe,3,Trộn,100,7,0.9187158469945356,5.795530733868588
đổi xe,3,Chỉ đích,100,7,0.8620218579234973,4.6169899484592065
đổi xe,3,Trộn,200,7,0.9127565982404692,5.765658172543652
đổi xe,3,Chỉ đích,200,7,0.8269794721407625,4.252183190431737
đổi xe,3,Trộn,10,8,0.9227799227799228,5.864042066084437
đổi xe,3,Chỉ đích,10,8,0.797940797940798,3.7959710105320994
đổi xe,3,Trộn,25,8,0.9233268356075374,5.872633085854005
đổi xe,3,Chỉ đích,25,8,0.9850552306692657,10.255415094840231
đổi xe,3,Trộn,50,8,0.9240422721268163,5.872633085854005
đổi xe,3,Chỉ đích,50,8,0.9418758256274768,6.377609589061194
đổi xe,3,Trộn,100,8,0.9241803278688525,5.864042066084437
đổi xe,3,Chỉ đích,100,8,0.9364754098360656,6.213129966279354
đổi xe,3,Trộn,200,8,0.9252199413489736,5.853405874100957
đổi xe,3,Chỉ đích,200,8,0.9215542521994134,5.750349844884369
đổi xe,3,Trộn,10,9,0.9234234234234234,5.872633085854005
đổi xe,3,Chỉ đích,10,9,0.9665379665379665,7.900418912043932
đổi xe,3,Trộn,25,9,0.926575698505523,5.918164864748093
đổi xe,3,Chỉ đích,25,9,0.9662118258609487,7.900418912043932
đổi xe,3,Trộn,50,9,0.9266842800528402,5.890327454525675
đổi xe,3,Chỉ đích,50,9,0.940554821664465,6.3190388791079215
đổi xe,3,Trộn,100,9,0.9275956284153005,5.890327454525675
đổi xe,3,Chỉ đích,100,9,0.9412568306010929,6.31859137587395
đổi xe,3,Trộn,200,9,0.9266862170087976,5.872633085854005
đổi xe,3,Chỉ đích,200,9,0.9288856304985337,5.926107465695054
đổi xe,3,Trộn,10,10,0.9266409266409267,5.918164864748093
đổi xe,3,Chỉ đích,10,10,0.9819819819819819,9.291657456096317
đổi xe,3,Trộn,25,10,0.9233268356075374,5.872633085854005
đổi xe,3,Chỉ đích,25,10,0.98180636777128,9.291657456096317
đổi xe,3,Trộn,50,10,0.9240422721268163,5.872633085854005
đổi xe,3,Chỉ đích,50,10,0.9570673712021136,7.31338310066937
đổi xe,3,Trộn,100,10,0.9228142076502732,5.833387286767447
đổi xe,3,Chỉ đích,100,10,0.9193989071038251,5.699358574459836
đổi xe,3,Trộn,200,10,0.9266862170087976,5.872633085854005
đổi xe,3,Chỉ đích,200,10,0.9325513196480938,6.011641574254867
đổi xe,3,Trộn,10,11,0.9234234234234234,5.872633085854005
đổi xe,3,Chỉ đích,10,11,0.9407979407979408,6.3764801436983305
đổi xe,3,Trộn,25,11,0.9226770630279402,5.864042066084437
đổi xe,3,Chỉ đích,25,11,0.940220922677063,6.3764801436983305
đổi xe,3,Trộn,50,11,0.9233817701453104,5.864042066084437
đổi xe,3,Chỉ đích,50,11,0.9273447820343461,5.982090871633375
đổi xe,3,Trộn,100,11,0.9234972677595629,5.853405874100957
đổi xe,3,Chỉ đích,100,11,0.9050546448087432,5.444085979730744
đổi xe,3,Trộn,200,11,0.9222873900293255,5.805482108080611
đổi xe,3,Chỉ đích,200,11,0.9032258064516129,5.4316323268859605
đổi xe,3,Trộn,10,12,0.9227799227799228,5.864042066084437
đổi xe,3,Chỉ đích,10,12,0.861003861003861,4.577910963669325
đổi xe,3,Trộn,25,12,0.9233268356075374,5.872633085854005
đổi xe,3,Chỉ đích,25,12,0.9415204678362573,6.4846595156417095
đổi xe,3,Trộn,50,12,0.9227212681638045,5.853405874100957
đổi xe,3,Chỉ đích,50,12,0.9015852047556143,5.421120334201419
đổi xe,3,Trộn,100,12,0.9228142076502732,5.833387286767447
đổi xe,3,Chỉ đích,100,12,0.8907103825136612,5.2189970639297485
đổi xe,3,Trộn,200,12,0.9193548387096774,5.79532284109942
đổi xe,3,Chỉ đích,200,12,0.8892961876832844,5.204524465060786
đổi xe,3,Trộn,10,13,0.9227799227799228,5.864042066084437
đổi xe,3,Chỉ đích,10,13,0.8963963963963963,5.259622153236791
đổi xe,3,Trộn,25,13,0.9220272904483431,5.853405874100957
đổi xe,3,Chỉ đích,25,13,0.9116309291747888,5.542450095771272
đổi xe,3,Trộn,50,13,0.9220607661822986,5.833387286767447
đổi xe,3,Chỉ đích,50,13,0.8956406869220608,5.259622153236791
đổi xe,3,Trộn,100,13,0.9180327868852459,5.79532284109942
đổi xe,3,Chỉ đích,100,13,0.8442622950819673,4.37272451320564
đổi xe,3,Trộn,200,13,0.9186217008797654,5.794646850585906
đổi xe,3,Chỉ đích,200,13,0.8504398826979472,4.530529402900129
đổi xe,3,Trộn,10,14,0.9227799227799228,5.864042066084437
đổi xe,3,Chỉ đích,10,14,0.8584298584298584,4.5352216815655595
đổi xe,3,Trộn,25,14,0.9226770630279402,5.864042066084437
đổi xe,3,Chỉ đích,25,14,0.9233268356075374,5.880085635489053
đổi xe,3,Trộn,50,14,0.9240422721268163,5.872633085854005
đổi xe,3,Chỉ đích,50,14,0.9544253632760898,7.173327057658412
đổi xe,3,Trộn,100,14,0.9262295081967213,5.880085635489053
đổi xe,3,Chỉ đích,100,14,0.9337431693989071,6.139194345703089
đổi xe,3,Trộn,200,14,0.9259530791788856,5.864042066084437
đổi xe,3,Chỉ đích,200,14,0.9266862170087976,5.880085635489053
đổi xe,3,Trộn,10,15,0.9234234234234234,5.872633085854005
đổi xe,3,Chỉ đích,10,15,0.9388674388674388,6.301836906612124
đổi xe,3,Trộn,25,15,0.9233268356075374,5.872633085854005
đổi xe,3,Chỉ đích,25,15,0.9382716049382716,6.301836906612124
đổi xe,3,Trộn,50,15,0.9220607661822986,5.833387286767447
đổi xe,3,Chỉ đích,50,15,0.8969616908850726,5.308094925609282
đổi xe,3,Trộn,100,15,0.9193989071038251,5.799517956995089
đổi xe,3,Chỉ đích,100,15,0.8968579234972678,5.308094925609282
đổi xe,3,Trộn,200,15,0.9252199413489736,5.853405874100957
đổi xe,3,Chỉ đích,200,15,0.9222873900293255,5.776565531066296
đổi xe,3,Trộn,10,16,0.9227799227799228,5.864042066084437
đổi xe,3,Chỉ đích,10,16,0.9041184041184042,5.432118737669697
đổi xe,3,Trộn,25,16,0.9220272904483431,5.853405874100957
đổi xe,3,Chỉ đích,25,16,0.9031838856400259,5.432118737669697
đổi xe,3,Trộn,50,16,0.9200792602377807,5.805482108080611
đổi xe,3,Chỉ đích,50,16,0.880449141347424,5.025438521699584
đổi xe,3,Trộn,100,16,0.9193989071038251,5.799517956995089
đổi xe,3,Chỉ đích,100,16,0.89275956284153,5.232660092606466
đổi xe,3,Trộn,200,16,0.9178885630498533,5.7907080311832715
đổi xe,3,Chỉ đích,200,16,0.8922287390029325,5.232660092606466
đổi xe,3,Trộn,10,17,0.9234234234234234,5.872633085854005
đổi xe,3,Chỉ đích,10,17,0.9369369369369369,6.238811488560259
đổi xe,3,Trộn,25,17,0.926575698505523,5.918164864748093
đổi xe,3,Chỉ đích,25,17,0.944769330734243,6.653357051013785
đổi xe,3,Trộn,50,17,0.9233817701453104,5.864042066084437
đổi xe,3,Chỉ đích,50,17,0.9326287978863936,6.139194345703089
đổi xe,3,Trộn,100,17,0.9234972677595629,5.853405874100957
đổi xe,3,Chỉ đích,100,17,0.9173497267759563,5.681413165495741
đổi xe,3,Trộn,200,17,0.9303519061583577,5.918164864748093
đổi xe,3,Chỉ đích,200,17,0.9406158357771262,6.2337863993434155
đổi xe,3,Trộn,10,18,0.9227799227799228,5.864042066084437
đổi xe,3,Chỉ đích,10,18,0.8159588159588159,3.9828379800041205
đổi xe,3,Trộn,25,18,0.9226770630279402,5.864042066084437
đổi xe,3,Chỉ đích,25,18,0.9428200129954516,6.529567441114665
đổi xe,3,Trộn,50,18,0.9227212681638045,5.853405874100957
đổi xe,3,Chỉ đích,50,18,0.9200792602377807,5.776565531066296
đổi xe,3,Trộn,100,18,0.9228142076502732,5.833387286767447
đổi xe,3,Chỉ đích,100,18,0.9200819672131147,5.750349844884369
đổi xe,3,Trộn,200,18,0.9193548387096774,5.79532284109942
đổi xe,3,Chỉ đích,200,18,0.9010263929618768,5.409173829029214
đổi xe,3,Trộn,10,19,0.9227799227799228,5.864042066084437
đổi xe,3,Chỉ đích,10,19,0.888030888030888,5.125499138520524
đổi xe,3,Trộn,25,19,0.9233268356075374,5.872633085854005
đổi xe,3,Chỉ đích,25,19,0.9792072774528915,9.139323983948088
đổi xe,3,Trộn,50,19,0.9273447820343461,5.918164864748093
đổi xe,3,Chỉ đích,50,19,0.9570673712021136,7.31338310066937
đổi xe,3,Trộn,100,19,0.9228142076502732,5.833387286767447
đổi xe,3,Chỉ đích,100,19,0.9207650273224044,5.776565531066296
đổi xe,3,Trộn,200,19,0.9266862170087976,5.872633085854005
đổi xe,3,Chỉ đích,200,19,0.9318181818181818,6.010522394205651
đổi xe,4,Chỉ nguồn,10,0,0.9276885043263288,5.5993307860453285
đổi xe,4,Trộn,10,0,0.9276885043263288,5.595434050202556
đổi xe,4,Chỉ đích,10,0,0.904202719406675,5.007447843037028
đổi xe,4,Chỉ nguồn,25,0,0.9270118527760449,5.5993307860453285
đổi xe,4,Trộn,25,0,0.9263880224578914,5.57428821823251
đổi xe,4,Chỉ đích,25,0,0.9114160948222083,5.162469177439931
đổi xe,4,Chỉ nguồn,50,0,0.9271229404309252,5.5993307860453285
đổi xe,4,Trộn,50,0,0.926489226869455,5.563527151692767
đổi xe,4,Chỉ đích,50,0,0.9036755386565273,5.007447843037028
đổi xe,4,Chỉ nguồn,100,0,0.925392670157068,5.5993307860453285
đổi xe,4,Trộn,100,0,0.9221204188481675,5.516224864612951
đổi xe,4,Chỉ đích,100,0,0.8671465968586387,4.448150267127005
đổi xe,4,Chỉ nguồn,200,0,0.9236694677871149,5.5993307860453285
đổi xe,4,Trộn,200,0,0.9194677871148459,5.48066078907226
đổi xe,4,Chỉ đích,200,0,0.8760504201680672,4.591399081802251
đổi xe,4,Trộn,10,1,0.9276885043263288,5.595434050202556
đổi xe,4,Chỉ đích,10,1,0.9004944375772559,4.94018030086562
đổi xe,4,Trộn,25,1,0.9276356830941984,5.595434050202556
đổi xe,4,Chỉ đích,25,1,0.9956331877729258,12.275407384645845
đổi xe,4,Trộn,50,1,0.926489226869455,5.563527151692767
đổi xe,4,Chỉ đích,50,1,0.8891001267427123,4.708029429036401
đổi xe,4,Trộn,100,1,0.9273560209424084,5.563527151692767
đổi xe,4,Chỉ đích,100,1,0.899869109947644,4.94018030086562
đổi xe,4,Trộn,200,1,0.9243697478991597,5.518165477263636
đổi xe,4,Chỉ đích,200,1,0.8991596638655462,4.932602072847089
đổi xe,4,Trộn,10,2,0.9289245982694685,5.613794461222682
đổi xe,4,Chỉ đích,10,2,0.9962917181705809,12.351930074542238
đổi xe,4,Trộn,25,2,0.9288833437305053,5.613794461222682
đổi xe,4,Chỉ đích,25,2,0.9962570180910792,12.351930074542238
đổi xe,4,Trộn,50,2,0.9296577946768061,5.613794461222682
đổi xe,4,Chỉ đích,50,2,0.9600760456273765,6.806090558495697
đổi xe,4,Trộn,100,2,0.930628272251309,5.613794461222682
đổi xe,4,Chỉ đích,100,2,0.9476439790575916,6.362738967221958
đổi xe,4,Trộn,200,2,0.9320728291316527,5.5993307860453285
đổi xe,4,Chỉ đích,200,2,0.9334733893557423,5.719838916755435
đổi xe,4,Trộn,10,3,0.9283065512978986,5.5993307860453285
đổi xe,4,Chỉ đích,10,3,0.9666254635352287,7.08791557275589
đổi xe,4,Trộn,25,3,0.9288833437305053,5.613794461222682
đổi xe,4,Chỉ đích,25,3,0.9937616968184654,10.625451314585206
đổi xe,4,Trộn,50,3,0.9271229404309252,5.57428821823251
đổi xe,4,Chỉ đích,50,3,0.9182509505703422,5.327695135788673
đổi xe,4,Trộn,100,3,0.9260471204188482,5.55783070445537
đổi xe,4,Chỉ đích,100,3,0.918848167539267,5.327695135788673
đổi xe,4,Trộn,200,3,0.9278711484593838,5.55783070445537
đổi xe,4,Chỉ đích,200,3,0.9222689075630253,5.385772983743635
đổi xe,4,Trộn,10,4,0.9276885043263288,5.595434050202556
đổi xe,4,Chỉ đích,10,4,0.919035846724351,5.345685233059555
đổi xe,4,Trộn,25,4,0.9282595134123518,5.5993307860453285
đổi xe,4,Chỉ đích,25,4,0.9981285090455396,14.26988423549109
đổi xe,4,Trộn,50,4,0.9271229404309252,5.57428821823251
đổi xe,4,Chỉ đích,50,4,0.9188846641318125,5.345685233059555
đổi xe,4,Trộn,100,4,0.9273560209424084,5.563527151692767
đổi xe,4,Chỉ đích,100,4,0.9195026178010471,5.345685233059555
đổi xe,4,Trộn,200,4,0.9278711484593838,5.55783070445537
đổi xe,4,Chỉ đích,200,4,0.9131652661064426,5.162469177439931
đổi xe,4,Trộn,10,5,0.9276885043263288,5.595434050202556
đổi xe,4,Chỉ đích,10,5,0.8368355995055624,4.01019416118632
đổi xe,4,Trộn,25,5,0.9288833437305053,5.613794461222682
đổi xe,4,Chỉ đích,25,5,0.9925140361821585,10.418902581114025
đổi xe,4,Trộn,50,5,0.9290240811153359,5.5993307860453285
đổi xe,4,Chỉ đích,50,5,0.9873257287705957,9.144677161305253
đổi xe,4,Trộn,100,5,0.9280104712041884,5.57428821823251
đổi xe,4,Chỉ đích,100,5,0.8946335078534031,4.810173558260772
đổi xe,4,Trộn,200,5,0.9236694677871149,5.516224864612951
đổi xe,4,Chỉ đích,200,5,0.876750700280112,4.594307929145032
đổi xe,4,Trộn,10,6,0.9276885043263288,5.595434050202556
đổi xe,4,Chỉ đích,10,6,0.9122373300370828,5.162469177439931
đổi xe,4,Trộn,25,6,0.9263880224578914,5.57428821823251
đổi xe,4,Chỉ đích,25,6,0.9213973799126638,5.439757452549117
đổi xe,4,Trộn,50,6,0.926489226869455,5.563527151692767
đổi xe,4,Chỉ đích,50,6,0.9119138149556401,5.162469177439931
đổi xe,4,Trộn,100,6,0.9227748691099477,5.518165477263636
đổi xe,4,Chỉ đích,100,6,0.9090314136125655,5.070520479313075
đổi xe,4,Trộn,200,6,0.9236694677871149,5.516224864612951
đổi xe,4,Chỉ đích,200,6,0.9145658263305322,5.228308408013561
đổi xe,4,Trộn,10,7,0.9289245982694685,5.613794461222682
đổi xe,4,Chỉ đích,10,7,0.9938195302843016,10.625451314585206
đổi xe,4,Trộn,25,7,0.9288833437305053,5.613794461222682
đổi xe,4,Chỉ đích,25,7,0.9937616968184654,10.625451314585206
đổi xe,4,Trộn,50,7,0.9296577946768061,5.613794461222682
đổi xe,4,Chỉ đích,50,7,0.9613434727503168,6.843433295898365
đổi xe,4,Trộn,100,7,0.9293193717277487,5.595434050202556
đổi xe,4,Chỉ đích,100,7,0.9293193717277487,5.628483492476846
đổi xe,4,Trộn,200,7,0.9236694677871149,5.516224864612951
đổi xe,4,Chỉ đích,200,7,0.8956582633053222,4.814398151260036
đổi xe,4,Trộn,10,8,0.9276885043263288,5.595434050202556
đổi xe,4,Chỉ đích,10,8,0.8856613102595797,4.664109572239312
đổi xe,4,Trộn,25,8,0.9263880224578914,5.57428821823251
đổi xe,4,Chỉ đích,25,8,0.8845913911416095,4.664109572239312
đổi xe,4,Trộn,50,8,0.9252217997465145,5.55783070445537
đổi xe,4,Chỉ đích,50,8,0.8916349809885932,4.712627824697108
đổi xe,4,Trộn,100,8,0.9221204188481675,5.516224864612951
đổi xe,4,Chỉ đích,100,8,0.8671465968586387,4.448150267127005
đổi xe,4,Trộn,200,8,0.9208683473389355,5.496091023257293
đổi xe,4,Chỉ đích,200,8,0.8809523809523809,4.656447479376794
đổi xe,4,Trộn,10,9,0.9276885043263288,5.595434050202556
đổi xe,4,Chỉ đích,10,9,0.899876390605686,4.932602072847089
đổi xe,4,Trộn,25,9,0.9276356830941984,5.595434050202556
đổi xe,4,Chỉ đích,25,9,0.9613225202744854,6.890745274559748
đổi xe,4,Trộn,50,9,0.9271229404309252,5.57428821823251
đổi xe,4,Chỉ đích,50,9,0.8992395437262357,4.932602072847089
đổi xe,4,Trộn,100,9,0.9234293193717278,5.521244499240453
đổi xe,4,Chỉ đích,100,9,0.8926701570680629,4.734942849699053
đổi xe,4,Trộn,200,9,0.9243697478991597,5.518165477263636
đổi xe,4,Chỉ đích,200,9,0.8984593837535014,4.917869670708171
đổi xe,4,Trộn,10,10,0.9276885043263288,5.595434050202556
đổi xe,4,Chỉ đích,10,10,0.8856613102595797,4.664109572239312
đổi xe,4,Trộn,25,10,0.9276356830941984,5.595434050202556
đổi xe,4,Chỉ đích,25,10,0.9856519026824704,9.144677161305253
đổi xe,4,Trộn,50,10,0.9271229404309252,5.57428821823251
đổi xe,4,Chỉ đích,50,10,0.9258555133079848,5.551248267376565
đổi xe,4,Trộn,100,10,0.9247382198952879,5.551248267376565
đổi xe,4,Chỉ đích,100,10,0.9083769633507853,5.0659212815431545
đổi xe,4,Trộn,200,10,0.9243697478991597,5.518165477263636
đổi xe,4,Chỉ đích,200,10,0.9019607843137255,4.965235168178424
đổi xe,4,Trộn,10,11,0.9276885043263288,5.595434050202556
đổi xe,4,Chỉ đích,10,11,0.8918417799752781,4.711825422853224
đổi xe,4,Trộn,25,11,0.9288833437305053,5.613794461222682
đổi xe,4,Chỉ đích,25,11,0.9426076107298814,6.251130540907155
đổi xe,4,Trộn,50,11,0.9283903675538656,5.595434050202556
đổi xe,4,Chỉ đích,50,11,0.9416983523447402,6.168962271231209
đổi xe,4,Trộn,100,11,0.9299738219895288,5.5993307860453285
đổi xe,4,Chỉ đích,100,11,0.943717277486911,6.18415476680579
đổi xe,4,Trộn,200,11,0.9278711484593838,5.55783070445537
đổi xe,4,Chỉ đích,200,11,0.9222689075630253,5.385772983743635
đổi xe,4,Trộn,10,12,0.9276885043263288,5.595434050202556
đổi xe,4,Chỉ đích,10,12,0.8918417799752781,4.711825422853224
đổi xe,4,Trộn,25,12,0.9263880224578914,5.57428821823251
đổi xe,4,Chỉ đích,25,12,0.8908296943231441,4.711825422853224
đổi xe,4,Trộn,50,12,0.9252217997465145,5.55783070445537
đổi xe,4,Chỉ đích,50,12,0.8567807351077313,4.34030270647321
đổi xe,4,Trộn,100,12,0.9260471204188482,5.55783070445537
đổi xe,4,Chỉ đích,100,12,0.8743455497382199,4.542694245990987
đổi xe,4,Trộn,200,12,0.9250700280112045,5.521244499240453
đổi xe,4,Chỉ đích,200,12,0.9110644257703081,5.111350952148371
đổi xe,4,Trộn,10,13,0.9289245982694685,5.613794461222682
đổi xe,4,Chỉ đích,10,13,0.9394313967861557,6.111816826714431
đổi xe,4,Trộn,25,13,0.9282595134123518,5.5993307860453285
đổi xe,4,Chỉ đích,25,13,0.9388646288209607,6.111816826714431
đổi xe,4,Trộn,50,13,0.9296577946768061,5.613794461222682
đổi xe,4,Chỉ đích,50,13,0.9455006337135615,6.315919935438359
đổi xe,4,Trộn,100,13,0.9280104712041884,5.57428821823251
đổi xe,4,Chỉ đích,100,13,0.9240837696335078,5.479751563662546
đổi xe,4,Trộn,200,13,0.9229691876750701,5.507791936614268
đổi xe,4,Chỉ đích,200,13,0.9005602240896359,4.942369168693347
đổi xe,4,Trộn,10,14,0.9276885043263288,5.595434050202556
đổi xe,4,Chỉ đích,10,14,0.8782447466007417,4.574787150428278
đổi xe,4,Trộn,25,14,0.9282595134123518,5.5993307860453285
đổi xe,4,Chỉ đích,25,14,0.9887710542732376,9.98125089847045
đổi xe,4,Trộn,50,14,0.9283903675538656,5.595434050202556
đổi xe,4,Chỉ đích,50,14,0.9740177439797212,7.51168659426844
đổi xe,4,Trộn,100,14,0.9293193717277487,5.595434050202556
đổi xe,4,Chỉ đích,100,14,0.9299738219895288,5.635564611866698
đổi xe,4,Trộn,200,14,0.927170868347339,5.554355060850412
đổi xe,4,Chỉ đích,200,14,0.9215686274509803,5.3773429799294945
đổi xe,4,Trộn,10,15,0.9276885043263288,5.595434050202556
đổi xe,4,Chỉ đích,10,15,0.8201483312731768,3.713381905593536
đổi xe,4,Trộn,25,15,0.9263880224578914,5.57428821823251
đổi xe,4,Chỉ đích,25,15,0.924516531503431,5.545662356267627
đổi xe,4,Trộn,50,15,0.9271229404309252,5.57428821823251
đổi xe,4,Chỉ đích,50,15,0.9252217997465145,5.545662356267627
đổi xe,4,Trộn,100,15,0.9260471204188482,5.55783070445537
đổi xe,4,Chỉ đích,100,15,0.9024869109947644,4.982783351298366
đổi xe,4,Trộn,200,15,0.9243697478991597,5.518165477263636
đổi xe,4,Chỉ đích,200,15,0.9026610644257703,4.982783351298366
đổi xe,4,Trộn,10,16,0.9276885043263288,5.595434050202556
đổi xe,4,Chỉ đích,10,16,0.88442521631644,4.657818402871214
đổi xe,4,Trộn,25,16,0.9276356830941984,5.595434050202556
đổi xe,4,Chỉ đích,25,16,0.9993761696818465,27.668369331085373
đổi xe,4,Trộn,50,16,0.926489226869455,5.563527151692767
đổi xe,4,Chỉ đích,50,16,0.8833967046894804,4.657818402871214
đổi xe,4,Trộn,100,16,0.9234293193717278,5.521244499240453
đổi xe,4,Chỉ đích,100,16,0.8782722513089005,4.594307929145032
đổi xe,4,Trộn,200,16,0.9208683473389355,5.496091023257293
đổi xe,4,Chỉ đích,200,16,0.8900560224089635,4.711825422853224
đổi xe,4,Trộn,10,17,0.9289245982694685,5.613794461222682
đổi xe,4,Chỉ đích,10,17,0.9721878862793573,7.508192621011062
đổi xe,4,Trộn,25,17,0.9288833437305053,5.613794461222682
đổi xe,4,Chỉ đích,25,17,0.9719276356830941,7.508192621011062
đổi xe,4,Trộn,50,17,0.9271229404309252,5.57428821823251
đổi xe,4,Chỉ đích,50,17,0.9049429657794676,5.023688996781544
đổi xe,4,Trộn,100,17,0.9280104712041884,5.57428821823251
đổi xe,4,Chỉ đích,100,17,0.9162303664921466,5.250354071055995
đổi xe,4,Trộn,200,17,0.9278711484593838,5.55783070445537
đổi xe,4,Chỉ đích,200,17,0.9145658263305322,5.228308408013561
đổi xe,4,Trộn,10,18,0.9276885043263288,5.595434050202556
đổi xe,4,Chỉ đích,10,18,0.9134734239802225,5.228308408013561
đổi xe,4,Trộn,25,18,0.9276356830941984,5.595434050202556
đổi xe,4,Chỉ đích,25,18,0.9351216469120399,5.936411114563612
đổi xe,4,Trộn,50,18,0.9252217997465145,5.55783070445537
đổi xe,4,Chỉ đích,50,18,0.8948035487959443,4.810173558260772
đổi xe,4,Trộn,100,18,0.9227748691099477,5.518165477263636
đổi xe,4,Chỉ đích,100,18,0.8907068062827225,4.711825422853224
đổi xe,4,Trộn,200,18,0.9180672268907563,5.479648474620831
đổi xe,4,Chỉ đích,200,18,0.8872549019607843,4.707694642355051
đổi xe,4,Trộn,10,19,0.9276885043263288,5.595434050202556
đổi xe,4,Chỉ đích,10,19,0.9202719406674907,5.385772983743635
đổi xe,4,Trộn,25,19,0.9282595134123518,5.5993307860453285
đổi xe,4,Chỉ đích,25,19,0.9681846537741734,7.284429653320302
đổi xe,4,Trộn,50,19,0.9271229404309252,5.57428821823251
đổi xe,4,Chỉ đích,50,19,0.9201520912547528,5.385772983743635
đổi xe,4,Trộn,100,19,0.9247382198952879,5.551248267376565
đổi xe,4,Chỉ đích,100,19,0.9103403141361257,5.111350952148371
đổi xe,4,Trộn,200,19,0.9278711484593838,5.55783070445537
đổi xe,4,Chỉ đích,200,19,0.9166666666666666,5.2397833436415056
đổi xe,5,Chỉ nguồn,10,0,0.9489281210592686,6.04606573834576
đổi xe,5,Trộn,10,0,0.9489281210592686,6.04606573834576
đổi xe,5,Chỉ đích,10,0,0.9760403530895334,7.738423242388507
đổi xe,5,Chỉ nguồn,25,0,0.9497135582431572,6.04606573834576
đổi xe,5,Trộn,25,0,0.9497135582431572,6.059883254506246
đổi xe,5,Chỉ đích,25,0,0.9840865690642903,8.618423461914062
đổi xe,5,Chỉ nguồn,50,0,0.9495472186287193,6.04606573834576
đổi xe,5,Trộn,50,0,0.9482535575679172,6.016854156948767
đổi xe,5,Chỉ đích,50,0,0.9495472186287193,6.070544501318778
đổi xe,5,Chỉ nguồn,100,0,0.9485294117647058,6.04606573834576
đổi xe,5,Trộn,100,0,0.9438502673796791,5.915889268663165
đổi xe,5,Chỉ đích,100,0,0.9358288770053476,5.594663175296176
đổi xe,5,Chỉ nguồn,200,0,0.9498567335243553,6.04606573834576
đổi xe,5,Trộn,200,0,0.9441260744985673,5.876072629510702
đổi xe,5,Chỉ đích,200,0,0.9247851002865329,5.284998504783232
đổi xe,5,Trộn,10,1,0.9495586380832283,6.059883254506246
đổi xe,5,Chỉ đích,10,1,0.9596469104665826,6.6128336697047985
đổi xe,5,Trộn,25,1,0.9490770210057289,6.04606573834576
đổi xe,5,Chỉ đích,25,1,0.9592616168045831,6.6128336697047985
đổi xe,5,Trộn,50,1,0.9456662354463131,5.96185509291351
đổi xe,5,Chỉ đích,50,1,0.9372574385510997,5.66071365316219
đổi xe,5,Trộn,100,1,0.9471925133689839,5.96185509291351
đổi xe,5,Chỉ đích,100,1,0.9385026737967914,5.66071365316219
đổi xe,5,Trộn,200,1,0.9441260744985673,5.876072629510702
đổi xe,5,Chỉ đích,200,1,0.9255014326647565,5.310778408524641
đổi xe,5,Trộn,10,2,0.9470365699873896,6.016854156948767
đổi xe,5,Chỉ đích,10,2,0.8902900378310215,4.5461087889315195
đổi xe,5,Trộn,25,2,0.9471674092934437,6.016854156948767
đổi xe,5,Chỉ đích,25,2,0.982176957352005,8.258789794921881
đổi xe,5,Trộn,50,2,0.944372574385511,5.959351590670195
đổi xe,5,Chỉ đích,50,2,0.889391979301423,4.5461087889315195
đổi xe,5,Trộn,100,2,0.9398395721925134,5.840424587262646
đổi xe,5,Chỉ đích,100,2,0.8890374331550802,4.5461087889315195
đổi xe,5,Trộn,200,2,0.9383954154727794,5.803850366253982
đổi xe,5,Chỉ đích,200,2,0.8918338108882522,4.612813499814024
đổi xe,5,Trộn,10,3,0.9470365699873896,6.016854156948767
đổi xe,5,Chỉ đích,10,3,0.8600252206809584,4.102214033564763
đổi xe,5,Trộn,25,3,0.9446212603437301,5.96185509291351
đổi xe,5,Chỉ đích,25,3,0.9217059197963081,5.284998504783232
đổi xe,5,Trộn,50,3,0.944372574385511,5.959351590670195
đổi xe,5,Chỉ đích,50,3,0.890038809831824,4.581906755427326
đổi xe,5,Trộn,100,3,0.9418449197860963,5.887580552576907
đổi xe,5,Chỉ đích,100,3,0.8803475935828877,4.401691243204084
đổi xe,5,Trộn,200,3,0.9426934097421203,5.840424587262646
đổi xe,5,Chỉ đích,200,3,0.9111747851002865,5.115193451089112
đổi xe,5,Trộn,10,4,0.9470365699873896,6.016854156948767
đổi xe,5,Chỉ đích,10,4,0.6746532156368222,2.6863970305754776
đổi xe,5,Trộn,25,4,0.9446212603437301,5.96185509291351
đổi xe,5,Chỉ đích,25,4,0.9217059197963081,5.284998504783232
đổi xe,5,Trộn,50,4,0.9424320827943079,5.915889268663165
đổi xe,5,Chỉ đích,50,4,0.8855109961190168,4.487557985697407
đổi xe,5,Trộn,100,4,0.9391711229946524,5.837822842346839
đổi xe,5,Chỉ đích,100,4,0.8415775401069518,3.9545626838139754
đổi xe,5,Trộn,200,4,0.9419770773638968,5.837822842346839
đổi xe,5,Chỉ đích,200,4,0.9047277936962751,4.877659425748561
đổi xe,5,Trộn,10,5,0.9470365699873896,6.016854156948767
đổi xe,5,Chỉ đích,10,5,0.8915510718789408,4.596713378363688
đổi xe,5,Trộn,25,5,0.9446212603437301,5.96185509291351
đổi xe,5,Chỉ đích,25,5,0.9070655633354551,5.0444249267314945
đổi xe,5,Trộn,50,5,0.9450194049159121,5.96022972619636
đổi xe,5,Chỉ đích,50,5,0.8906856403622251,4.596713378363688
đổi xe,5,Trộn,100,5,0.945855614973262,5.959351590670195
đổi xe,5,Chỉ đích,100,5,0.9124331550802139,5.13361351953975
đổi xe,5,Trộn,200,5,0.9412607449856734,5.833002632920966
đổi xe,5,Chỉ đích,200,5,0.9018624641833811,4.792337699652762
đổi xe,5,Trộn,10,6,0.9489281210592686,6.04606573834576
đổi xe,5,Chỉ đích,10,6,0.9684741488020177,6.988179249483181
đổi xe,5,Trộn,25,6,0.950986632718014,6.072598812753199
đổi xe,5,Chỉ đích,25,6,0.9974538510502864,12.871365715475676
đổi xe,5,Trộn,50,6,0.9508408796895214,6.059883254506246
đổi xe,5,Chỉ đích,50,6,0.9598965071151359,6.581949831512787
đổi xe,5,Trộn,100,6,0.9498663101604278,6.016854156948767
đổi xe,5,Chỉ đích,100,6,0.9512032085561497,6.070544501318778
đổi xe,5,Trộn,200,6,0.9426934097421203,5.840424587262646
đổi xe,5,Chỉ đích,200,6,0.9068767908309455,4.955559509372904
đổi xe,5,Trộn,10,7,0.9489281210592686,6.04606573834576
đổi xe,5,Chỉ đích,10,7,0.9596469104665826,6.6128336697047985
đổi xe,5,Trộn,25,7,0.9490770210057289,6.04606573834576
đổi xe,5,Chỉ đích,25,7,0.9605346912794398,6.688986693833613
đổi xe,5,Trộn,50,7,0.9456662354463131,5.96185509291351
đổi xe,5,Chỉ đích,50,7,0.9217335058214747,5.283943352700959
đổi xe,5,Trộn,100,7,0.945855614973262,5.959351590670195
đổi xe,5,Chỉ đích,100,7,0.9024064171122995,4.807839954553145
đổi xe,5,Trộn,200,7,0.9426934097421203,5.840424587262646
đổi xe,5,Chỉ đích,200,7,0.8796561604584527,4.416654694521071
đổi xe,5,Trộn,10,8,0.9495586380832283,6.059883254506246
đổi xe,5,Chỉ đích,10,8,0.9867591424968474,8.999440427233111
đổi xe,5,Trộn,25,8,0.9490770210057289,6.04606573834576
đổi xe,5,Chỉ đích,25,8,0.9866327180140039,8.999440427233111
đổi xe,5,Trộn,50,8,0.9501940491591203,6.04606573834576
đổi xe,5,Chỉ đích,50,8,0.9514877102199224,6.158671669224304
đổi xe,5,Trộn,100,8,0.946524064171123,5.96022972619636
đổi xe,5,Chỉ đích,100,8,0.9324866310160428,5.495077977184849
đổi xe,5,Trộn,200,8,0.9426934097421203,5.840424587262646
đổi xe,5,Chỉ đích,200,8,0.917621776504298,5.187215046504974
đổi xe,5,Trộn,10,9,0.9470365699873896,6.016854156948767
đổi xe,5,Chỉ đích,10,9,0.6683480453972257,2.6433793953431746
đổi xe,5,Trộn,25,9,0.9471674092934437,6.016854156948767
đổi xe,5,Chỉ đích,25,9,0.973901973265436,7.462721548503708
đổi xe,5,Trộn,50,9,0.9450194049159121,5.96022972619636
đổi xe,5,Chỉ đích,50,9,0.9243208279430789,5.33405478949652
đổi xe,5,Trộn,100,9,0.945855614973262,5.959351590670195
đổi xe,5,Chỉ đích,100,9,0.8890374331550802,4.5461087889315195
đổi xe,5,Trộn,200,9,0.9419770773638968,5.837822842346839
đổi xe,5,Chỉ đích,200,9,0.919054441260745,5.202022427481069
đổi xe,5,Trộn,10,10,0.9470365699873896,6.016854156948767
đổi xe,5,Chỉ đích,10,10,0.7559899117276166,3.1668125340013376
đổi xe,5,Trộn,25,10,0.9497135582431572,6.059883254506246
đổi xe,5,Chỉ đích,25,10,0.9968173138128581,12.65306515186802
đổi xe,5,Trộn,50,10,0.9456662354463131,5.96185509291351
đổi xe,5,Chỉ đích,50,10,0.9379042690815006,5.664750548070657
đổi xe,5,Trộn,100,10,0.9471925133689839,5.96185509291351
đổi xe,5,Chỉ đích,100,10,0.9398395721925134,5.762601239647324
đổi xe,5,Trộn,200,10,0.9419770773638968,5.837822842346839
đổi xe,5,Chỉ đích,200,10,0.914756446991404,5.149734438295695
đổi xe,5,Trộn,10,11,0.9489281210592686,6.04606573834576
đổi xe,5,Chỉ đích,10,11,0.9974779319041615,12.871365715475676
đổi xe,5,Trộn,25,11,0.9471674092934437,6.016854156948767
đổi xe,5,Chỉ đích,25,11,0.9974538510502864,12.871365715475676
đổi xe,5,Trộn,50,11,0.9456662354463131,5.96185509291351
đổi xe,5,Chỉ đích,50,11,0.9152652005174644,5.1733659902076
đổi xe,5,Trộn,100,11,0.946524064171123,5.96022972619636
đổi xe,5,Chỉ đích,100,11,0.9351604278074866,5.582798101450379
đổi xe,5,Trộn,200,11,0.9498567335243553,5.96022972619636
đổi xe,5,Chỉ đích,200,11,0.9376790830945558,5.582798101450379
đổi xe,5,Trộn,10,12,0.9495586380832283,6.059883254506246
đổi xe,5,Chỉ đích,10,12,0.9886506935687264,9.729385346620262
đổi xe,5,Trộn,25,12,0.9503500954805856,6.070544501318778
đổi xe,5,Chỉ đích,25,12,0.988542329726289,9.729385346620262
đổi xe,5,Trộn,50,12,0.9501940491591203,6.04606573834576
đổi xe,5,Chỉ đích,50,12,0.9715394566623544,7.065066123014958
đổi xe,5,Trộn,100,12,0.9471925133689839,5.96185509291351
đổi xe,5,Chỉ đích,100,12,0.9371657754010695,5.64259223542399
đổi xe,5,Trộn,200,12,0.9448424068767909,5.887580552576907
đổi xe,5,Chỉ đích,200,12,0.9312320916905444,5.4272156916543395
đổi xe,5,Trộn,10,13,0.9470365699873896,6.016854156948767
đổi xe,5,Chỉ đích,10,13,0.9344262295081968,5.594663175296176
đổi xe,5,Trộn,25,13,0.9446212603437301,5.96185509291351
đổi xe,5,Chỉ đích,25,13,0.9338001273074474,5.594663175296176
đổi xe,5,Trộn,50,13,0.9456662354463131,5.96185509291351
đổi xe,5,Chỉ đích,50,13,0.9346701164294955,5.594663175296176
đổi xe,5,Trộn,100,13,0.9438502673796791,5.915889268663165
đổi xe,5,Chỉ đích,100,13,0.9024064171122995,4.807839954553145
đổi xe,5,Trộn,200,13,0.9469914040114613,5.915889268663165
đổi xe,5,Chỉ đích,200,13,0.9269340974212035,5.33405478949652
đổi xe,5,Trộn,10,14,0.9489281210592686,6.04606573834576
đổi xe,5,Chỉ đích,10,14,0.9558638083228247,6.434612117211628
đổi xe,5,Trộn,25,14,0.9490770210057289,6.04606573834576
đổi xe,5,Chỉ đích,25,14,0.9789942711648632,7.953845889998149
đổi xe,5,Trộn,50,14,0.9456662354463131,5.96185509291351
đổi xe,5,Chỉ đích,50,14,0.9359637774902976,5.64259223542399
đổi xe,5,Trộn,100,14,0.945855614973262,5.959351590670195
đổi xe,5,Chỉ đích,100,14,0.8977272727272727,4.717294656192507
đổi xe,5,Trộn,200,14,0.9469914040114613,5.915889268663165
đổi xe,5,Chỉ đích,200,14,0.9276504297994269,5.340313341194673
đổi xe,5,Trộn,10,15,0.9470365699873896,6.016854156948767
đổi xe,5,Chỉ đích,10,15,0.9401008827238335,5.8033429414423665
đổi xe,5,Trộn,25,15,0.9446212603437301,5.96185509291351
đổi xe,5,Chỉ đích,25,15,0.939528962444303,5.8033429414423665
đổi xe,5,Trộn,50,15,0.9450194049159121,5.96022972619636
đổi xe,5,Chỉ đích,50,15,0.9404915912031048,5.8033429414423665
đổi xe,5,Trộn,100,15,0.945855614973262,5.959351590670195
đổi xe,5,Chỉ đích,100,15,0.9311497326203209,5.474344506010368
đổi xe,5,Trộn,200,15,0.9391117478510028,5.815151952714018
đổi xe,5,Chỉ đích,200,15,0.9040114613180515,4.853259842073157
đổi xe,5,Trộn,10,16,0.9489281210592686,6.04606573834576
đổi xe,5,Chỉ đích,10,16,0.955233291298865,6.427192941528091
đổi xe,5,Trộn,25,16,0.9490770210057289,6.04606573834576
đổi xe,5,Chỉ đích,25,16,0.988542329726289,9.729385346620262
đổi xe,5,Trộn,50,16,0.9450194049159121,5.96022972619636
đổi xe,5,Chỉ đích,50,16,0.9230271668822768,5.310778408524641
đổi xe,5,Trộn,100,16,0.9498663101604278,6.016854156948767
đổi xe,5,Chỉ đích,100,16,0.9525401069518716,6.13195085860491
đổi xe,5,Trộn,200,16,0.9498567335243553,5.96022972619636
đổi xe,5,Chỉ đích,200,16,0.9455587392550143,5.815151952714018
đổi xe,5,Trộn,10,17,0.9470365699873896,6.016854156948767
đổi xe,5,Chỉ đích,10,17,0.912358133669609,5.13361351953975
đổi xe,5,Trộn,25,17,0.9490770210057289,6.04606573834576
đổi xe,5,Chỉ đích,25,17,0.9879057924888606,9.623018896966556
đổi xe,5,Trộn,50,17,0.9508408796895214,6.059883254506246
đổi xe,5,Chỉ đích,50,17,0.9805950840879689,7.953845889998149
đổi xe,5,Trộn,100,17,0.9505347593582888,6.0219149393061
đổi xe,5,Chỉ đích,100,17,0.9592245989304813,6.495743042814212
đổi xe,5,Trộn,200,17,0.9448424068767909,5.887580552576907
đổi xe,5,Chỉ đích,200,17,0.9140401146131805,5.136564931640578
đổi xe,5,Trộn,10,18,0.9489281210592686,6.04606573834576
đổi xe,5,Chỉ đích,10,18,0.9672131147540983,6.945606861691601
đổi xe,5,Trộn,25,18,0.9497135582431572,6.059883254506246
đổi xe,5,Chỉ đích,25,18,0.9669000636537237,6.945606861691601
đổi xe,5,Trộn,50,18,0.9482535575679172,6.016854156948767
đổi xe,5,Chỉ đích,50,18,0.9482535575679172,6.0219149393061
đổi xe,5,Trộn,100,18,0.945855614973262,5.959351590670195
đổi xe,5,Chỉ đích,100,18,0.9258021390374331,5.340313341194673
đổi xe,5,Trộn,200,18,0.9426934097421203,5.840424587262646
đổi xe,5,Chỉ đích,200,18,0.9097421203438395,5.050658289222895
đổi xe,5,Trộn,10,19,0.9470365699873896,6.016854156948767
đổi xe,5,Chỉ đích,10,19,0.9237074401008827,5.320339079137739
đổi xe,5,Trộn,25,19,0.9446212603437301,5.96185509291351
đổi xe,5,Chỉ đích,25,19,0.9401654996817314,5.815151952714018
đổi xe,5,Trộn,50,19,0.9450194049159121,5.96022972619636
đổi xe,5,Chỉ đích,50,19,0.9236739974126779,5.320339079137739
đổi xe,5,Trộn,100,19,0.946524064171123,5.96022972619636
đổi xe,5,Chỉ đích,100,19,0.9358288770053476,5.594663175296176
đổi xe,5,Trộn,200,19,0.9419770773638968,5.837822842346839
đổi xe,5,Chỉ đích,200,19,0.9032951289398281,4.812986635667755
đổi xe,6,Chỉ nguồn,10,0,0.9154293092317625,5.735103898413456
đổi xe,6,Trộn,10,0,0.9154293092317625,5.731065138346281
đổi xe,6,Chỉ đích,10,0,0.8928340865074241,5.256157457642189
đổi xe,6,Chỉ nguồn,25,0,0.9165580182529335,5.735103898413456
đổi xe,6,Trộn,25,0,0.9172099087353325,5.75523538933129
đổi xe,6,Chỉ đích,25,0,0.9863102998696219,11.154144029755315
đổi xe,6,Chỉ nguồn,50,0,0.9178263750828363,5.735103898413456
đổi xe,6,Trộn,50,0,0.9184890656063618,5.760667790701916
đổi xe,6,Chỉ đích,50,0,0.9469847581179589,7.0258614829070325
đổi xe,6,Chỉ nguồn,100,0,0.9184372858122002,5.735103898413456
đổi xe,6,Trộn,100,0,0.9191226867717615,5.760667790701916
đổi xe,6,Chỉ đích,100,0,0.9451679232350926,6.88451882411573
đổi xe,6,Chỉ nguồn,200,0,0.9190581309786607,5.735103898413456
đổi xe,6,Trộn,200,0,0.919793966151582,5.75523538933129
đổi xe,6,Chỉ đích,200,0,0.9293598233995585,6.199529820655471
đổi xe,6,Trộn,10,1,0.9160748870238864,5.735103898413456
đổi xe,6,Chỉ đích,10,1,0.9296320206584894,6.361054376002215
đổi xe,6,Trộn,25,1,0.9152542372881356,5.731065138346281
đổi xe,6,Chỉ đích,25,1,0.9289439374185137,6.361054376002215
đổi xe,6,Trộn,50,1,0.9145129224652088,5.718501178593755
đổi xe,6,Chỉ đích,50,1,0.8933068257123923,5.266494817716961
đổi xe,6,Trộn,100,1,0.9136394790952708,5.717103452947981
đổi xe,6,Chỉ đích,100,1,0.8930774503084304,5.266494817716961
đổi xe,6,Trộn,200,1,0.9168506254598969,5.723960467303215
đổi xe,6,Chỉ đích,200,1,0.9131714495952906,5.6388262868923675
đổi xe,6,Trộn,10,2,0.9160748870238864,5.735103898413456
đổi xe,6,Chỉ đích,10,2,0.9554551323434474,7.513497138129395
đổi xe,6,Trộn,25,2,0.9159061277705346,5.735103898413456
đổi xe,6,Chỉ đích,25,2,0.9550195567144719,7.513497138129395
đổi xe,6,Trộn,50,2,0.9158383035122598,5.731065138346281
đổi xe,6,Chỉ đích,50,2,0.9324055666003976,6.42721340259439
đổi xe,6,Trộn,100,2,0.9156956819739548,5.723960467303215
đổi xe,6,Chỉ đích,100,2,0.8779986291980809,5.092786037868933
đổi xe,6,Trộn,200,2,0.9161147902869757,5.718501178593755
đổi xe,6,Chỉ đích,200,2,0.9087564385577631,5.539894220772226
đổi xe,6,Trộn,10,3,0.9160748870238864,5.735103898413456
đổi xe,6,Chỉ đích,10,3,0.9896707553260168,11.798695597013023
đổi xe,6,Trộn,25,3,0.9152542372881356,5.731065138346281
đổi xe,6,Chỉ đích,25,3,0.9895697522816167,11.798695597013023
đổi xe,6,Trộn,50,3,0.9151756129887343,5.723960467303215
đổi xe,6,Chỉ đích,50,3,0.9138502319416832,5.690947246093714
đổi xe,6,Trộn,100,3,0.9136394790952708,5.717103452947981
đổi xe,6,Chỉ đích,100,3,0.8971898560657985,5.3107843772817205
đổi xe,6,Trộn,200,3,0.9116997792494481,5.690947246093714
đổi xe,6,Chỉ đích,200,3,0.8763796909492274,5.092786037868933
đổi xe,6,Trộn,10,4,0.9160748870238864,5.735103898413456
đổi xe,6,Chỉ đích,10,4,0.972885732730794,9.449205854992897
đổi xe,6,Trộn,25,4,0.9159061277705346,5.735103898413456
đổi xe,6,Chỉ đích,25,4,0.9928292046936115,13.90805203503146
đổi xe,6,Trộn,50,4,0.9178263750828363,5.75523538933129
đổi xe,6,Chỉ đích,50,4,0.9555997349237906,7.491468507946053
đổi xe,6,Trộn,100,4,0.9184372858122002,5.75523538933129
đổi xe,6,Chỉ đích,100,4,0.9410555174777244,6.738934927759459
đổi xe,6,Trộn,200,4,0.9175864606328182,5.731065138346281
đổi xe,6,Chỉ đích,200,4,0.9205298013245033,5.863172232864315
đổi xe,6,Trộn,10,5,0.9154293092317625,5.731065138346281
đổi xe,6,Chỉ đích,10,5,0.7817947062621046,3.6464290359158156
đổi xe,6,Trộn,25,5,0.9146023468057366,5.723960467303215
đổi xe,6,Chỉ đích,25,5,0.8852672750977836,5.183753100703882
đổi xe,6,Trộn,50,5,0.9158383035122598,5.731065138346281
đổi xe,6,Chỉ đích,50,5,0.9231278992710404,6.068370122612777
đổi xe,6,Trộn,100,5,0.9150102810143934,5.718501178593755
đổi xe,6,Chỉ đích,100,5,0.9019876627827279,5.386568901176588
đổi xe,6,Trộn,200,5,0.9168506254598969,5.723960467303215
đổi xe,6,Chỉ đích,200,5,0.9050772626931567,5.42650929906722
đổi xe,6,Trộn,10,6,0.9160748870238864,5.735103898413456
đổi xe,6,Chỉ đích,10,6,0.9967721110393802,15.233864869282684
đổi xe,6,Trộn,25,6,0.9178617992177314,5.760667790701916
đổi xe,6,Chỉ đích,25,6,0.9967405475880052,15.233864869282684
đổi xe,6,Trộn,50,6,0.9165009940357853,5.735103898413456
đổi xe,6,Chỉ đích,50,6,0.9350563286944996,6.499784067272429
đổi xe,6,Trộn,100,6,0.9156956819739548,5.723960467303215
đổi xe,6,Chỉ đích,100,6,0.9129540781357094,5.652660856119724
đổi xe,6,Trộn,200,6,0.9087564385577631,5.64342209282367
đổi xe,6,Chỉ đích,200,6,0.8557763061074319,4.824328496023725
đổi xe,6,Trộn,10,7,0.9160748870238864,5.735103898413456
đổi xe,6,Chỉ đích,10,7,0.961265332472563,7.825785326880549
đổi xe,6,Trộn,25,7,0.9159061277705346,5.735103898413456
đổi xe,6,Chỉ đích,25,7,0.9850065189048239,10.984252323857078
đổi xe,6,Trộn,50,7,0.9165009940357853,5.735103898413456
đổi xe,6,Chỉ đích,50,7,0.9343936381709742,6.471242765566927
đổi xe,6,Trộn,100,7,0.9156956819739548,5.723960467303215
đổi xe,6,Chỉ đích,100,7,0.8910212474297464,5.251390291449638
đổi xe,6,Trộn,200,7,0.9161147902869757,5.718501178593755
đổi xe,6,Chỉ đích,200,7,0.9050772626931567,5.42650929906722
đổi xe,6,Trộn,10,8,0.9154293092317625,5.731065138346281
đổi xe,6,Chỉ đích,10,8,0.9141381536475145,5.690947246093714
đổi xe,6,Trộn,25,8,0.9172099087353325,5.75523538933129
đổi xe,6,Chỉ đích,25,8,0.9986962190352021,23.177677793228213
đổi xe,6,Trộn,50,8,0.9184890656063618,5.760667790701916
đổi xe,6,Chỉ đích,50,8,0.9582504970178927,7.69564202596473
đổi xe,6,Trộn,100,8,0.9191226867717615,5.760667790701916
đổi xe,6,Chỉ đích,100,8,0.9410555174777244,6.738934927759459
đổi xe,6,Trộn,200,8,0.9220014716703459,5.763350271520835
đổi xe,6,Chỉ đích,200,8,0.94186902133922,6.565517987255646
đổi xe,6,Trộn,10,9,0.9154293092317625,5.731065138346281
đổi xe,6,Chỉ đích,10,9,0.9128469980632666,5.652660856119724
đổi xe,6,Trộn,25,9,0.9146023468057366,5.723960467303215
đổi xe,6,Chỉ đích,25,9,0.9119947848761408,5.652660856119724
đổi xe,6,Trộn,50,9,0.9158383035122598,5.731065138346281
đổi xe,6,Chỉ đích,50,9,0.92909211398277,6.35444461624698
đổi xe,6,Trộn,100,9,0.9156956819739548,5.723960467303215
đổi xe,6,Chỉ đích,100,9,0.9129540781357094,5.652660856119724
đổi xe,6,Trộn,200,9,0.9161147902869757,5.718501178593755
đổi xe,6,Chỉ đích,200,9,0.9124356144223694,5.637497655093796
đổi xe,6,Trộn,10,10,0.9160748870238864,5.735103898413456
đổi xe,6,Chỉ đích,10,10,0.9302775984506133,6.382921106472878
đổi xe,6,Trộn,25,10,0.9152542372881356,5.731065138346281
đổi xe,6,Chỉ đích,25,10,0.9295958279009127,6.382921106472878
đổi xe,6,Trộn,50,10,0.9158383035122598,5.731065138346281
đổi xe,6,Chỉ đích,50,10,0.9304174950298211,6.382921106472878
đổi xe,6,Trộn,100,10,0.9156956819739548,5.723960467303215
đổi xe,6,Chỉ đích,100,10,0.9074708704592186,5.517288244900072
đổi xe,6,Trộn,200,10,0.9124356144223694,5.703876962425568
đổi xe,6,Chỉ đích,200,10,0.9021339220014717,5.386568901176588
đổi xe,6,Trộn,10,11,0.9160748870238864,5.735103898413456
đổi xe,6,Chỉ đích,10,11,0.9444803098773402,6.954037415100572
đổi xe,6,Trộn,25,11,0.9172099087353325,5.75523538933129
đổi xe,6,Chỉ đích,25,11,0.9823989569752282,10.340894215854746
đổi xe,6,Trộn,50,11,0.9184890656063618,5.760667790701916
đổi xe,6,Chỉ đích,50,11,0.9390324718356527,6.638840746047464
đổi xe,6,Trộn,100,11,0.9170664838930774,5.735103898413456
đổi xe,6,Chỉ đích,100,11,0.9198080877313228,5.89902440995229
đổi xe,6,Trộn,200,11,0.9131714495952906,5.714459770365636
đổi xe,6,Chỉ đích,200,11,0.8844738778513613,5.199609795464511
đổi xe,6,Trộn,10,12,0.9154293092317625,5.731065138346281
đổi xe,6,Chỉ đích,10,12,0.8960619754680439,5.2912717995239404
đổi xe,6,Trộn,25,12,0.9146023468057366,5.723960467303215
đổi xe,6,Chỉ đích,25,12,0.8950456323337679,5.2912717995239404
đổi xe,6,Trộn,50,12,0.9158383035122598,5.731065138346281
đổi xe,6,Chỉ đích,50,12,0.9204771371769384,5.954511044198512
đổi xe,6,Trộn,100,12,0.9163810829335161,5.731065138346281
đổi xe,6,Chỉ đích,100,12,0.9170664838930774,5.761024659830696
đổi xe,6,Trộn,200,12,0.9168506254598969,5.723960467303215
đổi xe,6,Chỉ đích,200,12,0.9131714495952906,5.6388262868923675
đổi xe,6,Trộn,10,13,0.9173660426081343,5.75523538933129
đổi xe,6,Chỉ đích,10,13,0.9360877985797289,6.5254676039937465
đổi xe,6,Trộn,25,13,0.9172099087353325,5.75523538933129
đổi xe,6,Chỉ đích,25,13,0.9361147327249022,6.56506377725546
đổi xe,6,Trộn,50,13,0.9165009940357853,5.735103898413456
đổi xe,6,Chỉ đích,50,13,0.9271040424121935,6.298430787560534
đổi xe,6,Trộn,100,13,0.9170664838930774,5.735103898413456
đổi xe,6,Chỉ đích,100,13,0.9280328992460589,6.298430787560534
đổi xe,6,Trộn,200,13,0.9161147902869757,5.718501178593755
đổi xe,6,Chỉ đích,200,13,0.9065489330389993,5.4952612016698765
đổi xe,6,Trộn,10,14,0.9173660426081343,5.75523538933129
đổi xe,6,Chỉ đích,10,14,0.9980632666236281,16.487567913228247
đổi xe,6,Trộn,25,14,0.9172099087353325,5.75523538933129
đổi xe,6,Chỉ đích,25,14,0.9980443285528031,16.487567913228247
đổi xe,6,Trộn,50,14,0.9158383035122598,5.731065138346281
đổi xe,6,Chỉ đích,50,14,0.9304174950298211,6.382921106472878
đổi xe,6,Trộn,100,14,0.9184372858122002,5.75523538933129
đổi xe,6,Chỉ đích,100,14,0.9465387251542152,6.954037415100572
đổi xe,6,Trộn,200,14,0.919793966151582,5.75523538933129
đổi xe,6,Chỉ đích,200,14,0.9300956585724798,6.298430787560534
đổi xe,6,Trộn,10,15,0.9160748870238864,5.735103898413456
đổi xe,6,Chỉ đích,10,15,0.972885732730794,9.449205854992897
đổi xe,6,Trộn,25,15,0.9159061277705346,5.735103898413456
đổi xe,6,Chỉ đích,25,15,0.9804432855280313,10.255817631765865
đổi xe,6,Trộn,50,15,0.9158383035122598,5.731065138346281
đổi xe,6,Chỉ đích,50,15,0.9363817097415507,6.5254676039937465
đổi xe,6,Trộn,100,15,0.9156956819739548,5.723960467303215
đổi xe,6,Chỉ đích,100,15,0.9129540781357094,5.652660856119724
đổi xe,6,Trộn,200,15,0.919793966151582,5.75523538933129
đổi xe,6,Chỉ đích,200,15,0.9374540103016924,6.469262307493693
đổi xe,6,Trộn,10,16,0.9154293092317625,5.731065138346281
đổi xe,6,Chỉ đích,10,16,0.8657198192382182,4.870583355493096
đổi xe,6,Trộn,25,16,0.9159061277705346,5.735103898413456
đổi xe,6,Chỉ đích,25,16,0.9458930899608866,7.0258614829070325
đổi xe,6,Trộn,50,16,0.9145129224652088,5.718501178593755
đổi xe,6,Chỉ đích,50,16,0.8793903247183565,5.097511973949935
đổi xe,6,Trộn,100,16,0.9150102810143934,5.718501178593755
đổi xe,6,Chỉ đích,100,16,0.8786840301576422,5.097511973949935
đổi xe,6,Trộn,200,16,0.9131714495952906,5.714459770365636
đổi xe,6,Chỉ đích,200,16,0.8969830757910228,5.3107843772817205
đổi xe,6,Trộn,10,17,0.9160748870238864,5.735103898413456
đổi xe,6,Chỉ đích,10,17,0.9961265332472563,15.053770987583462
đổi xe,6,Trộn,25,17,0.9152542372881356,5.731065138346281
đổi xe,6,Chỉ đích,25,17,0.9960886571056062,15.053770987583462
đổi xe,6,Trộn,50,17,0.9151756129887343,5.723960467303215
đổi xe,6,Chỉ đích,50,17,0.8111332007952287,3.958492974557373
đổi xe,6,Trộn,100,17,0.9156956819739548,5.723960467303215
đổi xe,6,Chỉ đích,100,17,0.9108978752570254,5.624026540281818
đổi xe,6,Trộn,200,17,0.9161147902869757,5.718501178593755
đổi xe,6,Chỉ đích,200,17,0.9043414275202355,5.42627105904171
đổi xe,6,Trộn,10,18,0.9160748870238864,5.735103898413456
đổi xe,6,Chỉ đích,10,18,0.9586830213040671,7.731943642119006
đổi xe,6,Trộn,25,18,0.9159061277705346,5.735103898413456
đổi xe,6,Chỉ đích,25,18,0.9582790091264668,7.731943642119006
đổi xe,6,Trộn,50,18,0.9151756129887343,5.723960467303215
đổi xe,6,Chỉ đích,50,18,0.854208084824387,4.5962403971354036
đổi xe,6,Trộn,100,18,0.9150102810143934,5.718501178593755
đổi xe,6,Chỉ đích,100,18,0.9095270733379027,5.556636909526588
đổi xe,6,Trộn,200,18,0.9124356144223694,5.703876962425568
đổi xe,6,Chỉ đích,200,18,0.8800588668138337,5.144811990897097
đổi xe,6,Trộn,10,19,0.9173660426081343,5.75523538933129
đổi xe,6,Chỉ đích,10,19,0.9967721110393802,15.233864869282684
đổi xe,6,Trộn,25,19,0.9178617992177314,5.760667790701916
đổi xe,6,Chỉ đích,25,19,0.9967405475880052,15.233864869282684
đổi xe,6,Trộn,50,19,0.9178263750828363,5.75523538933129
đổi xe,6,Chỉ đích,50,19,0.9688535453943009,8.70563656537962
đổi xe,6,Trộn,100,19,0.9170664838930774,5.735103898413456
đổi xe,6,Chỉ đích,100,19,0.9252912954078135,6.072713955620685
đổi xe,6,Trộn,200,19,0.9161147902869757,5.718501178593755
đổi xe,6,Chỉ đích,200,19,0.8793230316409124,5.137755658490505
đổi xe,7,Chỉ nguồn,10,0,0.9188838416612589,5.9029116982816845
đổi xe,7,Trộn,10,0,0.9169370538611291,5.870413510552623
đổi xe,7,Chỉ đích,10,0,0.8877352368591823,5.113561923079317
đổi xe,7,Chỉ nguồn,25,0,0.9200524246395806,5.9029116982816845
đổi xe,7,Trộn,25,0,0.9200524246395806,5.903934216788002
đổi xe,7,Chỉ đích,25,0,0.9954128440366973,14.689201043137928
đổi xe,7,Chỉ nguồn,50,0,0.9207195203197868,5.9029116982816845
đổi xe,7,Trộn,50,0,0.9207195203197868,5.903934216788002
đổi xe,7,Chỉ đích,50,0,0.9766822118587608,8.427362223307313
đổi xe,7,Chỉ nguồn,100,0,0.9228118538938663,5.9029116982816845
đổi xe,7,Trộn,100,0,0.9228118538938663,5.920305465133083
đổi xe,7,Chỉ đích,100,0,0.9848380427291523,9.491147134111174
đổi xe,7,Chỉ nguồn,200,0,0.923019985196151,5.9029116982816845
đổi xe,7,Trộn,200,0,0.923019985196151,5.903934216788002
đổi xe,7,Chỉ đích,200,0,0.9400444115470022,6.576855401373052
đổi xe,7,Trộn,10,1,0.9208306294613887,5.914716782843925
đổi xe,7,Chỉ đích,10,1,0.981829980532122,9.561413984228807
đổi xe,7,Trộn,25,1,0.9200524246395806,5.903934216788002
đổi xe,7,Chỉ đích,25,1,0.981651376146789,9.561413984228807
đổi xe,7,Trộn,50,1,0.9207195203197868,5.903934216788002
đổi xe,7,Chỉ đích,50,1,0.9620253164556962,7.700001248323076
đổi xe,7,Trộn,100,1,0.9207443142660234,5.9029116982816845
đổi xe,7,Chỉ đích,100,1,0.9317711922811854,6.432768560767585
đổi xe,7,Trộn,200,1,0.9193190229459659,5.870413510552623
đổi xe,7,Chỉ đích,200,1,0.9259807549962991,6.186385192829988
đổi xe,7,Trộn,10,2,0.9201817001946788,5.903934216788002
đổi xe,7,Chỉ đích,10,2,0.9558728098637248,7.469724321988792
đổi xe,7,Trộn,25,2,0.9200524246395806,5.903934216788002
đổi xe,7,Chỉ đích,25,2,0.9554390563564875,7.469724321988792
đổi xe,7,Trộn,50,2,0.9200532978014657,5.9029116982816845
đổi xe,7,Chỉ đích,50,2,0.9473684210526315,7.000261964220357
đổi xe,7,Trộn,100,2,0.9214334941419711,5.903934216788002
đổi xe,7,Chỉ đích,100,2,0.9490006891798759,7.000261964220357
đổi xe,7,Trộn,200,2,0.9156180606957809,5.821832854406068
đổi xe,7,Chỉ đích,200,2,0.8911917098445595,5.212312688162854
đổi xe,7,Trộn,10,3,0.9195327709279688,5.9029116982816845
đổi xe,7,Chỉ đích,10,3,0.9604153147306943,7.681332365568693
đổi xe,7,Trộn,25,3,0.9200524246395806,5.903934216788002
đổi xe,7,Chỉ đích,25,3,0.9986893840104849,18.052948584230933
đổi xe,7,Trộn,50,3,0.9220519653564291,5.920305465133083
đổi xe,7,Chỉ đích,50,3,0.9653564290473018,7.897578813717814
đổi xe,7,Trộn,100,3,0.923501033769814,5.921962443033664
đổi xe,7,Chỉ đích,100,3,0.9572708476912474,7.40350372376102
đổi xe,7,Trộn,200,3,0.923019985196151,5.903934216788002
đổi xe,7,Chỉ đích,200,3,0.9422649888971133,6.654161851424362
đổi xe,7,Trộn,10,4,0.9169370538611291,5.870413510552623
đổi xe,7,Chỉ đích,10,4,0.8338741077222582,4.267328981401249
đổi xe,7,Trộn,25,4,0.916775884665793,5.870413510552623
đổi xe,7,Chỉ đích,25,4,0.9508519003931848,7.240467309268922
đổi xe,7,Trộn,50,4,0.916055962691539,5.8643544498778795
đổi xe,7,Chỉ đích,50,4,0.8520986009327115,4.574887465277726
đổi xe,7,Trộn,100,4,0.9104066161268091,5.782302303538643
đổi xe,7,Chỉ đích,100,4,0.864920744314266,4.777136837297377
đổi xe,7,Trộn,200,4,0.9089563286454478,5.751860605247799
đổi xe,7,Chỉ đích,200,4,0.8704663212435233,4.886888483239886
đổi xe,7,Trộn,10,5,0.9195327709279688,5.9029116982816845
đổi xe,7,Chỉ đích,10,5,0.9532770927968851,7.374827134829616
đổi xe,7,Trộn,25,5,0.9207077326343381,5.914716782843925
đổi xe,7,Chỉ đích,25,5,0.9895150720838795,10.88169164888356
đổi xe,7,Trộn,50,5,0.9173884077281812,5.870413510552623
đổi xe,7,Chỉ đích,50,5,0.9200532978014657,5.976644373421692
đổi xe,7,Trộn,100,5,0.9179875947622329,5.870413510552623
đổi xe,7,Chỉ đích,100,5,0.9207443142660234,5.976644373421692
đổi xe,7,Trộn,200,5,0.923019985196151,5.903934216788002
đổi xe,7,Chỉ đích,200,5,0.9333826794966691,6.416627116123379
đổi xe,7,Trộn,10,6,0.9169370538611291,5.870413510552623
đổi xe,7,Chỉ đích,10,6,0.8741077222582738,4.8692932748946305
đổi xe,7,Trộn,25,6,0.9161205766710354,5.867574603221954
đổi xe,7,Chỉ đích,25,6,0.872870249017038,4.8692932748946305
đổi xe,7,Trộn,50,6,0.916055962691539,5.8643544498778795
đổi xe,7,Chỉ đích,50,6,0.8314457028647568,4.267328981401249
đổi xe,7,Trộn,100,6,0.9117849758787043,5.80940978793771
đổi xe,7,Chỉ đích,100,6,0.8718125430737422,4.8692932748946305
đổi xe,7,Trộn,200,6,0.9126572908956329,5.80940978793771
đổi xe,7,Chỉ đích,200,6,0.8823094004441154,5.05625075100869
đổi xe,7,Trộn,10,7,0.9169370538611291,5.870413510552623
đổi xe,7,Chỉ đích,10,7,0.9117456197274497,5.777667726116448
đổi xe,7,Trộn,25,7,0.919397116644823,5.9029116982816845
đổi xe,7,Chỉ đích,25,7,0.981651376146789,9.561413984228807
đổi xe,7,Trộn,50,7,0.9173884077281812,5.870413510552623
đổi xe,7,Chỉ đích,50,7,0.9467021985343105,6.943763273484393
đổi xe,7,Trộn,100,7,0.9172984148862853,5.867574603221954
đổi xe,7,Chỉ đích,100,7,0.9117849758787043,5.777667726116448
đổi xe,7,Trộn,200,7,0.9222797927461139,5.9029116982816845
đổi xe,7,Chỉ đích,200,7,0.9259807549962991,6.186385192829988
đổi xe,7,Trộn,10,8,0.9169370538611291,5.870413510552623
đổi xe,7,Chỉ đích,10,8,0.8312783906554185,4.222720914802466
đổi xe,7,Trộn,25,8,0.9161205766710354,5.867574603221954
đổi xe,7,Chỉ đích,25,8,0.8899082568807339,5.176237712880322
đổi xe,7,Trộn,50,8,0.9133910726182545,5.816137006651701
đổi xe,7,Chỉ đích,50,8,0.832111925383078,4.2684620587384074
đổi xe,7,Trộn,100,8,0.9076498966230186,5.746245273208501
đổi xe,7,Chỉ đích,100,8,0.8297725706409372,4.2684620587384074
đổi xe,7,Trộn,200,8,0.9074759437453738,5.745101908019421
đổi xe,7,Chỉ đích,200,8,0.8800888230940045,5.0313355682054635
đổi xe,7,Trộn,10,9,0.9195327709279688,5.9029116982816845
đổi xe,7,Chỉ đích,10,9,0.9493835171966256,7.164483347472043
đổi xe,7,Trộn,25,9,0.916775884665793,5.870413510552623
đổi xe,7,Chỉ đích,25,9,0.9488859764089121,7.164483347472043
đổi xe,7,Trộn,50,9,0.91672218520986,5.867574603221954
đổi xe,7,Chỉ đích,50,9,0.8954030646235843,5.30390274719386
đổi xe,7,Trộn,100,9,0.9117849758787043,5.80940978793771
đổi xe,7,Chỉ đích,100,9,0.8945554789800138,5.289744068796409
đổi xe,7,Trộn,200,9,0.9067357512953368,5.742079898994973
đổi xe,7,Chỉ đích,200,9,0.8837897853441895,5.0785811776932235
đổi xe,7,Trộn,10,10,0.9195327709279688,5.9029116982816845
đổi xe,7,Chỉ đích,10,10,0.9467878001297858,7.000261964220357
đổi xe,7,Trộn,25,10,0.9200524246395806,5.903934216788002
đổi xe,7,Chỉ đích,25,10,0.9947575360419397,14.612832876306868
đổi xe,7,Trộn,50,10,0.9207195203197868,5.903934216788002
đổi xe,7,Chỉ đích,50,10,0.9493670886075949,7.1528863958714055
đổi xe,7,Trộn,100,10,0.9207443142660234,5.9029116982816845
đổi xe,7,Chỉ đích,100,10,0.9490006891798759,7.000261964220357
đổi xe,7,Trộn,200,10,0.923760177646188,5.914716782843925
đổi xe,7,Chỉ đích,200,10,0.9333826794966691,6.416627116123379
đổi xe,7,Trộn,10,11,0.9201817001946788,5.903934216788002
đổi xe,7,Chỉ đích,10,11,0.9662556781310837,7.945895060867173
đổi xe,7,Trộn,25,11,0.9200524246395806,5.903934216788002
đổi xe,7,Chỉ đích,25,11,0.9796854521625163,9.482936467339414
đổi xe,7,Trộn,50,11,0.9200532978014657,5.9029116982816845
đổi xe,7,Chỉ đích,50,11,0.9320453031312458,6.483583352641261
đổi xe,7,Trộn,100,11,0.9207443142660234,5.9029116982816845
đổi xe,7,Chỉ đích,100,11,0.9331495520330806,6.483583352641261
đổi xe,7,Trộn,200,11,0.9082161361954109,5.746245273208501
đổi xe,7,Chỉ đích,200,11,0.8712065136935603,4.896090929895905
đổi xe,7,Trộn,10,12,0.9169370538611291,5.870413510552623
đổi xe,7,Chỉ đích,10,12,0.9078520441271901,5.578836374541737
đổi xe,7,Trộn,25,12,0.919397116644823,5.9029116982816845
đổi xe,7,Chỉ đích,25,12,0.9954128440366973,14.689201043137928
đổi xe,7,Trộn,50,12,0.9173884077281812,5.870413510552623
đổi xe,7,Chỉ đích,50,12,0.9706862091938707,8.049954929174561
đổi xe,7,Trộn,100,12,0.9172984148862853,5.867574603221954
đổi xe,7,Chỉ đích,100,12,0.9131633356305996,5.802101184853399
đổi xe,7,Trộn,200,12,0.9222797927461139,5.9029116982816845
đổi xe,7,Chỉ đích,200,12,0.9452257586972613,6.788269719328667
đổi xe,7,Trộn,10,13,0.9169370538611291,5.870413510552623
đổi xe,7,Chỉ đích,10,13,0.872809863724854,4.856347870551247
đổi xe,7,Trộn,25,13,0.916775884665793,5.870413510552623
đổi xe,7,Chỉ đích,25,13,0.927916120576671,6.408428424298336
đổi xe,7,Trộn,50,13,0.91672218520986,5.867574603221954
đổi xe,7,Chỉ đích,50,13,0.8880746169220519,5.137254033536976
đổi xe,7,Trộn,100,13,0.9117849758787043,5.80940978793771
đổi xe,7,Chỉ đích,100,13,0.8876636802205375,5.137254033536976
đổi xe,7,Trộn,200,13,0.9082161361954109,5.746245273208501
đổi xe,7,Chỉ đích,200,13,0.8726868985936344,4.900277900860289
đổi xe,7,Trộn,10,14,0.9169370538611291,5.870413510552623
đổi xe,7,Chỉ đích,10,14,0.8825438027255029,4.989939442117134
đổi xe,7,Trộn,25,14,0.916775884665793,5.870413510552623
đổi xe,7,Chỉ đích,25,14,0.9331585845347313,6.498093812035677
đổi xe,7,Trộn,50,14,0.916055962691539,5.8643544498778795
đổi xe,7,Chỉ đích,50,14,0.9153897401732178,5.821832854406068
đổi xe,7,Trộn,100,14,0.9172984148862853,5.867574603221954
đổi xe,7,Chỉ đích,100,14,0.9166092350103378,5.822081294142549
đổi xe,7,Trộn,200,14,0.9185788304959289,5.867574603221954
đổi xe,7,Chỉ đích,200,14,0.9185788304959289,5.830288758889225
đổi xe,7,Trộn,10,15,0.9201817001946788,5.903934216788002
đổi xe,7,Chỉ đích,10,15,0.9902660609993511,10.939678772068135
đổi xe,7,Trộn,25,15,0.919397116644823,5.9029116982816845
đổi xe,7,Chỉ đích,25,15,0.990170380078637,10.939678772068135
đổi xe,7,Trộn,50,15,0.91672218520986,5.867574603221954
đổi xe,7,Chỉ đích,50,15,0.9107261825449701,5.776855504833719
đổi xe,7,Trộn,100,15,0.9166092350103378,5.8643544498778795
đổi xe,7,Chỉ đích,100,15,0.9035148173673329,5.504872729581081
đổi xe,7,Trộn,200,15,0.9067357512953368,5.742079898994973
đổi xe,7,Chỉ đích,200,15,0.8763878608438194,4.958608453776094
đổi xe,7,Trộn,10,16,0.9195327709279688,5.9029116982816845
đổi xe,7,Chỉ đích,10,16,0.9234263465282284,6.186385192829988
đổi xe,7,Trộn,25,16,0.9200524246395806,5.903934216788002
đổi xe,7,Chỉ đích,25,16,0.9711664482306684,8.21610363743946
đổi xe,7,Trộn,50,16,0.9207195203197868,5.903934216788002
đổi xe,7,Chỉ đích,50,16,0.9586942038640907,7.527992293151556
đổi xe,7,Trộn,100,16,0.9214334941419711,5.903934216788002
đổi xe,7,Chỉ đích,100,16,0.9393521709166093,6.654161851424362
đổi xe,7,Trộn,200,16,0.9193190229459659,5.870413510552623
đổi xe,7,Chỉ đích,200,16,0.924500370096225,6.133240511330172
đổi xe,7,Trộn,10,17,0.9169370538611291,5.870413510552623
đổi xe,7,Chỉ đích,10,17,0.7157689811810513,3.1688468668619976
đổi xe,7,Trộn,25,17,0.9161205766710354,5.867574603221954
đổi xe,7,Chỉ đích,25,17,0.8977719528178244,5.408181472439281
đổi xe,7,Trộn,50,17,0.916055962691539,5.8643544498778795
đổi xe,7,Chỉ đích,50,17,0.8867421718854097,5.113561923079317
đổi xe,7,Trộn,100,17,0.9172984148862853,5.867574603221954
đổi xe,7,Chỉ đích,100,17,0.9062715368711234,5.57373227701828
đổi xe,7,Trộn,200,17,0.9126572908956329,5.80940978793771
đổi xe,7,Chỉ đích,200,17,0.8993338267949667,5.430632970142113
đổi xe,7,Trộn,10,18,0.9169370538611291,5.870413510552623
đổi xe,7,Chỉ đích,10,18,0.7118754055807917,3.1447305281591866
đổi xe,7,Trộn,25,18,0.9207077326343381,5.914716782843925
đổi xe,7,Chỉ đích,25,18,0.9882044560943644,10.211844219654239
đổi xe,7,Trộn,50,18,0.9213857428381079,5.914716782843925
đổi xe,7,Chỉ đích,50,18,0.9713524317121919,8.118113276252956
đổi xe,7,Trộn,100,18,0.9172984148862853,5.867574603221954
đổi xe,7,Chỉ đích,100,18,0.9035148173673329,5.504872729581081
đổi xe,7,Trộn,200,18,0.9126572908956329,5.80940978793771
đổi xe,7,Chỉ đích,200,18,0.9030347890451518,5.498559253440703
đổi xe,7,Trộn,10,19,0.9201817001946788,5.903934216788002
đổi xe,7,Chỉ đích,10,19,0.972744970798183,8.252930109076146
đổi xe,7,Trộn,25,19,0.9200524246395806,5.903934216788002
đổi xe,7,Chỉ đích,25,19,0.9724770642201835,8.252930109076146
đổi xe,7,Trộn,50,19,0.9180546302465024,5.890156787074034
đổi xe,7,Chỉ đích,50,19,0.944037308461026,6.878537067780684
đổi xe,7,Trộn,100,19,0.9179875947622329,5.870413510552623
đổi xe,7,Chỉ đích,100,19,0.9179875947622329,5.890156787074034
đổi xe,7,Trộn,200,19,0.9193190229459659,5.870413510552623
đổi xe,7,Chỉ đích,200,19,0.9193190229459659,5.890156787074034
đổi xe,8,Chỉ nguồn,10,0,0.883248730964467,6.142406066327339
đổi xe,8,Trộn,10,0,0.883248730964467,6.139621968135117
đổi xe,8,Chỉ đích,10,0,0.7982233502538071,4.320903452957538
đổi xe,8,Chỉ nguồn,25,0,0.8846893017296604,6.142406066327339
đổi xe,8,Trộn,25,0,0.8846893017296604,6.155056312090039
đổi xe,8,Chỉ đích,25,0,0.9929532351057014,15.410245620468245
đổi xe,8,Chỉ nguồn,50,0,0.8834635416666666,6.142406066327339
đổi xe,8,Trộn,50,0,0.8834635416666666,6.142406066327339
đổi xe,8,Chỉ đích,50,0,0.9244791666666666,7.657198524970937
đổi xe,8,Chỉ nguồn,100,0,0.8849259757738897,6.142406066327339
đổi xe,8,Trộn,100,0,0.8849259757738897,6.157141056857654
đổi xe,8,Chỉ đích,100,0,0.9340511440107672,7.908646699387788
đổi xe,8,Chỉ nguồn,200,0,0.8831168831168831,6.142406066327339
đổi xe,8,Trộn,200,0,0.8831168831168831,6.155056312090039
đổi xe,8,Chỉ đích,200,0,0.911976911976912,7.084046549896527
đổi xe,8,Trộn,10,1,0.883248730964467,6.139621968135117
đổi xe,8,Chỉ đích,10,1,0.866751269035533,5.617005155586895
đổi xe,8,Trộn,25,1,0.8834080717488789,6.142406066327339
đổi xe,8,Chỉ đích,25,1,0.9807815502882767,12.306364760454926
đổi xe,8,Trộn,50,1,0.8802083333333334,6.099633542618733
đổi xe,8,Chỉ đích,50,1,0.8639322916666666,5.613603854709197
đổi xe,8,Trộn,100,1,0.8822341857335128,6.139621968135117
đổi xe,8,Chỉ đích,100,1,0.8876177658142664,6.318673570421055
đổi xe,8,Trộn,200,1,0.8831168831168831,6.155056312090039
đổi xe,8,Chỉ đích,200,1,0.9098124098124099,6.981980064610923
đổi xe,8,Trộn,10,2,0.8838832487309645,6.142406066327339
đổi xe,8,Chỉ đích,10,2,0.9955583756345178,15.62798341491441
đổi xe,8,Trộn,25,2,0.8827674567584881,6.139621968135117
đổi xe,8,Chỉ đích,25,2,0.9955156950672646,15.62798341491441
đổi xe,8,Trộn,50,2,0.8821614583333334,6.132739481374131
đổi xe,8,Chỉ đích,50,2,0.8450520833333334,5.171619764192172
đổi xe,8,Trộn,100,2,0.8822341857335128,6.139621968135117
đổi xe,8,Chỉ đích,100,2,0.8835800807537012,6.177337699652838
đổi xe,8,Trộn,200,2,0.8816738816738817,6.142406066327339
đổi xe,8,Chỉ đích,200,2,0.886002886002886,6.3056955412382365
đổi xe,8,Trộn,10,3,0.8845177664974619,6.154944660660419
đổi xe,8,Chỉ đích,10,3,0.9416243654822335,8.251628121725304
đổi xe,8,Trộn,25,3,0.885970531710442,6.160837307902369
đổi xe,8,Chỉ đích,25,3,0.9987187700192185,23.868323361440048
đổi xe,8,Trộn,50,3,0.8854166666666666,6.157141056857654
đổi xe,8,Chỉ đích,50,3,0.9427083333333334,8.281095196759168
đổi xe,8,Trộn,100,3,0.8842530282637954,6.155056312090039
đổi xe,8,Chỉ đích,100,3,0.9293405114401077,7.801957226006124
đổi xe,8,Trộn,200,3,0.8809523809523809,6.139621968135117
đổi xe,8,Chỉ đích,200,3,0.8953823953823954,6.542126471645247
đổi xe,8,Trộn,10,4,0.883248730964467,6.139621968135117
đổi xe,8,Chỉ đích,10,4,0.809010152284264,4.49513644705209
đổi xe,8,Trộn,25,4,0.8834080717488789,6.142406066327339
đổi xe,8,Chỉ đích,25,4,1.0,26.97266633403143
đổi xe,8,Trộn,50,4,0.8854166666666666,6.157141056857654
đổi xe,8,Chỉ đích,50,4,0.962890625,9.95251315263738
đổi xe,8,Trộn,100,4,0.8849259757738897,6.157141056857654
đổi xe,8,Chỉ đích,100,4,0.9421265141318977,8.220584867070357
đổi xe,8,Trộn,200,4,0.8953823953823954,6.269045528351256
đổi xe,8,Chỉ đích,200,4,0.9386724386724387,7.966644720093797
đổi xe,8,Trộn,10,5,0.8838832487309645,6.142406066327339
đổi xe,8,Chỉ đích,10,5,0.9365482233502538,8.036382274085838
đổi xe,8,Trộn,25,5,0.8846893017296604,6.155056312090039
đổi xe,8,Chỉ đích,25,5,0.960281870595772,9.799400223051776
đổi xe,8,Trộn,50,5,0.8860677083333334,6.160837307902369
đổi xe,8,Chỉ đích,50,5,0.9368489583333334,8.036382274085838
đổi xe,8,Trộn,100,5,0.8930013458950202,6.226618503146824
đổi xe,8,Chỉ đích,100,5,0.9313593539703903,7.840794186897682
đổi xe,8,Trộn,200,5,0.8845598845598845,6.160837307902369
đổi xe,8,Chỉ đích,200,5,0.898989898989899,6.653289077191118
đổi xe,8,Trộn,10,6,0.8838832487309645,6.142406066327339
đổi xe,8,Chỉ đích,10,6,1.0,26.97266633403143
đổi xe,8,Trộn,25,6,0.8834080717488789,6.142406066327339
đổi xe,8,Chỉ đích,25,6,1.0,26.97266633403143
đổi xe,8,Trộn,50,6,0.8834635416666666,6.142406066327339
đổi xe,8,Chỉ đích,50,6,0.9440104166666666,8.44326145345056
đổi xe,8,Trộn,100,6,0.8855989232839838,6.160837307902369
đổi xe,8,Chỉ đích,100,6,0.9421265141318977,8.220584867070357
đổi xe,8,Trộn,200,6,0.8910533910533911,6.21870815621179
đổi xe,8,Chỉ đích,200,6,0.9415584415584416,8.058223796806004
đổi xe,8,Trộn,10,7,0.8845177664974619,6.154944660660419
đổi xe,8,Chỉ đích,10,7,0.9651015228426396,10.345680062508848
đổi xe,8,Trộn,25,7,0.8840486867392697,6.154944660660419
đổi xe,8,Chỉ đích,25,7,0.9647661755285074,10.345680062508848
đổi xe,8,Trộn,50,7,0.8834635416666666,6.142406066327339
đổi xe,8,Chỉ đích,50,7,0.9654947916666666,10.288141822374087
đổi xe,8,Trộn,100,7,0.8842530282637954,6.155056312090039
đổi xe,8,Chỉ đích,100,7,0.9091520861372813,6.981980064610923
đổi xe,8,Trộn,200,7,0.8831168831168831,6.155056312090039
đổi xe,8,Chỉ đích,200,7,0.9018759018759018,6.804850153871172
đổi xe,8,Trộn,10,8,0.8838832487309645,6.142406066327339
đổi xe,8,Chỉ đích,10,8,0.9879441624365483,14.033204553202495
đổi xe,8,Trộn,25,8,0.8840486867392697,6.154944660660419
đổi xe,8,Chỉ đích,25,8,0.9878283151825753,14.033204553202495
đổi xe,8,Trộn,50,8,0.8821614583333334,6.132739481374131
đổi xe,8,Chỉ đích,50,8,0.8821614583333334,6.130800446339265
đổi xe,8,Trộn,100,8,0.8775235531628532,6.0759178896596495
đổi xe,8,Chỉ đích,100,8,0.8707940780619112,5.784257096859903
đổi xe,8,Trộn,200,8,0.8795093795093795,6.130800446339265
đổi xe,8,Chỉ đích,200,8,0.8759018759018758,6.002809621787151
đổi xe,8,Trộn,10,9,0.8838832487309645,6.142406066327339
đổi xe,8,Chỉ đích,10,9,0.9397208121827412,8.199320306902365
đổi xe,8,Trộn,25,9,0.8834080717488789,6.142406066327339
đổi xe,8,Chỉ đích,25,9,0.9391415759128764,8.199320306902365
đổi xe,8,Trộn,50,9,0.8841145833333334,6.154944660660419
đổi xe,8,Chỉ đích,50,9,0.9368489583333334,8.036382274085838
đổi xe,8,Trộn,100,9,0.8849259757738897,6.157141056857654
đổi xe,8,Chỉ đích,100,9,0.9165545087483177,7.217997085930989
đổi xe,8,Trộn,200,9,0.8838383838383839,6.157141056857654
đổi xe,8,Chỉ đích,200,9,0.9033189033189033,6.849922812734235
đổi xe,8,Trộn,10,10,0.8838832487309645,6.142406066327339
đổi xe,8,Chỉ đích,10,10,0.8870558375634517,6.225293794519644
đổi xe,8,Trộn,25,10,0.8840486867392697,6.154944660660419
đổi xe,8,Chỉ đích,25,10,0.9628443305573351,10.030366495581177
đổi xe,8,Trộn,50,10,0.8834635416666666,6.142406066327339
đổi xe,8,Chỉ đích,50,10,0.9010416666666666,6.8035888671875
đổi xe,8,Trộn,100,10,0.8842530282637954,6.155056312090039
đổi xe,8,Chỉ đích,100,10,0.9044414535666218,6.858111647832999
đổi xe,8,Trộn,200,10,0.8823953823953824,6.154944660660419
đổi xe,8,Chỉ đích,200,10,0.8874458874458875,6.327005958116274
đổi xe,8,Trộn,10,11,0.8838832487309645,6.142406066327339
đổi xe,8,Chỉ đích,10,11,0.9784263959390863,11.9706230018096
đổi xe,8,Trộn,25,11,0.8840486867392697,6.154944660660419
đổi xe,8,Chỉ đích,25,11,0.9782190903267136,11.9706230018096
đổi xe,8,Trộn,50,11,0.8834635416666666,6.142406066327339
đổi xe,8,Chỉ đích,50,11,0.9108072916666666,7.084046549896527
đổi xe,8,Trộn,100,11,0.882907133243607,6.142406066327339
đổi xe,8,Chỉ đích,100,11,0.9111709286675639,7.084046549896527
đổi xe,8,Trộn,200,11,0.8838383838383839,6.157141056857654
đổi xe,8,Chỉ đích,200,11,0.9018759018759018,6.804850153871172
đổi xe,8,Trộn,10,12,0.8845177664974619,6.154944660660419
đổi xe,8,Chỉ đích,10,12,0.9365482233502538,8.036382274085838
đổi xe,8,Trộn,25,12,0.8840486867392697,6.154944660660419
đổi xe,8,Chỉ đích,25,12,0.9359385009609225,8.036382274085838
đổi xe,8,Trộn,50,12,0.8834635416666666,6.142406066327339
đổi xe,8,Chỉ đích,50,12,0.9225260416666666,7.5505911721621715
đổi xe,8,Trộn,100,12,0.8855989232839838,6.160837307902369
đổi xe,8,Chỉ đích,100,12,0.9232839838492598,7.5505911721621715
đổi xe,8,Trộn,200,12,0.8874458874458875,6.1875274131624565
đổi xe,8,Chỉ đích,200,12,0.9141414141414141,7.171063049715343
đổi xe,8,Trộn,10,13,0.883248730964467,6.139621968135117
đổi xe,8,Chỉ đích,10,13,0.8496192893401016,5.2177436961637795
đổi xe,8,Trộn,25,13,0.8853299167200512,6.157141056857654
đổi xe,8,Chỉ đích,25,13,0.9782190903267136,11.9706230018096
đổi xe,8,Trộn,50,13,0.8893229166666666,6.200367620008649
đổi xe,8,Chỉ đích,50,13,0.9498697916666666,8.761062109762548
đổi xe,8,Trộn,100,13,0.8909825033647375,6.218077757069722
đổi xe,8,Chỉ đích,100,13,0.9515477792732167,8.761062109762548
đổi xe,8,Trộn,200,13,0.8845598845598845,6.160837307902369
đổi xe,8,Chỉ đích,200,13,0.9011544011544012,6.8035888671875
đổi xe,8,Trộn,10,14,0.8851522842639594,6.155056312090039
đổi xe,8,Chỉ đích,10,14,0.9625634517766497,9.996501103515556
đổi xe,8,Trộn,25,14,0.8853299167200512,6.157141056857654
đổi xe,8,Chỉ đích,25,14,0.9980781550288277,21.19524709078877
đổi xe,8,Trộn,50,14,0.8860677083333334,6.160837307902369
đổi xe,8,Chỉ đích,50,14,0.9635416666666666,9.996501103515556
đổi xe,8,Trộn,100,14,0.882907133243607,6.142406066327339
đổi xe,8,Chỉ đích,100,14,0.892328398384926,6.410313976236949
đổi xe,8,Trộn,200,14,0.8838383838383839,6.157141056857654
đổi xe,8,Chỉ đích,200,14,0.9090909090909091,6.972065809205901
đổi xe,8,Trộn,10,15,0.8857868020304569,6.157141056857654
đổi xe,8,Chỉ đích,10,15,0.9232233502538071,7.609618341037816
đổi xe,8,Trộn,25,15,0.8853299167200512,6.157141056857654
đổi xe,8,Chỉ đích,25,15,0.9224855861627163,7.609618341037816
đổi xe,8,Trộn,50,15,0.8841145833333334,6.154944660660419
đổi xe,8,Chỉ đích,50,15,0.9049479166666666,6.863924084043191
đổi xe,8,Trộn,100,15,0.882907133243607,6.142406066327339
đổi xe,8,Chỉ đích,100,15,0.9030955585464334,6.849922812734235
đổi xe,8,Trộn,200,15,0.8780663780663781,6.099633542618733
đổi xe,8,Chỉ đích,200,15,0.8694083694083694,5.811202906999739
đổi xe,8,Trộn,10,16,0.8838832487309645,6.142406066327339
đổi xe,8,Chỉ đích,10,16,0.940989847715736,8.250577802814405
đổi xe,8,Trộn,25,16,0.8840486867392697,6.154944660660419
đổi xe,8,Chỉ đích,25,16,0.9846252402306214,13.178882662276521
đổi xe,8,Trộn,50,16,0.884765625,6.155056312090039
đổi xe,8,Chỉ đích,50,16,0.9309895833333334,7.848937424949355
đổi xe,8,Trộn,100,16,0.8916554508748318,6.21870815621179
đổi xe,8,Chỉ đích,100,16,0.9441453566621804,8.281095196759168
đổi xe,8,Trộn,200,16,0.8939393939393939,6.231626931662078
đổi xe,8,Chỉ đích,200,16,0.9307359307359307,7.783222890702518
đổi xe,8,Trộn,10,17,0.8838832487309645,6.142406066327339
đổi xe,8,Chỉ đích,10,17,0.9758883248730964,11.52779476091203
đổi xe,8,Trộn,25,17,0.8840486867392697,6.154944660660419
đổi xe,8,Chỉ đích,25,17,0.9756566303651505,11.52779476091203
đổi xe,8,Trộn,50,17,0.8841145833333334,6.154944660660419
đổi xe,8,Chỉ đích,50,17,0.9596354166666666,9.59863128132372
đổi xe,8,Trộn,100,17,0.8842530282637954,6.155056312090039
đổi xe,8,Chỉ đích,100,17,0.9030955585464334,6.849922812734235
đổi xe,8,Trộn,200,17,0.8831168831168831,6.155056312090039
đổi xe,8,Chỉ đích,200,17,0.8982683982683982,6.625131619928339
đổi xe,8,Trộn,10,18,0.8851522842639594,6.155056312090039
đổi xe,8,Chỉ đích,10,18,0.9809644670050761,12.306364760454926
đổi xe,8,Trộn,25,18,0.8904548366431775,6.20296947670721
đổi xe,8,Chỉ đích,25,18,0.9807815502882767,12.306364760454926
đổi xe,8,Trộn,50,18,0.8893229166666666,6.200367620008649
đổi xe,8,Chỉ đích,50,18,0.9407552083333334,8.220584867070357
đổi xe,8,Trộn,100,18,0.8849259757738897,6.157141056857654
đổi xe,8,Chỉ đích,100,18,0.8997308209959624,6.685425610142829
đổi xe,8,Trộn,200,18,0.8816738816738817,6.142406066327339
đổi xe,8,Chỉ đích,200,18,0.8881673881673882,6.33419470559312
đổi xe,8,Trộn,10,19,0.883248730964467,6.139621968135117
đổi xe,8,Chỉ đích,10,19,0.5996192893401016,2.5649360801197076
đổi xe,8,Trộn,25,19,0.8827674567584881,6.139621968135117
đổi xe,8,Chỉ đích,25,19,0.9378603459320948,8.09525470579112
đổi xe,8,Trộn,50,19,0.8782552083333334,6.0759178896596495
đổi xe,8,Chỉ đích,50,19,0.828125,4.811335301184187
đổi xe,8,Trộn,100,19,0.882907133243607,6.142406066327339
đổi xe,8,Chỉ đích,100,19,0.8842530282637954,6.1875274131624565
đổi xe,8,Trộn,200,19,0.8831168831168831,6.155056312090039
đổi xe,8,Chỉ đích,200,19,0.898989898989899,6.653289077191118
đổi xe,9,Chỉ nguồn,10,0,0.7344039530574429,5.540605024126819
đổi xe,9,Trộn,10,0,0.7368746139592341,5.560941004231722
đổi xe,9,Chỉ đích,10,0,0.8844966028412601,11.173690045964321
đổi xe,9,Chỉ nguồn,25,0,0.7356608478802993,5.540605024126819
đổi xe,9,Trộn,25,0,0.7425187032418953,5.678059210579562
đổi xe,9,Chỉ đích,25,0,0.9089775561097256,12.475808371275548
đổi xe,9,Chỉ nguồn,50,0,0.7346421785940469,5.540605024126819
đổi xe,9,Trộn,50,0,0.7435085497150095,5.715098199828134
đổi xe,9,Chỉ đích,50,0,0.883470550981634,11.173690045964321
đổi xe,9,Chỉ nguồn,100,0,0.7344669718770438,5.540605024126819
đổi xe,9,Trộn,100,0,0.7475474166121648,5.819071543575035
đổi xe,9,Chỉ đích,100,0,0.9103989535644212,12.624774152842036
đổi xe,9,Chỉ nguồn,200,0,0.7347795661301609,5.540605024126819
đổi xe,9,Trộn,200,0,0.7515745276417075,5.9611530567956095
đổi xe,9,Chỉ đích,200,0,0.9104268719384184,12.475808371275548
đổi xe,9,Trộn,10,1,0.7362569487337863,5.551240232288308
đổi xe,9,Chỉ đích,10,1,0.9962940086473132,23.225246167991656
đổi xe,9,Trộn,25,1,0.7387780548628429,5.632741260815635
đổi xe,9,Chỉ đích,25,1,0.9962593516209476,23.225246167991656
đổi xe,9,Trộn,50,1,0.74034198860038,5.678059210579562
đổi xe,9,Chỉ đích,50,1,0.922102596580114,13.661433174792563
đổi xe,9,Trộn,100,1,0.7475474166121648,5.819071543575035
đổi xe,9,Chỉ đích,100,1,0.8724656638325703,10.820136342964844
đổi xe,9,Trộn,200,1,0.7473757872638208,5.928083208637844
đổi xe,9,Chỉ đích,200,1,0.887333799860042,11.538426340060681
đổi xe,9,Trộn,10,2,0.7387276096355775,5.5843932201244115
đổi xe,9,Chỉ đích,10,2,0.9845583693638048,19.685084961677248
đổi xe,9,Trộn,25,2,0.7375311720698254,5.584423470545232
đổi xe,9,Chỉ đích,25,2,0.9844139650872819,19.685084961677248
đổi xe,9,Trộn,50,2,0.7397086763774541,5.666018704624378
đổi xe,9,Chỉ đích,50,2,0.9506016466117796,15.652295857204876
đổi xe,9,Trộn,100,2,0.7449313276651406,5.775955683946165
đổi xe,9,Chỉ đích,100,2,0.9522563767168084,15.652295857204876
đổi xe,9,Trộn,200,2,0.7459762071378586,5.91486373890433
đổi xe,9,Chỉ đích,200,2,0.9384184744576627,14.485814912910229
đổi xe,9,Trộn,10,3,0.7368746139592341,5.560941004231722
đổi xe,9,Chỉ đích,10,3,0.9950586781964176,22.63293723982987
đổi xe,9,Trộn,25,3,0.7387780548628429,5.632741260815635
đổi xe,9,Chỉ đích,25,3,0.9950124688279302,22.63293723982987
đổi xe,9,Trộn,50,3,0.74034198860038,5.678059210579562
đổi xe,9,Chỉ đích,50,3,0.9170360987967068,13.42799516619067
đổi xe,9,Trộn,100,3,0.7442773054283846,5.770761979583938
đổi xe,9,Chỉ đích,100,3,0.8790058862001308,11.055048406368797
đổi xe,9,Trộn,200,3,0.7543736878936319,5.965901311229317
đổi xe,9,Chỉ đích,200,3,0.9048285514345696,12.341341023220508
đổi xe,9,Trộn,10,4,0.7362569487337863,5.551240232288308
đổi xe,9,Chỉ đích,10,4,0.8542310067943175,9.998713783165044
đổi xe,9,Trộn,25,4,0.7425187032418953,5.678059210579562
đổi xe,9,Chỉ đích,25,4,0.9208229426433915,13.65668544155946
đổi xe,9,Trộn,50,4,0.7517416086130463,5.804945477122061
đổi xe,9,Chỉ đích,50,4,0.9518682710576314,15.733775998746978
đổi xe,9,Trộn,100,4,0.7553956834532374,5.907490220688942
đổi xe,9,Chỉ đích,100,4,0.9385219097449313,14.713175873994132
đổi xe,9,Trộn,200,4,0.7634709587123862,6.0278392605250986
đổi xe,9,Chỉ đích,200,4,0.9370188943317005,14.369400292551418
đổi xe,9,Trộn,10,5,0.7368746139592341,5.560941004231722
đổi xe,9,Chỉ đích,10,5,0.9098208770846201,12.475808371275548
đổi xe,9,Trộn,25,5,0.7369077306733167,5.5843932201244115
đổi xe,9,Chỉ đích,25,5,0.9089775561097256,12.475808371275548
đổi xe,9,Trộn,50,5,0.7397086763774541,5.666018704624378
đổi xe,9,Chỉ đích,50,5,0.9094363521215959,12.475808371275548
đổi xe,9,Trộn,100,5,0.749509483322433,5.852796051729143
đổi xe,9,Chỉ đích,100,5,0.9097449313276651,12.475808371275548
đổi xe,9,Trộn,200,5,0.7571728481455563,5.984979879360026
đổi xe,9,Chỉ đích,200,5,0.8992302309307207,12.139705666979864
đổi xe,9,Trộn,10,6,0.7387276096355775,5.5843932201244115
đổi xe,9,Chỉ đích,10,6,0.9011735639283508,12.184112988642937
đổi xe,9,Trộn,25,6,0.7418952618453866,5.666018704624378
đổi xe,9,Chỉ đích,25,6,0.9812967581047382,19.478496407163007
đổi xe,9,Trộn,50,6,0.7397086763774541,5.666018704624378
đổi xe,9,Chỉ đích,50,6,0.9322355921469284,14.3433769269638
đổi xe,9,Trộn,100,6,0.7410071942446043,5.740598909330231
đổi xe,9,Chỉ đích,100,6,0.9293655984303466,13.869419460720508
đổi xe,9,Trộn,200,6,0.7459762071378586,5.91486373890433
đổi xe,9,Chỉ đích,200,6,0.9097270818754374,12.474209288456962
đổi xe,9,Trộn,10,7,0.7368746139592341,5.560941004231722
đổi xe,9,Chỉ đích,10,7,0.9079678814082767,12.434160561247438
đổi xe,9,Trộn,25,7,0.7418952618453866,5.666018704624378
đổi xe,9,Chỉ đích,25,7,0.9850374064837906,19.838495129815428
đổi xe,9,Trộn,50,7,0.7479417352754908,5.754169173034285
đổi xe,9,Chỉ đích,50,7,0.9461684610512983,15.418625450057235
đổi xe,9,Trộn,100,7,0.7475474166121648,5.819071543575035
đổi xe,9,Chỉ đích,100,7,0.908436886854153,12.437338171200622
đổi xe,9,Trộn,200,7,0.7571728481455563,5.984979879360026
đổi xe,9,Chỉ đích,200,7,0.9391182645206438,14.511642309416757
đổi xe,9,Trộn,10,8,0.7331686226065472,5.540605024126819
đổi xe,9,Chỉ đích,10,8,0.8777022853613342,10.939299717190494
đổi xe,9,Trộn,25,8,0.7350374064837906,5.560941004231722
đổi xe,9,Chỉ đích,25,8,0.9688279301745636,17.135492349843062
đổi xe,9,Trộn,50,8,0.7327422419252692,5.560941004231722
đổi xe,9,Chỉ đích,50,8,0.876504116529449,10.939299717190494
đổi xe,9,Trộn,100,8,0.7429692609548725,5.754169173034285
đổi xe,9,Chỉ đích,100,8,0.9228253760627861,13.661433174792563
đổi xe,9,Trộn,200,8,0.7452764170748776,5.907490220688942
đổi xe,9,Chỉ đích,200,8,0.8971308607417775,11.985997475374404
đổi xe,9,Trộn,10,9,0.7313156269302038,5.525137434976784
đổi xe,9,Chỉ đích,10,9,0.6516368128474367,4.323724477760095
đổi xe,9,Trộn,25,9,0.7312967581047382,5.540605024126819
đổi xe,9,Chỉ đích,25,9,0.9894014962593516,20.670676847539312
đổi xe,9,Trộn,50,9,0.7327422419252692,5.560941004231722
đổi xe,9,Chỉ đích,50,9,0.8454718176060798,9.628690407777441
đổi xe,9,Trộn,100,9,0.7442773054283846,5.770761979583938
đổi xe,9,Chỉ đích,100,9,0.907128842380641,12.429972049951743
đổi xe,9,Trộn,200,9,0.7515745276417075,5.9611530567956095
đổi xe,9,Chỉ đích,200,9,0.8866340097970609,11.462599917030559
đổi xe,9,Trộn,10,10,0.7362569487337863,5.551240232288308
đổi xe,9,Chỉ đích,10,10,0.9474984558369364,15.522814374666098
đổi xe,9,Trộn,25,10,0.7369077306733167,5.5843932201244115
đổi xe,9,Chỉ đích,25,10,0.972568578553616,18.15848519700711
đổi xe,9,Trộn,50,10,0.7371754274857505,5.637593955827072
đổi xe,9,Chỉ đích,50,10,0.9107029765674477,12.718202704535543
đổi xe,9,Trộn,100,10,0.7462393721386528,5.803782099777948
đổi xe,9,Chỉ đích,100,10,0.9313276651406148,14.139208956296443
đổi xe,9,Trộn,200,10,0.7473757872638208,5.928083208637844
đổi xe,9,Chỉ đích,200,10,0.8775367389783065,11.055048406368797
đổi xe,9,Trộn,10,11,0.7331686226065472,5.540605024126819
đổi xe,9,Chỉ đích,10,11,0.9820877084620135,19.548815925272095
đổi xe,9,Trộn,25,11,0.7369077306733167,5.5843932201244115
đổi xe,9,Chỉ đích,25,11,0.9887780548628429,20.580133192816803
đổi xe,9,Trộn,50,11,0.7352754908169727,5.584423470545232
đổi xe,9,Chỉ đích,50,11,0.9373020899303357,14.713175873994132
đổi xe,9,Trộn,100,11,0.7410071942446043,5.740598909330231
đổi xe,9,Chỉ đích,100,11,0.8862001308044474,11.375815177703004
đổi xe,9,Trộn,200,11,0.7396780965710287,5.853640043712716
đổi xe,9,Chỉ đích,200,11,0.8789363191042687,11.078822544551656
đổi xe,9,Trộn,10,12,0.7368746139592341,5.560941004231722
đổi xe,9,Chỉ đích,10,12,0.9870290302655961,20.209134611211198
đổi xe,9,Trộn,25,12,0.7369077306733167,5.5843932201244115
đổi xe,9,Chỉ đích,25,12,0.9869077306733167,20.209134611211198
đổi xe,9,Trộn,50,12,0.7435085497150095,5.715098199828134
đổi xe,9,Chỉ đích,50,12,0.9658011399620012,16.85851596408419
đổi xe,9,Trộn,100,12,0.7462393721386528,5.803782099777948
đổi xe,9,Chỉ đích,100,12,0.9274035317200785,13.806279939236163
đổi xe,9,Trộn,200,12,0.7473757872638208,5.928083208637844
đổi xe,9,Chỉ đích,200,12,0.9111266620013996,12.624774152842036
đổi xe,9,Trộn,10,13,0.7362569487337863,5.551240232288308
đổi xe,9,Chỉ đích,10,13,0.9771463866584311,18.82473566252753
đổi xe,9,Trộn,25,13,0.7375311720698254,5.584423470545232
đổi xe,9,Chỉ đích,25,13,0.976932668329177,18.82473566252753
đổi xe,9,Trộn,50,13,0.7416086130462318,5.691304593791443
đổi xe,9,Chỉ đích,50,13,0.9563014566181127,15.955006582754606
đổi xe,9,Trộn,100,13,0.7475474166121648,5.819071543575035
đổi xe,9,Chỉ đích,100,13,0.9496402877697842,15.522814374666098
đổi xe,9,Trộn,200,13,0.7557732680195941,5.975634782743043
đổi xe,9,Chỉ đích,200,13,0.9258222533240028,13.727990666895721
đổi xe,9,Trộn,10,14,0.7362569487337863,5.551240232288308
đổi xe,9,Chỉ đích,10,14,0.8820259419394688,11.078822544551656
đổi xe,9,Trộn,25,14,0.7350374064837906,5.560941004231722
đổi xe,9,Chỉ đích,25,14,0.8908977556109726,11.690174217796823
đổi xe,9,Trộn,50,14,0.7346421785940469,5.5843932201244115
đổi xe,9,Chỉ đích,50,14,0.8708043065231159,10.720621944366968
đổi xe,9,Trộn,100,14,0.7383911052975801,5.715098199828134
đổi xe,9,Chỉ đích,100,14,0.8705035971223022,10.745883694118817
đổi xe,9,Trộn,200,14,0.7452764170748776,5.907490220688942
đổi xe,9,Chỉ đích,200,14,0.8789363191042687,11.078822544551656
đổi xe,9,Trộn,10,15,0.7368746139592341,5.560941004231722
đổi xe,9,Chỉ đích,10,15,0.9981470043236566,23.978333971478705
đổi xe,9,Trộn,25,15,0.7369077306733167,5.5843932201244115
đổi xe,9,Chỉ đích,25,15,0.9981296758104738,23.978333971478705
đổi xe,9,Trộn,50,15,0.7365421152628245,5.632741260815635
đổi xe,9,Chỉ đích,50,15,0.8739708676377455,10.826842736225217
đổi xe,9,Trộn,100,15,0.7442773054283846,5.770761979583938
đổi xe,9,Chỉ đích,100,15,0.842380640941792,9.524487117954578
đổi xe,9,Trộn,200,15,0.7466759972008398,5.919919952799461
đổi xe,9,Chỉ đích,200,15,0.85444366689993,10.161145342738877
đổi xe,9,Trộn,10,16,0.7313156269302038,5.525137434976784
đổi xe,9,Chỉ đích,10,16,0.6145768993205682,3.824132725314371
đổi xe,9,Trộn,25,16,0.7350374064837906,5.560941004231722
đổi xe,9,Chỉ đích,25,16,0.9314214463840399,14.3433769269638
đổi xe,9,Trộn,50,16,0.7365421152628245,5.632741260815635
đổi xe,9,Chỉ đích,50,16,0.8974034198860038,11.985997475374404
đổi xe,9,Trộn,100,16,0.7410071942446043,5.740598909330231
đổi xe,9,Chỉ đích,100,16,0.908436886854153,12.437338171200622
đổi xe,9,Trộn,200,16,0.7459762071378586,5.91486373890433
đổi xe,9,Chỉ đích,200,16,0.9090272918124562,12.437338171200622
đổi xe,9,Trộn,10,17,0.7368746139592341,5.560941004231722
đổi xe,9,Chỉ đích,10,17,0.9054972205064855,12.393907447565567
đổi xe,9,Trộn,25,17,0.7350374064837906,5.560941004231722
đổi xe,9,Chỉ đích,25,17,0.9046134663341646,12.393907447565567
đổi xe,9,Trộn,50,17,0.7397086763774541,5.666018704624378
đổi xe,9,Chỉ đích,50,17,0.902469917669411,12.279699837191998
đổi xe,9,Trộn,100,17,0.7442773054283846,5.770761979583938
đổi xe,9,Chỉ đích,100,17,0.8724656638325703,10.820136342964844
đổi xe,9,Trộn,200,17,0.7396780965710287,5.853640043712716
đổi xe,9,Chỉ đích,200,17,0.8796361091672499,11.146804069208855
đổi xe,9,Trộn,10,18,0.7362569487337863,5.551240232288308
đổi xe,9,Chỉ đích,10,18,0.8505250154416306,9.897463904863429
đổi xe,9,Trộn,25,18,0.7375311720698254,5.584423470545232
đổi xe,9,Chỉ đích,25,18,0.9613466334164589,16.39183866435451
đổi xe,9,Trộn,50,18,0.7460417986067132,5.740598909330231
đổi xe,9,Chỉ đích,50,18,0.9322355921469284,14.3433769269638
đổi xe,9,Trộn,100,18,0.7488554610856769,5.830624557701839
đổi xe,9,Chỉ đích,100,18,0.907128842380641,12.429972049951743
đổi xe,9,Trộn,200,18,0.7466759972008398,5.919919952799461
đổi xe,9,Chỉ đích,200,18,0.8796361091672499,11.146804069208855
đổi xe,9,Trộn,10,19,0.7393452748610253,5.584423470545232
đổi xe,9,Chỉ đích,10,19,0.9771463866584311,18.82473566252753
đổi xe,9,Trộn,25,19,0.7418952618453866,5.666018704624378
đổi xe,9,Chỉ đích,25,19,0.976932668329177,18.82473566252753
đổi xe,9,Trộn,50,19,0.7492083597213426,5.770761979583938
đổi xe,9,Chỉ đích,50,19,0.9784673844205193,18.82473566252753
đổi xe,9,Trộn,100,19,0.7475474166121648,5.819071543575035
đổi xe,9,Chỉ đích,100,19,0.9417920209287116,14.931709729300437
đổi xe,9,Trộn,200,19,0.7543736878936319,5.965901311229317
đổi xe,9,Chỉ đích,200,19,0.9573128061581525,15.733775998746978
đổi xe,10,Chỉ nguồn,10,0,0.8699311400153023,5.796425598240091
đổi xe,10,Trộn,10,0,0.8699311400153023,5.80116286432596
đổi xe,10,Chỉ đích,10,0,0.9977046671767407,17.477568875216946
đổi xe,10,Chỉ nguồn,25,0,0.868421052631579,5.796425598240091
đổi xe,10,Trộn,25,0,0.868421052631579,5.796425598240091
đổi xe,10,Chỉ đích,25,0,0.9976780185758514,17.477568875216946
đổi xe,10,Chỉ nguồn,50,0,0.8666140489344909,5.796425598240091
đổi xe,10,Trộn,50,0,0.8634569850039463,5.759638117947048
đổi xe,10,Chỉ đích,50,0,0.8650355169692187,5.774378648545991
đổi xe,10,Chỉ nguồn,100,0,0.8701725554642563,5.796425598240091
đổi xe,10,Trộn,100,0,0.8726376335250616,5.823312568829039
đổi xe,10,Chỉ đích,100,0,0.9309778142974527,8.128840452695044
đổi xe,10,Chỉ nguồn,200,0,0.8710832587287377,5.796425598240091
đổi xe,10,Trộn,200,0,0.8746642793196061,5.859720512152762
đổi xe,10,Chỉ đích,200,0,0.9140555058191585,7.347202256944485
đổi xe,10,Trộn,10,1,0.864575363427697,5.759638117947048
đổi xe,10,Chỉ đích,10,1,0.8630451415455241,5.702904690680299
đổi xe,10,Trộn,25,1,0.8622291021671826,5.756477681154877
đổi xe,10,Chỉ đích,25,1,0.8614551083591331,5.702904690680299
đổi xe,10,Trộn,50,1,0.8681925808997633,5.796425598240091
đổi xe,10,Chỉ đích,50,1,0.9344909234411997,8.333176092906115
đổi xe,10,Trộn,100,1,0.8718159408381265,5.820296054549175
đổi xe,10,Chỉ đích,100,1,0.9359079704190633,8.333176092906115
đổi xe,10,Trộn,200,1,0.8818263205013429,5.938409018554694
đổi xe,10,Chỉ đích,200,1,0.9346463742166518,8.13312507551494
đổi xe,10,Trộn,10,2,0.8699311400153023,5.80116286432596
đổi xe,10,Chỉ đích,10,2,0.964804896710023,10.81300616893894
đổi xe,10,Trộn,25,2,0.8691950464396285,5.80116286432596
đổi xe,10,Chỉ đích,25,2,0.9643962848297214,10.81300616893894
đổi xe,10,Trộn,50,2,0.8681925808997633,5.796425598240091
đổi xe,10,Chỉ đích,50,2,0.9005524861878453,6.995505024332175
đổi xe,10,Trộn,100,2,0.8619556285949055,5.759638117947048
đổi xe,10,Chỉ đích,100,2,0.8701725554642563,5.860777514151806
đổi xe,10,Trộn,200,2,0.873769024171889,5.841310051654403
đổi xe,10,Chỉ đích,200,2,0.900626678603402,6.995505024332175
đổi xe,10,Trộn,10,3,0.864575363427697,5.759638117947048
đổi xe,10,Chỉ đích,10,3,0.7651109410864575,4.121107976035546
đổi xe,10,Trộn,25,3,0.868421052631579,5.796425598240091
đổi xe,10,Chỉ đích,25,3,0.9760061919504643,12.439233407049187
đổi xe,10,Trộn,50,3,0.8689818468823993,5.80116286432596
đổi xe,10,Chỉ đích,50,3,0.9676400947119179,10.990614501756582
đổi xe,10,Trộn,100,3,0.8693508627773213,5.81028435408615
đổi xe,10,Chỉ đích,100,3,0.914543960558751,7.385006796410039
đổi xe,10,Trộn,200,3,0.873769024171889,5.841310051654403
đổi xe,10,Chỉ đích,200,3,0.9167412712623098,7.438977604716968
đổi xe,10,Trộn,10,4,0.864575363427697,5.759638117947048
đổi xe,10,Chỉ đích,10,4,0.8102524866105585,4.777264524860186
đổi xe,10,Trộn,25,4,0.868421052631579,5.796425598240091
đổi xe,10,Chỉ đích,25,4,0.9318885448916409,8.251127414522458
đổi xe,10,Trộn,50,4,0.8689818468823993,5.80116286432596
đổi xe,10,Chỉ đích,50,4,0.8973954222573007,6.943484354888824
đổi xe,10,Trộn,100,4,0.8635990139687757,5.770963862463134
đổi xe,10,Chỉ đích,100,4,0.8718159408381265,5.917338539200614
đổi xe,10,Trộn,200,4,0.8639212175470009,5.796425598240091
đổi xe,10,Chỉ đích,200,4,0.8719785138764548,5.956779759649095
đổi xe,10,Trộn,10,5,0.8691660290742158,5.796425598240091
đổi xe,10,Chỉ đích,10,5,0.882938026013772,6.261509433541249
đổi xe,10,Trộn,25,5,0.8637770897832817,5.759638117947048
đổi xe,10,Chỉ đích,25,5,0.881578947368421,6.261509433541249
đổi xe,10,Trộn,50,5,0.8689818468823993,5.80116286432596
đổi xe,10,Chỉ đích,50,5,0.8902920284135754,6.625616568106153
đổi xe,10,Trộn,100,5,0.8759244042728019,5.841310051654403
đổi xe,10,Chỉ đích,100,5,0.923582580115037,7.727227830329184
đổi xe,10,Trộn,200,5,0.8764547896150403,5.86452029153844
đổi xe,10,Chỉ đích,200,5,0.9167412712623098,7.438977604716968
đổi xe,10,Trộn,10,6,0.8722264728385616,5.811456877843568
đổi xe,10,Chỉ đích,10,6,0.9793420045906657,13.058771352539111
đổi xe,10,Trộn,25,6,0.8761609907120743,5.83814296242042
đổi xe,10,Chỉ đích,25,6,0.9992260061919505,21.14519272249953
đổi xe,10,Trộn,50,6,0.8768745067087609,5.841310051654403
đổi xe,10,Chỉ đích,50,6,0.9707971586424625,11.278179664894424
đổi xe,10,Trộn,100,6,0.8759244042728019,5.841310051654403
đổi xe,10,Chỉ đích,100,6,0.9391947411668036,8.681849106720676
đổi xe,10,Trộn,200,6,0.873769024171889,5.841310051654403
đổi xe,10,Chỉ đích,200,6,0.9140555058191585,7.347202256944485
đổi xe,10,Trộn,10,7,0.8699311400153023,5.80116286432596
đổi xe,10,Chỉ đích,10,7,0.9716908951798011,11.848139138454826
đổi xe,10,Trộn,25,7,0.871517027863777,5.811456877843568
đổi xe,10,Chỉ đích,25,7,0.9713622291021672,11.848139138454826
đổi xe,10,Trộn,50,7,0.8713496448303079,5.811456877843568
đổi xe,10,Chỉ đích,50,7,0.9171270718232044,7.524269340975337
đổi xe,10,Trộn,100,7,0.8718159408381265,5.820296054549175
đổi xe,10,Chỉ đích,100,7,0.9071487263763353,7.231839690170972
đổi xe,10,Trộn,200,7,0.8764547896150403,5.86452029153844
đổi xe,10,Chỉ đích,200,7,0.9068934646374217,7.174665228949749
đổi xe,10,Trộn,10,8,0.8691660290742158,5.796425598240091
đổi xe,10,Chỉ đích,10,8,0.8859984697781178,6.318791698702057
đổi xe,10,Trộn,25,8,0.868421052631579,5.796425598240091
đổi xe,10,Chỉ đích,25,8,0.9558823529411765,10.051767731531399
đổi xe,10,Trộn,50,8,0.8681925808997633,5.796425598240091
đổi xe,10,Chỉ đích,50,8,0.898973954222573,6.975066816368951
đổi xe,10,Trộn,100,8,0.8701725554642563,5.811456877843568
đổi xe,10,Chỉ đích,100,8,0.913722267871816,7.366231769929215
đổi xe,10,Trộn,200,8,0.873769024171889,5.841310051654403
đổi xe,10,Chỉ đích,200,8,0.8979409131602507,6.965472645399359
đổi xe,10,Trộn,10,9,0.8722264728385616,5.811456877843568
đổi xe,10,Chỉ đích,10,9,0.9709257842387146,11.812687783895285
đổi xe,10,Trộn,25,9,0.8730650154798761,5.820296054549175
đổi xe,10,Chỉ đích,25,9,0.9705882352941176,11.812687783895285
đổi xe,10,Trộn,50,9,0.8737174427782163,5.823312568829039
đổi xe,10,Chỉ đích,50,9,0.9558011049723757,9.937785108326125
đổi xe,10,Trộn,100,9,0.876746096959737,5.859720512152762
đổi xe,10,Chỉ đích,100,9,0.9548069022185702,9.715675406812068
đổi xe,10,Trộn,200,9,0.8800358102059087,5.903959839304775
đổi xe,10,Chỉ đích,200,9,0.928379588182632,7.923823034215815
đổi xe,10,Trộn,10,10,0.8691660290742158,5.796425598240091
đổi xe,10,Chỉ đích,10,10,0.9984697781178271,19.025756178867653
đổi xe,10,Trộn,25,10,0.871517027863777,5.811456877843568
đổi xe,10,Chỉ đích,25,10,0.9984520123839009,19.025756178867653
đổi xe,10,Trộn,50,10,0.8713496448303079,5.811456877843568
đổi xe,10,Chỉ đích,50,10,0.9573796369376479,10.051767731531399
đổi xe,10,Trộn,100,10,0.8677074774034511,5.80116286432596
đổi xe,10,Chỉ đích,100,10,0.9013968775677896,7.01808821134648
đổi xe,10,Trộn,200,10,0.8701880035810206,5.823312568829039
đổi xe,10,Chỉ đích,200,10,0.9167412712623098,7.438977604716968
đổi xe,10,Trộn,10,11,0.8722264728385616,5.811456877843568
đổi xe,10,Chỉ đích,10,11,0.9846977811782709,13.844610379279004
đổi xe,10,Trộn,25,11,0.8730650154798761,5.820296054549175
đổi xe,10,Chỉ đích,25,11,0.9845201238390093,13.844610379279004
đổi xe,10,Trộn,50,11,0.8729281767955801,5.820296054549175
đổi xe,10,Chỉ đích,50,11,0.9510655090765588,9.602869234525187
đổi xe,10,Trộn,100,11,0.8742810188989318,5.832709212239536
đổi xe,10,Chỉ đích,100,11,0.9030402629416598,7.07308360973272
đổi xe,10,Trộn,200,11,0.8719785138764548,5.832709212239536
đổi xe,10,Chỉ đích,200,11,0.8925693822739481,6.7971329122307225
đổi xe,10,Trộn,10,12,0.8684009181331293,5.775450523889873
đổi xe,10,Chỉ đích,10,12,0.8684009181331293,5.775450523889873
đổi xe,10,Trộn,25,12,0.868421052631579,5.796425598240091
đổi xe,10,Chỉ đích,25,12,0.978328173374613,12.873437938421546
đổi xe,10,Trộn,50,12,0.8681925808997633,5.796425598240091
đổi xe,10,Chỉ đích,50,12,0.9005524861878453,6.995505024332175
đổi xe,10,Trộn,100,12,0.8751027115858668,5.83814296242042
đổi xe,10,Chỉ đích,100,12,0.9260476581758422,7.923823034215815
đổi xe,10,Trộn,200,12,0.8719785138764548,5.832709212239536
đổi xe,10,Chỉ đích,200,12,0.9068934646374217,7.174665228949749
đổi xe,10,Trộn,10,13,0.8699311400153023,5.80116286432596
đổi xe,10,Chỉ đích,10,13,0.9778117827084928,12.809003741402975
đổi xe,10,Trộn,25,13,0.871517027863777,5.811456877843568
đổi xe,10,Chỉ đích,25,13,0.9775541795665634,12.809003741402975
đổi xe,10,Trộn,50,13,0.8713496448303079,5.811456877843568
đổi xe,10,Chỉ đích,50,13,0.941594317284925,8.849048122512741
đổi xe,10,Trộn,100,13,0.8701725554642563,5.811456877843568
đổi xe,10,Chỉ đích,100,13,0.9071487263763353,7.231839690170972
đổi xe,10,Trộn,200,13,0.8675022381378693,5.811456877843568
đổi xe,10,Chỉ đích,200,13,0.9077887197851388,7.231839690170972
đổi xe,10,Trộn,10,14,0.864575363427697,5.759638117947048
đổi xe,10,Chỉ đích,10,14,0.8469778117827085,5.361708469112699
đổi xe,10,Trộn,25,14,0.8637770897832817,5.759638117947048
đổi xe,10,Chỉ đích,25,14,0.9071207430340558,7.24679151329633
đổi xe,10,Trộn,50,14,0.8689818468823993,5.80116286432596
đổi xe,10,Chỉ đích,50,14,0.9368587213891081,8.593324406207842
đổi xe,10,Trộn,100,14,0.8751027115858668,5.83814296242042
đổi xe,10,Chỉ đích,100,14,0.9416598192276089,8.70236000077665
đổi xe,10,Trộn,200,14,0.8773500447627574,5.876063646375826
đổi xe,10,Chỉ đích,200,14,0.9131602506714414,7.330221363740776
đổi xe,10,Trộn,10,15,0.8722264728385616,5.811456877843568
đổi xe,10,Chỉ đích,10,15,0.9931140015302219,16.45836694343683
đổi xe,10,Trộn,25,15,0.871517027863777,5.811456877843568
đổi xe,10,Chỉ đích,25,15,0.9930340557275542,16.45836694343683
đổi xe,10,Trộn,50,15,0.8689818468823993,5.80116286432596
đổi xe,10,Chỉ đích,50,15,0.9644830307813733,10.716040396707157
đổi xe,10,Trộn,100,15,0.8701725554642563,5.811456877843568
đổi xe,10,Chỉ đích,100,15,0.9219391947411668,7.603467401850992
đổi xe,10,Trộn,200,15,0.864816472694718,5.80116286432596
đổi xe,10,Chỉ đích,200,15,0.8943598925693823,6.8211068570963675
đổi xe,10,Trộn,10,16,0.864575363427697,5.759638117947048
đổi xe,10,Chỉ đích,10,16,0.8064269319051263,4.739910591827879
đổi xe,10,Trộn,25,16,0.8637770897832817,5.759638117947048
đổi xe,10,Chỉ đích,25,16,0.9388544891640866,8.70236000077665
đổi xe,10,Trộn,50,16,0.8681925808997633,5.796425598240091
đổi xe,10,Chỉ đích,50,16,0.9108129439621152,7.326245472849138
đổi xe,10,Trộn,100,16,0.8726376335250616,5.823312568829039
đổi xe,10,Chỉ đích,100,16,0.9449465899753492,9.014701491759965
đổi xe,10,Trộn,200,16,0.873769024171889,5.841310051654403
đổi xe,10,Chỉ đích,200,16,0.900626678603402,6.995505024332175
đổi xe,10,Trộn,10,17,0.8699311400153023,5.80116286432596
đổi xe,10,Chỉ đích,10,17,0.990053557765876,15.32859777623355
đổi xe,10,Trộn,25,17,0.871517027863777,5.811456877843568
đổi xe,10,Chỉ đích,25,17,0.989938080495356,15.32859777623355
đổi xe,10,Trộn,50,17,0.8689818468823993,5.80116286432596
đổi xe,10,Chỉ đích,50,17,0.8895027624309392,6.580265749463962
đổi xe,10,Trộn,100,17,0.8718159408381265,5.820296054549175
đổi xe,10,Chỉ đích,100,17,0.9071487263763353,7.231839690170972
đổi xe,10,Trộn,200,17,0.8675022381378693,5.811456877843568
đổi xe,10,Chỉ đích,200,17,0.8746642793196061,6.055346718178896
đổi xe,10,Trộn,10,18,0.8691660290742158,5.796425598240091
đổi xe,10,Chỉ đích,10,18,0.8928844682478959,6.766882475207211
đổi xe,10,Trộn,25,18,0.8691950464396285,5.80116286432596
đổi xe,10,Chỉ đích,25,18,0.891640866873065,6.766882475207211
đổi xe,10,Trộn,50,18,0.8705603788476717,5.81028435408615
đổi xe,10,Chỉ đích,50,18,0.8918705603788477,6.766882475207211
đổi xe,10,Trộn,100,18,0.8677074774034511,5.80116286432596
đổi xe,10,Chỉ đích,100,18,0.8898931799506984,6.625616568106153
đổi xe,10,Trộn,200,18,0.8764547896150403,5.86452029153844
đổi xe,10,Chỉ đích,200,18,0.9230080572963295,7.584255803493932
đổi xe,10,Trộn,10,19,0.864575363427697,5.759638117947048
đổi xe,10,Chỉ đích,10,19,0.8638102524866106,5.752195148941752
đổi xe,10,Trộn,25,19,0.8637770897832817,5.759638117947048
đổi xe,10,Chỉ đích,25,19,0.9821981424148607,13.419667085828962
đổi xe,10,Trộn,50,19,0.8689818468823993,5.80116286432596
đổi xe,10,Chỉ đích,50,19,0.9723756906077348,11.812687783895285
đổi xe,10,Trộn,100,19,0.8759244042728019,5.841310051654403
đổi xe,10,Chỉ đích,100,19,0.9449465899753492,9.014701491759965
đổi xe,10,Trộn,200,19,0.8764547896150403,5.86452029153844
đổi xe,10,Chỉ đích,200,19,0.9319606087735004,8.028359664040067
đổi xe,11,Chỉ nguồn,10,0,0.8773281952472703,5.653626933066448
đổi xe,11,Trộn,10,0,0.8773281952472703,5.653626933066448
đổi xe,11,Chỉ đích,10,0,0.9177906229929351,6.982172519455645
đổi xe,11,Chỉ nguồn,25,0,0.8780804150453956,5.653626933066448
đổi xe,11,Trộn,25,0,0.8780804150453956,5.665493707037115
đổi xe,11,Chỉ đích,25,0,0.993514915693904,14.378137823463007
đổi xe,11,Chỉ nguồn,50,0,0.8787079762689519,5.653626933066448
đổi xe,11,Trộn,50,0,0.8793671720500988,5.671282027558959
đổi xe,11,Chỉ đích,50,0,0.9314436387607119,7.530595210968528
đổi xe,11,Chỉ nguồn,100,0,0.8766189502385822,5.653626933066448
đổi xe,11,Trộn,100,0,0.8766189502385822,5.6636749729738085
đổi xe,11,Chỉ đích,100,0,0.9093387866394002,6.508286791811315
đổi xe,11,Chỉ nguồn,200,0,0.8792977322604243,5.653626933066448
đổi xe,11,Trộn,200,0,0.8822238478419897,5.7214247256111435
đổi xe,11,Chỉ đích,200,0,0.9253840526700805,7.172303776573585
đổi xe,11,Trộn,10,1,0.8773281952472703,5.653626933066448
đổi xe,11,Chỉ đích,10,1,0.8965960179833012,6.164637545072139
đổi xe,11,Trộn,25,1,0.877431906614786,5.6636749729738085
đổi xe,11,Chỉ đích,25,1,0.9844357976653697,12.0835915101066
đổi xe,11,Trộn,50,1,0.8773895847066578,5.6636749729738085
đổi xe,11,Chỉ đích,50,1,0.9492419248516809,8.36813442183896
đổi xe,11,Trộn,100,1,0.8786639400136332,5.671282027558959
đổi xe,11,Chỉ đích,100,1,0.9461486025903204,8.26977376870866
đổi xe,11,Trộn,200,1,0.8873445501097293,5.751264341001274
đổi xe,11,Chỉ đích,200,1,0.9400146305779078,7.966074165891655
đổi xe,11,Trộn,10,2,0.8773281952472703,5.653626933066448
đổi xe,11,Chỉ đích,10,2,0.9511881824020553,8.445114007841198
đổi xe,11,Trộn,25,2,0.8813229571984436,5.686979613543997
đổi xe,11,Chỉ đích,25,2,0.9889753566796369,13.287444297642367
đổi xe,11,Trộn,50,2,0.8773895847066578,5.6636749729738085
đổi xe,11,Chỉ đích,50,2,0.9571522742254449,8.799745415581526
đổi xe,11,Trộn,100,2,0.8711656441717791,5.631808474145714
đổi xe,11,Chỉ đích,100,2,0.8282208588957055,5.001053606305817
đổi xe,11,Trộn,200,2,0.8792977322604243,5.686979613543997
đổi xe,11,Chỉ đích,200,2,0.9144111192392099,6.6565429324001
đổi xe,11,Trộn,10,3,0.8773281952472703,5.653626933066448
đổi xe,11,Chỉ đích,10,3,0.993577392421323,14.378137823463007
đổi xe,11,Trộn,25,3,0.8813229571984436,5.686979613543997
đổi xe,11,Chỉ đích,25,3,0.993514915693904,14.378137823463007
đổi xe,11,Trộn,50,3,0.8839815425181279,5.7214247256111435
đổi xe,11,Chỉ đích,50,3,0.970336189848385,10.250838565779361
đổi xe,11,Trộn,100,3,0.8841172460804363,5.722162210131472
đổi xe,11,Chỉ đích,100,3,0.9441036128152692,8.17809528134083
đổi xe,11,Trộn,200,3,0.8822238478419897,5.7214247256111435
đổi xe,11,Chỉ đích,200,3,0.9151426481346013,6.736177180716368
đổi xe,11,Trộn,10,4,0.8779704560051381,5.6636749729738085
đổi xe,11,Chỉ đích,10,4,0.9666024405908799,9.714339532438402
đổi xe,11,Trộn,25,4,0.8780804150453956,5.665493707037115
đổi xe,11,Chỉ đích,25,4,0.9662775616083009,9.714339532438402
đổi xe,11,Trộn,50,4,0.8813447593935398,5.686979613543997
đổi xe,11,Chỉ đích,50,4,0.9123269611074489,6.5937483879248475
đổi xe,11,Trộn,100,4,0.8813905930470347,5.701215413411489
đổi xe,11,Chỉ đích,100,4,0.907293796864349,6.438586421607965
đổi xe,11,Trộn,200,4,0.8814923189465984,5.713653974244664
đổi xe,11,Chỉ đích,200,4,0.9078273591806877,6.438586421607965
đổi xe,11,Trộn,10,5,0.8779704560051381,5.6636749729738085
đổi xe,11,Chỉ đích,10,5,0.9666024405908799,9.714339532438402
đổi xe,11,Trộn,25,5,0.8780804150453956,5.665493707037115
đổi xe,11,Chỉ đích,25,5,0.9902723735408561,13.390363909686002
đổi xe,11,Trộn,50,5,0.8767303889255109,5.653626933066448
đổi xe,11,Chỉ đích,50,5,0.9380355965721819,8.039923146214903
đổi xe,11,Trộn,100,5,0.8704839809134287,5.630520009508075
đổi xe,11,Chỉ đích,100,5,0.8548057259713702,5.355105860580693
đổi xe,11,Trộn,200,5,0.8741770299926848,5.653626933066448
đổi xe,11,Chỉ đích,200,5,0.8939283101682517,6.133135839202595
đổi xe,11,Trộn,10,6,0.8773281952472703,5.653626933066448
đổi xe,11,Chỉ đích,10,6,0.9743095696852923,10.563192582387785
đổi xe,11,Trộn,25,6,0.8767833981841764,5.653626933066448
đổi xe,11,Chỉ đích,25,6,0.9974059662775616,17.308102827167104
đổi xe,11,Trộn,50,6,0.8773895847066578,5.6636749729738085
đổi xe,11,Chỉ đích,50,6,0.912986156888596,6.6565429324001
đổi xe,11,Trộn,100,6,0.8773006134969326,5.665493707037115
đổi xe,11,Chỉ đích,100,6,0.8936605316973415,6.123011769434157
đổi xe,11,Trộn,200,6,0.8800292611558157,5.701215413411489
đổi xe,11,Chỉ đích,200,6,0.8939283101682517,6.133135839202595
đổi xe,11,Trộn,10,7,0.8779704560051381,5.6636749729738085
đổi xe,11,Chỉ đích,10,7,0.993577392421323,14.378137823463007
đổi xe,11,Trộn,25,7,0.877431906614786,5.6636749729738085
đổi xe,11,Chỉ đích,25,7,1.0,25.819831155114215
đổi xe,11,Trộn,50,7,0.8767303889255109,5.653626933066448
đổi xe,11,Chỉ đích,50,7,0.9241924851680949,7.191611557978831
đổi xe,11,Trộn,100,7,0.8841172460804363,5.722162210131472
đổi xe,11,Chỉ đích,100,7,0.9611451942740287,8.917807610579672
đổi xe,11,Trộn,200,7,0.8851499634235552,5.728189336617845
đổi xe,11,Chỉ đích,200,7,0.9334308705193856,7.445839998678082
đổi xe,11,Trộn,10,8,0.8779704560051381,5.6636749729738085
đổi xe,11,Chỉ đích,10,8,0.9126525369299936,6.5937483879248475
đổi xe,11,Trộn,25,8,0.877431906614786,5.6636749729738085
đổi xe,11,Chỉ đích,25,8,0.9610894941634242,9.151614379516218
đổi xe,11,Trộn,50,8,0.8767303889255109,5.653626933066448
đổi xe,11,Chỉ đích,50,8,0.9123269611074489,6.5937483879248475
đổi xe,11,Trộn,100,8,0.8759372869802318,5.653626933066448
đổi xe,11,Chỉ đích,100,8,0.8882072256305386,5.894698474192381
đổi xe,11,Trộn,200,8,0.8771031455742502,5.671282027558959
đổi xe,11,Chỉ đích,200,8,0.8997805413313826,6.223524136766997
đổi xe,11,Trộn,10,9,0.8734746307000643,5.632505772569431
đổi xe,11,Chỉ đích,10,9,0.8644829800899165,5.474242374580911
đổi xe,11,Trộn,25,9,0.8722438391699092,5.631808474145714
đổi xe,11,Chỉ đích,25,9,0.8631647211413749,5.474242374580911
đổi xe,11,Trộn,50,9,0.8714568226763348,5.630520009508075
đổi xe,11,Chỉ đích,50,9,0.8483849703361899,5.243516144459306
đổi xe,11,Trộn,100,9,0.8711656441717791,5.631808474145714
đổi xe,11,Chỉ đích,100,9,0.8616223585548739,5.474242374580911
đổi xe,11,Trộn,200,9,0.8771031455742502,5.671282027558959
đổi xe,11,Chỉ đích,200,9,0.9005120702267739,6.23985932333008
đổi xe,11,Trộn,10,10,0.8773281952472703,5.653626933066448
đổi xe,11,Chỉ đích,10,10,0.9210019267822736,7.08882697058047
đổi xe,11,Trộn,25,10,0.8767833981841764,5.653626933066448
đổi xe,11,Chỉ đích,25,10,0.9202334630350194,7.08882697058047
đổi xe,11,Trộn,50,10,0.8727752142386289,5.632505772569431
đổi xe,11,Chỉ đích,50,10,0.8793671720500988,5.723469263082848
đổi xe,11,Trộn,100,10,0.880027266530334,5.676929269429138
đổi xe,11,Chỉ đích,100,10,0.9277436946148603,7.289372210828958
đổi xe,11,Trộn,200,10,0.8836869056327725,5.723469263082848
đổi xe,11,Chỉ đích,200,10,0.9400146305779078,7.966074165891655
đổi xe,11,Trộn,10,11,0.8734746307000643,5.632505772569431
đổi xe,11,Chỉ đích,10,11,0.6351958895311497,2.813790671863785
đổi xe,11,Trộn,25,11,0.8767833981841764,5.653626933066448
đổi xe,11,Chỉ đích,25,11,0.9714656290531777,10.487858204675149
đổi xe,11,Trộn,50,11,0.8839815425181279,5.7214247256111435
đổi xe,11,Chỉ đích,50,11,0.976268951878708,10.640270867329775
đổi xe,11,Trộn,100,11,0.8834355828220859,5.7214247256111435
đổi xe,11,Chỉ đích,100,11,0.9584185412406271,8.746497751494957
đổi xe,11,Trộn,200,11,0.8822238478419897,5.7214247256111435
đổi xe,11,Chỉ đích,200,11,0.9151426481346013,6.736177180716368
đổi xe,11,Trộn,10,12,0.8734746307000643,5.632505772569431
đổi xe,11,Chỉ đích,10,12,0.7931920359666025,4.4069449372468625
đổi xe,11,Trộn,25,12,0.8728923476005188,5.632505772569431
đổi xe,11,Chỉ đích,25,12,0.9974059662775616,17.308102827167104
đổi xe,11,Trộn,50,12,0.8773895847066578,5.6636749729738085
đổi xe,11,Chỉ đích,50,12,0.9393539881344759,8.117748019748262
đổi xe,11,Trộn,100,12,0.8807089297886844,5.686979613543997
đổi xe,11,Chỉ đích,100,12,0.9529652351738241,8.441055478050572
đổi xe,11,Trộn,200,12,0.8800292611558157,5.701215413411489
đổi xe,11,Chỉ đích,200,12,0.9275786393562546,7.191781879059704
đổi xe,11,Trộn,10,13,0.8773281952472703,5.653626933066448
đổi xe,11,Chỉ đích,10,13,0.9762363519588954,10.855954958224842
đổi xe,11,Trộn,25,13,0.8728923476005188,5.632505772569431
đổi xe,11,Chỉ đích,25,13,0.9760051880674449,10.855954958224842
đổi xe,11,Trộn,50,13,0.8773895847066578,5.6636749729738085
đổi xe,11,Chỉ đích,50,13,0.9334212261041529,7.796648037832796
đổi xe,11,Trộn,100,13,0.8773006134969326,5.665493707037115
đổi xe,11,Chỉ đích,100,13,0.9366053169734151,7.86378099068682
đổi xe,11,Trộn,200,13,0.8771031455742502,5.671282027558959
đổi xe,11,Chỉ đích,200,13,0.9239209948792977,7.166780112399437
đổi xe,11,Trộn,10,14,0.8798972382787412,5.671282027558959
đổi xe,11,Chỉ đích,10,14,1.0,25.819831155114215
đổi xe,11,Trộn,25,14,0.8813229571984436,5.686979613543997
đổi xe,11,Chỉ đích,25,14,1.0,25.819831155114215
đổi xe,11,Trộn,50,14,0.8820039551746869,5.701215413411489
đổi xe,11,Chỉ đích,50,14,0.98022412656559,11.209220500067559
đổi xe,11,Trộn,100,14,0.8841172460804363,5.722162210131472
đổi xe,11,Chỉ đích,100,14,0.9659168370824812,9.216768644323679
đổi xe,11,Trộn,200,14,0.8851499634235552,5.728189336617845
đổi xe,11,Chỉ đích,200,14,0.9436722750548646,8.117748019748262
đổi xe,11,Trộn,10,15,0.8734746307000643,5.632505772569431
đổi xe,11,Chỉ đích,10,15,0.8118175979447656,4.668312445746551
đổi xe,11,Trộn,25,15,0.877431906614786,5.6636749729738085
đổi xe,11,Chỉ đích,25,15,0.9662775616083009,9.714339532438402
đổi xe,11,Trộn,50,15,0.8780487804878049,5.665493707037115
đổi xe,11,Chỉ đích,50,15,0.9439683586025049,8.219708971354152
đổi xe,11,Trộn,100,15,0.8807089297886844,5.686979613543997
đổi xe,11,Chỉ đích,100,15,0.9441036128152692,8.17809528134083
đổi xe,11,Trộn,200,15,0.8924652523774689,5.794418353407082
đổi xe,11,Chỉ đích,200,15,0.936356986100951,7.782084538374619
đổi xe,11,Trộn,10,16,0.8754014129736674,5.642604377905116
đổi xe,11,Chỉ đích,10,16,0.8754014129736674,5.642604377905116
đổi xe,11,Trộn,25,16,0.8780804150453956,5.665493707037115
đổi xe,11,Chỉ đích,25,16,0.9844357976653697,12.0835915101066
đổi xe,11,Trộn,50,16,0.8767303889255109,5.653626933066448
đổi xe,11,Chỉ đích,50,16,0.955833882663151,8.731182555000743
đổi xe,11,Trộn,100,16,0.8786639400136332,5.671282027558959
đổi xe,11,Chỉ đích,100,16,0.9420586230402181,8.133908890335647
đổi xe,11,Trộn,200,16,0.8910021945866862,5.77313115989665
đổi xe,11,Chỉ đích,200,16,0.9414776883686906,7.981836860684012
đổi xe,11,Trộn,10,17,0.8798972382787412,5.671282027558959
đổi xe,11,Chỉ đích,10,17,0.9929351316634554,14.364970856843215
đổi xe,11,Trộn,25,17,0.8813229571984436,5.686979613543997
đổi xe,11,Chỉ đích,25,17,0.9928664072632944,14.364970856843215
đổi xe,11,Trộn,50,17,0.8773895847066578,5.6636749729738085
đổi xe,11,Chỉ đích,50,17,0.955833882663151,8.731182555000743
đổi xe,11,Trộn,100,17,0.8766189502385822,5.6636749729738085
đổi xe,11,Chỉ đích,100,17,0.9188820722563054,7.01506397753019
đổi xe,11,Trộn,200,17,0.8822238478419897,5.7214247256111435
đổi xe,11,Chỉ đích,200,17,0.916605705925384,6.795907417247491
đổi xe,11,Trộn,10,18,0.8786127167630058,5.665493707037115
đổi xe,11,Chỉ đích,10,18,0.9608220937700707,9.133527109183603
đổi xe,11,Trộn,25,18,0.877431906614786,5.6636749729738085
đổi xe,11,Chỉ đích,25,18,0.9604409857328146,9.133527109183603
đổi xe,11,Trộn,50,18,0.8787079762689519,5.670845276847757
đổi xe,11,Chỉ đích,50,18,0.9294660514172709,7.415555706089833
đổi xe,11,Trộn,100,18,0.8861622358554874,5.728189336617845
đổi xe,11,Chỉ đích,100,18,0.9556918882072256,8.613405512203911
đổi xe,11,Trộn,200,18,0.8822238478419897,5.7214247256111435
đổi xe,11,Chỉ đích,200,18,0.9326993416239941,7.415555706089833
đổi xe,11,Trộn,10,19,0.8773281952472703,5.653626933066448
đổi xe,11,Chỉ đích,10,19,0.9723827874116892,10.491703569812316
đổi xe,11,Trộn,25,19,0.877431906614786,5.6636749729738085
đổi xe,11,Chỉ đích,25,19,0.9779507133592736,11.125630459490708
đổi xe,11,Trộn,50,19,0.8767303889255109,5.653626933066448
đổi xe,11,Chỉ đích,50,19,0.942649967040211,8.17809528134083
đổi xe,11,Trộn,100,19,0.8766189502385822,5.6636749729738085
đổi xe,11,Chỉ đích,100,19,0.9154737559645535,6.795907417247491
đổi xe,11,Trộn,200,19,0.8741770299926848,5.653626933066448
đổi xe,11,Chỉ đích,200,19,0.8778346744696416,5.725688680999468
đổi xe,12,Chỉ nguồn,10,0,0.8691468890314304,5.68260296957385
đổi xe,12,Trộn,10,0,0.8691468890314304,5.6926171670360475
đổi xe,12,Chỉ đích,10,0,0.90891597177678,6.967125404814453
đổi xe,12,Chỉ nguồn,25,0,0.8691709844559585,5.68260296957385
đổi xe,12,Trộn,25,0,0.8691709844559585,5.707153099081751
đổi xe,12,Chỉ đích,25,0,0.957901554404145,9.66976641271873
đổi xe,12,Chỉ nguồn,50,0,0.8703094140882159,5.68260296957385
đổi xe,12,Trộn,50,0,0.8709677419354839,5.726763509646474
đổi xe,12,Chỉ đích,50,0,0.9302172481895984,7.912949878568014
đổi xe,12,Chỉ nguồn,100,0,0.8679373723621511,5.68260296957385
đổi xe,12,Trộn,100,0,0.8679373723621511,5.707153099081751
đổi xe,12,Chỉ đích,100,0,0.9053778080326753,6.87003501885485
đổi xe,12,Chỉ nguồn,200,0,0.872899926953981,5.68260296957385
đổi xe,12,Trộn,200,0,0.8758217677136596,5.779463172014317
đổi xe,12,Chỉ đích,200,0,0.929145361577794,7.72900903854628
đổi xe,12,Trộn,10,1,0.8678640153944837,5.681974606863179
đổi xe,12,Chỉ đích,10,1,0.7947402180885182,4.3996428159962875
đổi xe,12,Trộn,25,1,0.8678756476683938,5.68260296957385
đổi xe,12,Chỉ đích,25,1,0.9805699481865285,12.385986207098028
đổi xe,12,Trộn,50,1,0.8683344305464121,5.6926171670360475
đổi xe,12,Chỉ đích,50,1,0.9137590520079,7.13076514075297
đổi xe,12,Trộn,100,1,0.866575901974132,5.68260296957385
đổi xe,12,Chỉ đích,100,1,0.8917631041524847,6.445967086637864
đổi xe,12,Trộn,200,1,0.8641344046749452,5.68260296957385
đổi xe,12,Chỉ đích,200,1,0.8736303871439006,5.962232607469929
đổi xe,12,Trộn,10,2,0.8678640153944837,5.681974606863179
đổi xe,12,Chỉ đích,10,2,0.8082103912764592,4.540345788599836
đổi xe,12,Trộn,25,2,0.8685233160621761,5.6926171670360475
đổi xe,12,Chỉ đích,25,2,0.977979274611399,11.66524554349462
đổi xe,12,Trộn,50,2,0.8689927583936801,5.707153099081751
đổi xe,12,Chỉ đích,50,2,0.9157340355497038,7.171869427921791
đổi xe,12,Trộn,100,2,0.866575901974132,5.68260296957385
đổi xe,12,Chỉ đích,100,2,0.8849557522123894,6.3079015275608015
đổi xe,12,Trộn,200,2,0.8699780861943024,5.738756293402702
đổi xe,12,Chỉ đích,200,2,0.8940832724616509,6.507402420343055
đổi xe,12,Trộn,10,3,0.8678640153944837,5.681974606863179
đổi xe,12,Chỉ đích,10,3,0.6959589480436177,3.1963639068161456
đổi xe,12,Trộn,25,3,0.8698186528497409,5.724138996181182
đổi xe,12,Chỉ đích,25,3,0.947538860103627,8.812744464741684
đổi xe,12,Trộn,50,3,0.869651086240948,5.724138996181182
đổi xe,12,Chỉ đích,50,3,0.9354838709677419,8.185098886886863
đổi xe,12,Trộn,100,3,0.8706603131381893,5.734209727685766
đổi xe,12,Chỉ đích,100,3,0.9251191286589516,7.605246708214366
đổi xe,12,Trộn,200,3,0.870708546384222,5.740404541738968
đổi xe,12,Chỉ đích,200,3,0.8984660336011687,6.738344589695828
đổi xe,12,Trộn,10,4,0.8691468890314304,5.6926171670360475
đổi xe,12,Chỉ đích,10,4,0.9448364336112893,8.625054064251401
đổi xe,12,Trộn,25,4,0.8698186528497409,5.724138996181182
đổi xe,12,Chỉ đích,25,4,0.9650259067357513,10.367401919844056
đổi xe,12,Trộn,50,4,0.869651086240948,5.724138996181182
đổi xe,12,Chỉ đích,50,4,0.9302172481895984,7.912949878568014
đổi xe,12,Trộn,100,4,0.8706603131381893,5.734209727685766
đổi xe,12,Chỉ đích,100,4,0.9257998638529612,7.656110595160584
đổi xe,12,Trộn,200,4,0.8677867056245434,5.726763509646474
đổi xe,12,Chỉ đích,200,4,0.9181884587289992,7.177446334003918
đổi xe,12,Trộn,10,5,0.868505452212957,5.68260296957385
đổi xe,12,Chỉ đích,10,5,0.8697883258499037,5.740493626450046
đổi xe,12,Trộn,25,5,0.8685233160621761,5.6926171670360475
đổi xe,12,Chỉ đích,25,5,0.9727979274611399,11.04539924316407
đổi xe,12,Trộn,50,5,0.869651086240948,5.724138996181182
đổi xe,12,Chỉ đích,50,5,0.955892034233048,9.255780921108851
đổi xe,12,Trộn,100,5,0.8686181075561606,5.724138996181182
đổi xe,12,Chỉ đích,100,5,0.9251191286589516,7.605246708214366
đổi xe,12,Trộn,200,5,0.8685171658144631,5.734209727685766
đổi xe,12,Chỉ đích,200,5,0.8904309715120526,6.441369170419989
đổi xe,12,Trộn,10,6,0.8691468890314304,5.6926171670360475
đổi xe,12,Chỉ đích,10,6,0.9974342527261065,17.936766622101402
đổi xe,12,Trộn,25,6,0.8691709844559585,5.707153099081751
đổi xe,12,Chỉ đích,25,6,0.9974093264248705,17.936766622101402
đổi xe,12,Trộn,50,6,0.8689927583936801,5.707153099081751
đổi xe,12,Chỉ đích,50,6,0.9321922317314022,7.992842954430671
đổi xe,12,Trộn,100,6,0.8706603131381893,5.734209727685766
đổi xe,12,Chỉ đích,100,6,0.9244383934649422,7.54270042213372
đổi xe,12,Trộn,200,6,0.8677867056245434,5.726763509646474
đổi xe,12,Chỉ đích,200,6,0.8911614317019723,6.445967086637864
đổi xe,12,Trộn,10,7,0.868505452212957,5.68260296957385
đổi xe,12,Chỉ đích,10,7,0.927517639512508,7.8480722882306395
đổi xe,12,Trộn,25,7,0.8691709844559585,5.707153099081751
đổi xe,12,Chỉ đích,25,7,0.9268134715025906,7.8480722882306395
đổi xe,12,Trộn,50,7,0.8683344305464121,5.6926171670360475
đổi xe,12,Chỉ đích,50,7,0.9012508229098091,6.7763735776548515
đổi xe,12,Trộn,100,7,0.8658951667801226,5.681974606863179
đổi xe,12,Chỉ đích,100,7,0.8686181075561606,5.767090566146834
đổi xe,12,Trộn,200,7,0.8692476260043828,5.735436510917481
đổi xe,12,Chỉ đích,200,7,0.9013878743608473,6.7763735776548515
đổi xe,12,Trộn,10,8,0.8691468890314304,5.6926171670360475
đổi xe,12,Chỉ đích,10,8,0.9037844772289929,6.8130629441684505
đổi xe,12,Trộn,25,8,0.8685233160621761,5.6926171670360475
đổi xe,12,Chỉ đích,25,8,0.9838082901554405,13.216557454060535
đổi xe,12,Trộn,50,8,0.8683344305464121,5.6926171670360475
đổi xe,12,Chỉ đích,50,8,0.9473337722185649,8.76866935659558
đổi xe,12,Trộn,100,8,0.8706603131381893,5.734209727685766
đổi xe,12,Chỉ đích,100,8,0.9162695711368277,7.171869427921791
đổi xe,12,Trộn,200,8,0.87509130752374,5.7673078046810815
đổi xe,12,Chỉ đích,200,8,0.9174579985390796,7.171869427921791
đổi xe,12,Trộn,10,9,0.8691468890314304,5.6926171670360475
đổi xe,12,Chỉ đích,10,9,0.9583066067992303,9.66976641271873
đổi xe,12,Trộn,25,9,0.8698186528497409,5.724138996181182
đổi xe,12,Chỉ đích,25,9,0.9792746113989638,11.954923408139265
đổi xe,12,Trộn,50,9,0.869651086240948,5.724138996181182
đổi xe,12,Chỉ đích,50,9,0.9203423304805793,7.347135292185186
đổi xe,12,Trộn,100,9,0.8699795779441797,5.726763509646474
đổi xe,12,Chỉ đích,100,9,0.8978897208985704,6.732597640545009
đổi xe,12,Trộn,200,9,0.8758217677136596,5.779463172014317
đổi xe,12,Chỉ đích,200,9,0.9313367421475529,7.865765502929719
đổi xe,12,Trộn,10,10,0.868505452212957,5.68260296957385
đổi xe,12,Chỉ đích,10,10,0.9121231558691469,7.082184294761987
đổi xe,12,Trộn,25,10,0.8691709844559585,5.707153099081751
đổi xe,12,Chỉ đích,25,10,0.991580310880829,16.013241546322547
đổi xe,12,Trộn,50,10,0.8683344305464121,5.6926171670360475
đổi xe,12,Chỉ đích,50,10,0.9637919684002634,10.103906269317577
đổi xe,12,Trộn,100,10,0.8706603131381893,5.734209727685766
đổi xe,12,Chỉ đích,100,10,0.9489448604492853,8.76866935659558
đổi xe,12,Trộn,200,10,0.8736303871439006,5.767003662109374
đổi xe,12,Chỉ đích,200,10,0.9159970781592404,7.143718335563733
đổi xe,12,Trộn,10,11,0.868505452212957,5.68260296957385
đổi xe,12,Chỉ đích,10,11,0.8909557408595253,6.43379074304238
đổi xe,12,Trộn,25,11,0.8685233160621761,5.6926171670360475
đổi xe,12,Chỉ đích,25,11,0.9863989637305699,13.74276205610795
đổi xe,12,Trộn,50,11,0.8689927583936801,5.707153099081751
đổi xe,12,Chỉ đích,50,11,0.978275181040158,11.44947790716202
đổi xe,12,Trộn,100,11,0.8679373723621511,5.707153099081751
đổi xe,12,Chỉ đích,100,11,0.9094622191967324,6.997154855257435
đổi xe,12,Trộn,200,11,0.8663257852447042,5.724138996181182
đổi xe,12,Chỉ đích,200,11,0.8867786705624543,6.3421584415777374
đổi xe,12,Trộn,10,12,0.8691468890314304,5.6926171670360475
đổi xe,12,Chỉ đích,10,12,0.9230275817831943,7.513067436022595
đổi xe,12,Trộn,25,12,0.8685233160621761,5.6926171670360475
đổi xe,12,Chỉ đích,25,12,0.9624352331606217,10.103906269317577
đổi xe,12,Trộn,50,12,0.8689927583936801,5.707153099081751
đổi xe,12,Chỉ đích,50,12,0.9637919684002634,10.103906269317577
đổi xe,12,Trộn,100,12,0.8679373723621511,5.707153099081751
đổi xe,12,Chỉ đích,100,12,0.9237576582709326,7.513067436022595
đổi xe,12,Trộn,200,12,0.8685171658144631,5.734209727685766
đổi xe,12,Chỉ đích,200,12,0.9211102994886778,7.291766850966553
đổi xe,12,Trộn,10,13,0.8678640153944837,5.681974606863179
đổi xe,12,Chỉ đích,10,13,0.7812700449005773,4.120866008666297
đổi xe,12,Trộn,25,13,0.8678756476683938,5.68260296957385
đổi xe,12,Chỉ đích,25,13,0.9248704663212435,7.72167486933364
đổi xe,12,Trộn,50,13,0.8676761026991442,5.68260296957385
đổi xe,12,Chỉ đích,50,13,0.8861092824226465,6.308097801994563
đổi xe,12,Trộn,100,13,0.8706603131381893,5.734209727685766
đổi xe,12,Chỉ đích,100,13,0.9223961878829136,7.381189195421086
đổi xe,12,Trộn,200,13,0.8721694667640614,5.746353170157988
đổi xe,12,Chỉ đích,200,13,0.9116143170197224,7.073006444701207
đổi xe,12,Trộn,10,14,0.8678640153944837,5.681974606863179
đổi xe,12,Chỉ đích,10,14,0.796023091725465,4.415898503413132
đổi xe,12,Trộn,25,14,0.8685233160621761,5.6926171670360475
đổi xe,12,Chỉ đích,25,14,0.9598445595854922,9.977927678183903
đổi xe,12,Trộn,50,14,0.8670177748518763,5.681974606863179
đổi xe,12,Chỉ đích,50,14,0.8953258722843976,6.522426981336679
đổi xe,12,Trộn,100,14,0.8645336963921034,5.6761863495072475
đổi xe,12,Chỉ đích,100,14,0.8366235534377128,5.087375581097064
đổi xe,12,Trộn,200,14,0.8648648648648649,5.6926171670360475
đổi xe,12,Chỉ đích,200,14,0.872899926953981,5.937068706686148
đổi xe,12,Trộn,10,15,0.8697883258499037,5.707153099081751
đổi xe,12,Chỉ đích,10,15,0.9166132135984606,7.177446334003918
đổi xe,12,Trộn,25,15,0.8685233160621761,5.6926171670360475
đổi xe,12,Chỉ đích,25,15,0.9158031088082902,7.177446334003918
đổi xe,12,Trộn,50,15,0.8689927583936801,5.707153099081751
đổi xe,12,Chỉ đích,50,15,0.924292297564187,7.605246708214366
đổi xe,12,Trộn,100,15,0.8672566371681416,5.6926171670360475
đổi xe,12,Chỉ đích,100,15,0.9121851599727706,7.082184294761987
đổi xe,12,Trộn,200,15,0.8699780861943024,5.738756293402702
đổi xe,12,Chỉ đích,200,15,0.9130752373995618,7.082184294761987
đổi xe,12,Trộn,10,16,0.8678640153944837,5.681974606863179
đổi xe,12,Chỉ đích,10,16,0.8646568313021168,5.624951878584056
đổi xe,12,Trộn,25,16,0.8691709844559585,5.707153099081751
đổi xe,12,Chỉ đích,25,16,0.9993523316062176,19.577403867709563
đổi xe,12,Trộn,50,16,0.8689927583936801,5.707153099081751
đổi xe,12,Chỉ đích,50,16,0.8953258722843976,6.522426981336679
đổi xe,12,Trộn,100,16,0.8672566371681416,5.6926171670360475
đổi xe,12,Chỉ đích,100,16,0.8904016337644656,6.4368170551039725
đổi xe,12,Trộn,200,16,0.8685171658144631,5.734209727685766
đổi xe,12,Chỉ đích,200,16,0.8977355734112491,6.732597640545009
đổi xe,12,Trộn,10,17,0.8697883258499037,5.707153099081751
đổi xe,12,Chỉ đích,10,17,0.9518922386144965,9.100966216016559
đổi xe,12,Trộn,25,17,0.8711139896373057,5.726763509646474
đổi xe,12,Chỉ đích,25,17,0.9792746113989638,11.954923408139265
đổi xe,12,Trộn,50,17,0.8729427254772877,5.738756293402702
đổi xe,12,Chỉ đích,50,17,0.9526003949967083,9.100966216016559
đổi xe,12,Trộn,100,17,0.8774676650782846,5.779463172014317
đổi xe,12,Chỉ đích,100,17,0.9795779441797141,11.23613366505468
đổi xe,12,Trộn,200,17,0.8802045288531775,5.819816961698621
đổi xe,12,Chỉ đích,200,17,0.9539810080350621,8.812744464741684
đổi xe,12,Trộn,10,18,0.868505452212957,5.68260296957385
đổi xe,12,Chỉ đích,10,18,0.9332905708787684,8.097728263527216
đổi xe,12,Trộn,25,18,0.8698186528497409,5.724138996181182
đổi xe,12,Chỉ đích,25,18,0.9883419689119171,14.312258032797658
đổi xe,12,Trộn,50,18,0.869651086240948,5.724138996181182
đổi xe,12,Chỉ đích,50,18,0.9328505595786701,8.09048010721608
đổi xe,12,Trộn,100,18,0.8686181075561606,5.724138996181182
đổi xe,12,Chỉ đích,100,18,0.9149081007488087,7.143718335563733
đổi xe,12,Trộn,200,18,0.8721694667640614,5.746353170157988
đổi xe,12,Chỉ đích,200,18,0.9225712198685172,7.347135292185186
đổi xe,12,Trộn,10,19,0.868505452212957,5.68260296957385
đổi xe,12,Chỉ đích,10,19,0.8710711994868505,5.767090566146834
đổi xe,12,Trộn,25,19,0.8678756476683938,5.68260296957385
đổi xe,12,Chỉ đích,25,19,1.0,21.434177084252838
đổi xe,12,Trộn,50,19,0.8676761026991442,5.68260296957385
đổi xe,12,Chỉ đích,50,19,0.9651086240947993,10.345033393012159
đổi xe,12,Trộn,100,19,0.8645336963921034,5.6761863495072475
đổi xe,12,Chỉ đích,100,19,0.8631722260040844,5.635022543115667
đổi xe,12,Trộn,200,19,0.8641344046749452,5.68260296957385
đổi xe,12,Chỉ đích,200,19,0.8838568298027758,6.3079015275608015
đổi xe,13,Chỉ nguồn,10,0,0.8572386058981233,5.695407825896353
đổi xe,13,Trộn,10,0,0.8572386058981233,5.695407825896353
đổi xe,13,Chỉ đích,10,0,0.8927613941018767,6.727276398000072
đổi xe,13,Chỉ nguồn,25,0,0.8584969532836831,5.695407825896353
đổi xe,13,Trộn,25,0,0.8618821936357481,5.754942918113329
đổi xe,13,Chỉ đích,25,0,0.991875423155044,15.95876610863094
đổi xe,13,Chỉ nguồn,50,0,0.8588154269972452,5.695407825896353
đổi xe,13,Trộn,50,0,0.8622589531680441,5.7560160202752115
đổi xe,13,Chỉ đích,50,0,0.9504132231404959,10.47118409203702
đổi xe,13,Chỉ nguồn,100,0,0.8587731811697575,5.695407825896353
đổi xe,13,Trộn,100,0,0.8630527817403709,5.767556305529979
đổi xe,13,Chỉ đích,100,0,0.9229671897289586,8.317679513113916
đổi xe,13,Chỉ nguồn,200,0,0.857910906298003,5.695407825896353
đổi xe,13,Trộn,200,0,0.8625192012288786,5.831971931806521
đổi xe,13,Chỉ đích,200,0,0.8993855606758833,6.8914019637898605
đổi xe,13,Trộn,10,1,0.8605898123324397,5.735912770410721
đổi xe,13,Chỉ đích,10,1,0.9571045576407506,11.169253064778616
đổi xe,13,Trộn,25,1,0.8618821936357481,5.754942918113329
đổi xe,13,Chỉ đích,25,1,0.956668923493568,11.169253064778616
đổi xe,13,Trộn,50,1,0.8622589531680441,5.7560160202752115
đổi xe,13,Chỉ đích,50,1,0.9449035812672176,10.165210151479442
đổi xe,13,Trộn,100,1,0.8616262482168331,5.758059429390812
đổi xe,13,Chỉ đích,100,1,0.920114122681883,8.199281254682319
đổi xe,13,Trộn,200,1,0.8671274961597543,5.884923377821195
đổi xe,13,Chỉ đích,200,1,0.9039938556067588,7.063451628327556
đổi xe,13,Trộn,10,2,0.8545576407506702,5.66736717393664
đổi xe,13,Chỉ đích,10,2,0.8351206434316354,5.298843034359834
đổi xe,13,Trộn,25,2,0.8537576167907921,5.66736717393664
đổi xe,13,Chỉ đích,25,2,1.0,49.5038881754179
đổi xe,13,Trộn,50,2,0.8560606060606061,5.695407825896353
đổi xe,13,Chỉ đích,50,2,0.9276859504132231,8.515404504719413
đổi xe,13,Trộn,100,2,0.8630527817403709,5.767556305529979
đổi xe,13,Chỉ đích,100,2,0.9286733238231099,8.515404504719413
đổi xe,13,Trộn,200,2,0.8648233486943164,5.853556290620531
đổi xe,13,Chỉ đích,200,2,0.9178187403993856,7.8641672183827325
đổi xe,13,Trộn,10,3,0.8572386058981233,5.695407825896353
đổi xe,13,Chỉ đích,10,3,0.8679624664879356,6.033227424844625
đổi xe,13,Trộn,25,3,0.8605280974949221,5.743876016750335
đổi xe,13,Chỉ đích,25,3,0.999322951929587,21.398939965645297
đổi xe,13,Trộn,50,3,0.8643250688705234,5.767556305529979
đổi xe,13,Chỉ đích,50,3,0.9786501377410468,13.024430911093702
đổi xe,13,Trộn,100,3,0.8687589158345221,5.879037867880157
đổi xe,13,Chỉ đích,100,3,0.9614835948644793,11.288088779779116
đổi xe,13,Trộn,200,3,0.8663594470046083,5.879037867880157
đổi xe,13,Chỉ đích,200,3,0.9316436251920123,8.56350222126224
đổi xe,13,Trộn,10,4,0.8605898123324397,5.735912770410721
đổi xe,13,Chỉ đích,10,4,0.957774798927614,11.209475192599825
đổi xe,13,Trộn,25,4,0.8645903859174001,5.767556305529979
đổi xe,13,Chỉ đích,25,4,0.994583615436696,17.025989634456835
đổi xe,13,Trộn,50,4,0.8615702479338843,5.754942918113329
đổi xe,13,Chỉ đích,50,4,0.9586776859504132,11.209475192599825
đổi xe,13,Trộn,100,4,0.8609129814550642,5.7560160202752115
đổi xe,13,Chỉ đích,100,4,0.927960057061341,8.501563118368097
đổi xe,13,Trộn,200,4,0.8571428571428571,5.754942918113329
đổi xe,13,Chỉ đích,200,4,0.8701996927803379,6.178172080116212
đổi xe,13,Trộn,10,5,0.8545576407506702,5.66736717393664
đổi xe,13,Chỉ đích,10,5,0.6621983914209115,3.1002317550822625
đổi xe,13,Trộn,25,5,0.8605280974949221,5.743876016750335
đổi xe,13,Chỉ đích,25,5,0.984427894380501,14.200001740357038
đổi xe,13,Trộn,50,5,0.8622589531680441,5.7560160202752115
đổi xe,13,Chỉ đích,50,5,0.9710743801652892,12.491840887926912
đổi xe,13,Trộn,100,5,0.8651925820256776,5.831971931806521
đổi xe,13,Chỉ đích,100,5,0.9365192582025678,9.091803773043466
đổi xe,13,Trộn,200,5,0.868663594470046,5.927266771237612
đổi xe,13,Chỉ đích,200,5,0.9377880184331797,9.01011664629948
đổi xe,13,Trộn,10,6,0.8545576407506702,5.66736717393664
đổi xe,13,Chỉ đích,10,6,0.8210455764075067,4.993002881270343
đổi xe,13,Trộn,25,6,0.8598510494245092,5.735912770410721
đổi xe,13,Chỉ đích,25,6,0.9390656736628301,9.524925117890746
đổi xe,13,Trộn,50,6,0.8615702479338843,5.754942918113329
đổi xe,13,Chỉ đích,50,6,0.918732782369146,8.170245778537321
đổi xe,13,Trộn,100,6,0.8673323823109843,5.853556290620531
đổi xe,13,Chỉ đích,100,6,0.9308131241084165,8.65889814301724
đổi xe,13,Trộn,200,6,0.8709677419354839,5.962081225114105
đổi xe,13,Chỉ đích,200,6,0.9147465437788018,7.670001099676085
đổi xe,13,Trộn,10,7,0.8572386058981233,5.695407825896353
đổi xe,13,Chỉ đích,10,7,0.868632707774799,6.050324629640357
đổi xe,13,Trộn,25,7,0.8605280974949221,5.743876016750335
đổi xe,13,Chỉ đích,25,7,0.9410968178740691,9.959977850333189
đổi xe,13,Trộn,50,7,0.8622589531680441,5.7560160202752115
đổi xe,13,Chỉ đích,50,7,0.9421487603305785,9.959977850333189
đổi xe,13,Trộn,100,7,0.8644793152639088,5.794666734360817
đổi xe,13,Chỉ đích,100,7,0.912981455064194,7.657864059750182
đổi xe,13,Trộn,200,7,0.8648233486943164,5.853556290620531
đổi xe,13,Chỉ đích,200,7,0.9139784946236559,7.657864059750182
đổi xe,13,Trộn,10,8,0.8605898123324397,5.735912770410721
đổi xe,13,Chỉ đích,10,8,0.9597855227882037,11.324800698590309
đổi xe,13,Trộn,25,8,0.8605280974949221,5.743876016750335
đổi xe,13,Chỉ đích,25,8,0.991875423155044,15.95876610863094
đổi xe,13,Trộn,50,8,0.859504132231405,5.735912770410721
đổi xe,13,Chỉ đích,50,8,0.9607438016528925,11.324800698590309
đổi xe,13,Trộn,100,8,0.8601997146932953,5.754942918113329
đổi xe,13,Chỉ đích,100,8,0.9593437945791726,11.134311984592046
đổi xe,13,Trộn,200,8,0.8556067588325653,5.743876016750335
đổi xe,13,Chỉ đích,200,8,0.9078341013824884,7.143803983402677
đổi xe,13,Trộn,10,9,0.8572386058981233,5.695407825896353
đổi xe,13,Chỉ đích,10,9,0.9242627345844504,8.378935172526099
đổi xe,13,Trộn,25,9,0.8598510494245092,5.735912770410721
đổi xe,13,Chỉ đích,25,9,0.923493568043331,8.378935172526099
đổi xe,13,Trộn,50,9,0.8574380165289256,5.73041211721889
đổi xe,13,Chỉ đích,50,9,0.8732782369146006,6.178172080116212
đổi xe,13,Trộn,100,9,0.8630527817403709,5.767556305529979
đổi xe,13,Chỉ đích,100,9,0.8972895863052782,6.837316663954027
đổi xe,13,Trộn,200,9,0.8625192012288786,5.831971931806521
đổi xe,13,Chỉ đích,200,9,0.8955453149001537,6.802079229609916
đổi xe,13,Trộn,10,10,0.8612600536193029,5.743876016750335
đổi xe,13,Chỉ đích,10,10,0.9926273458445041,15.96820526198411
đổi xe,13,Trộn,25,10,0.8618821936357481,5.754942918113329
đổi xe,13,Chỉ đích,25,10,0.992552471225457,15.96820526198411
đổi xe,13,Trộn,50,10,0.8643250688705234,5.767556305529979
đổi xe,13,Chỉ đích,50,10,0.9676308539944903,12.077727728282639
đổi xe,13,Trộn,100,10,0.8587731811697575,5.743876016750335
đổi xe,13,Chỉ đích,100,10,0.9286733238231099,8.515404504719413
đổi xe,13,Trộn,200,10,0.8617511520737328,5.794666734360817
đổi xe,13,Chỉ đích,200,10,0.923963133640553,8.311353908962616
đổi xe,13,Trộn,10,11,0.8605898123324397,5.735912770410721
đổi xe,13,Chỉ đích,10,11,0.9939678284182306,17.0209995133676
đổi xe,13,Trộn,25,11,0.8605280974949221,5.743876016750335
đổi xe,13,Chỉ đích,25,11,0.993906567366283,17.0209995133676
đổi xe,13,Trộn,50,11,0.8615702479338843,5.754942918113329
đổi xe,13,Chỉ đích,50,11,0.9359504132231405,9.146105066731764
đổi xe,13,Trộn,100,11,0.8580599144079886,5.735912770410721
đổi xe,13,Chỉ đích,100,11,0.8887303851640513,6.638079980296794
đổi xe,13,Trộn,200,11,0.8548387096774194,5.735912770410721
đổi xe,13,Chỉ đích,200,11,0.8809523809523809,6.439079948076198
đổi xe,13,Trộn,10,12,0.8572386058981233,5.695407825896353
đổi xe,13,Chỉ đích,10,12,0.967828418230563,12.167553669135657
đổi xe,13,Trộn,25,12,0.8598510494245092,5.735912770410721
đổi xe,13,Chỉ đích,25,12,0.967501692620176,12.167553669135657
đổi xe,13,Trộn,50,12,0.859504132231405,5.735912770410721
đổi xe,13,Chỉ đích,50,12,0.9008264462809917,6.977770267547129
đổi xe,13,Trộn,100,12,0.8630527817403709,5.767556305529979
đổi xe,13,Chỉ đích,100,12,0.9115549215406562,7.527740586200508
đổi xe,13,Trộn,200,12,0.8655913978494624,5.858608970708644
đổi xe,13,Chỉ đích,200,12,0.9009216589861752,6.977770267547129
đổi xe,13,Trộn,10,13,0.8572386058981233,5.695407825896353
đổi xe,13,Chỉ đích,10,13,0.871313672922252,6.1059041602366335
đổi xe,13,Trộn,25,13,0.8618821936357481,5.754942918113329
đổi xe,13,Chỉ đích,25,13,0.999322951929587,21.398939965645297
đổi xe,13,Trộn,50,13,0.8643250688705234,5.767556305529979
đổi xe,13,Chỉ đích,50,13,0.9146005509641874,7.787297725736124
đổi xe,13,Trộn,100,13,0.8630527817403709,5.767556305529979
đổi xe,13,Chỉ đích,100,13,0.9065620542082738,7.136101705383965
đổi xe,13,Trộn,200,13,0.8655913978494624,5.858608970708644
đổi xe,13,Chỉ đích,200,13,0.9070660522273426,7.136101705383965
đổi xe,13,Trộn,10,14,0.8605898123324397,5.735912770410721
đổi xe,13,Chỉ đích,10,14,0.9919571045576407,15.95876610863094
đổi xe,13,Trộn,25,14,0.8598510494245092,5.735912770410721
đổi xe,13,Chỉ đích,25,14,0.994583615436696,17.025989634456835
đổi xe,13,Trộn,50,14,0.8533057851239669,5.66736717393664
đổi xe,13,Chỉ đích,50,14,0.890495867768595,6.667591424498909
đổi xe,13,Trộn,100,14,0.8580599144079886,5.735912770410721
đổi xe,13,Chỉ đích,100,14,0.8901569186875892,6.667591424498909
đổi xe,13,Trộn,200,14,0.8648233486943164,5.853556290620531
đổi xe,13,Chỉ đích,200,14,0.9324116743471582,8.656420556404726
đổi xe,13,Trộn,10,15,0.8605898123324397,5.735912770410721
đổi xe,13,Chỉ đích,10,15,0.910857908847185,7.474858427611537
đổi xe,13,Trộn,25,15,0.8618821936357481,5.754942918113329
đổi xe,13,Chỉ đích,25,15,0.989167230873392,14.888745701316566
đổi xe,13,Trộn,50,15,0.8622589531680441,5.7560160202752115
đổi xe,13,Chỉ đích,50,15,0.9201101928374655,8.202743709844725
đổi xe,13,Trộn,100,15,0.8651925820256776,5.831971931806521
đổi xe,13,Chỉ đích,100,15,0.9543509272467903,10.712447731300642
đổi xe,13,Trộn,200,15,0.8625192012288786,5.831971931806521
đổi xe,13,Chỉ đích,200,15,0.9032258064516129,7.0272418783488035
đổi xe,13,Trộn,10,16,0.8605898123324397,5.735912770410721
đổi xe,13,Chỉ đích,10,16,0.886058981233244,6.470196064513402
đổi xe,13,Trộn,25,16,0.8605280974949221,5.743876016750335
đổi xe,13,Chỉ đích,25,16,0.979011509817197,13.41845258246525
đổi xe,13,Trộn,50,16,0.859504132231405,5.735912770410721
đổi xe,13,Chỉ đích,50,16,0.8794765840220385,6.344944266312211
đổi xe,13,Trộn,100,16,0.854493580599144,5.695407825896353
đổi xe,13,Chỉ đích,100,16,0.8701854493580599,6.147200445963591
đổi xe,13,Trộn,200,16,0.8548387096774194,5.735912770410721
đổi xe,13,Chỉ đích,200,16,0.8678955453149002,6.147200445963591
đổi xe,13,Trộn,10,17,0.8605898123324397,5.735912770410721
đổi xe,13,Chỉ đích,10,17,0.9845844504021448,14.200001740357038
đổi xe,13,Trộn,25,17,0.8618821936357481,5.754942918113329
đổi xe,13,Chỉ đích,25,17,0.984427894380501,14.200001740357038
đổi xe,13,Trộn,50,17,0.8601928374655647,5.743876016750335
đổi xe,13,Chỉ đích,50,17,0.9462809917355371,10.221446190154325
đổi xe,13,Trộn,100,17,0.8609129814550642,5.7560160202752115
đổi xe,13,Chỉ đích,100,17,0.9172610556348074,7.97504555469726
đổi xe,13,Trộn,200,17,0.8571428571428571,5.754942918113329
đổi xe,13,Chỉ đích,200,17,0.9124423963133641,7.527740586200508
đổi xe,13,Trộn,10,18,0.8626005361930295,5.754942918113329
đổi xe,13,Chỉ đích,10,18,0.9651474530831099,11.797213669765199
đổi xe,13,Trộn,25,18,0.8605280974949221,5.743876016750335
đổi xe,13,Chỉ đích,25,18,0.9647935003385241,11.797213669765199
đổi xe,13,Trộn,50,18,0.859504132231405,5.735912770410721
đổi xe,13,Chỉ đích,50,18,0.8973829201101928,6.837316663954027
đổi xe,13,Trộn,100,18,0.854493580599144,5.695407825896353
đổi xe,13,Chỉ đích,100,18,0.8922967189728959,6.743747616825829
đổi xe,13,Trộn,200,18,0.8617511520737328,5.794666734360817
đổi xe,13,Chỉ đích,200,18,0.8940092165898618,6.782834792239896
đổi xe,13,Trộn,10,19,0.8605898123324397,5.735912770410721
đổi xe,13,Chỉ đích,10,19,0.935656836461126,9.146105066731764
đổi xe,13,Trộn,25,19,0.8605280974949221,5.743876016750335
đổi xe,13,Chỉ đích,25,19,0.965470548408937,12.029800063131347
đổi xe,13,Trộn,50,19,0.859504132231405,5.735912770410721
đổi xe,13,Chỉ đích,50,19,0.9297520661157025,8.65889814301724
đổi xe,13,Trộn,100,19,0.8580599144079886,5.735912770410721
đổi xe,13,Chỉ đích,100,19,0.8930099857346647,6.751629489283857
đổi xe,13,Trộn,200,19,0.8556067588325653,5.743876016750335
đổi xe,13,Chỉ đích,200,19,0.8732718894009217,6.245008330658948
đổi xe,14,Chỉ nguồn,10,0,0.885519801980198,5.6786201895254464
đổi xe,14,Trộn,10,0,0.885519801980198,5.6786201895254464
đổi xe,14,Chỉ đích,10,0,0.9084158415841584,6.186482731378078
đổi xe,14,Chỉ nguồn,25,0,0.8850718301061836,5.6786201895254464
đổi xe,14,Trộn,25,0,0.8850718301061836,5.6786201895254464
đổi xe,14,Chỉ đích,25,0,0.9075577763897564,6.186482731378078
đổi xe,14,Chỉ nguồn,50,0,0.8851522842639594,5.6786201895254464
đổi xe,14,Trộn,50,0,0.8851522842639594,5.6786201895254464
đổi xe,14,Chỉ đích,50,0,0.9079949238578681,6.186482731378078
đổi xe,14,Chỉ nguồn,100,0,0.8846657929226737,5.6786201895254464
đổi xe,14,Trộn,100,0,0.8846657929226737,5.6786201895254464
đổi xe,14,Chỉ đích,100,0,0.9056356487549148,6.121273916093145
đổi xe,14,Chỉ nguồn,200,0,0.8884992987377279,5.6786201895254464
đổi xe,14,Trộn,200,0,0.8913043478260869,5.77764277324718
đổi xe,14,Chỉ đích,200,0,0.9144460028050491,6.309001030569419
đổi xe,14,Trộn,10,1,0.8867574257425742,5.699016827352665
đổi xe,14,Chỉ đích,10,1,0.9771039603960396,10.027978235621845
đổi xe,14,Trộn,25,1,0.8875702685821362,5.7081249192656855
đổi xe,14,Chỉ đích,25,1,0.976889444097439,10.027978235621845
đổi xe,14,Trộn,50,1,0.8838832487309645,5.6441376139322585
đổi xe,14,Chỉ đích,50,1,0.9092639593908629,6.212370238024818
đổi xe,14,Trộn,100,1,0.8833551769331586,5.6441376139322585
đổi xe,14,Chỉ đích,100,1,0.8853211009174312,5.715633037651855
đổi xe,14,Trộn,200,1,0.8821879382889201,5.6441376139322585
đổi xe,14,Chỉ đích,200,1,0.8842917251051894,5.715633037651855
đổi xe,14,Trộn,10,2,0.8842821782178217,5.6441376139322585
đổi xe,14,Chỉ đích,10,2,0.844059405940594,4.866971102887447
đổi xe,14,Trộn,25,2,0.8850718301061836,5.6786201895254464
đổi xe,14,Chỉ đích,25,2,0.9937539038101186,14.960665362802956
đổi xe,14,Trộn,50,2,0.8838832487309645,5.6441376139322585
đổi xe,14,Chỉ đích,50,2,0.9054568527918782,6.121273916093145
đổi xe,14,Trộn,100,2,0.8899082568807339,5.7214315890199146
đổi xe,14,Chỉ đích,100,2,0.919397116644823,6.429114531645922
đổi xe,14,Trộn,200,2,0.8927068723702665,5.778871572866734
đổi xe,14,Chỉ đích,200,2,0.9207573632538569,6.429114531645922
đổi xe,14,Trộn,10,3,0.885519801980198,5.6786201895254464
đổi xe,14,Chỉ đích,10,3,0.905940594059406,6.121273916093145
đổi xe,14,Trộn,25,3,0.8838226108682073,5.6441376139322585
đổi xe,14,Chỉ đích,25,3,0.9050593379138039,6.121273916093145
đổi xe,14,Trộn,50,3,0.8851522842639594,5.6786201895254464
đổi xe,14,Chỉ đích,50,3,0.9054568527918782,6.121273916093145
đổi xe,14,Trộn,100,3,0.8846657929226737,5.6786201895254464
đổi xe,14,Chỉ đích,100,3,0.9056356487549148,6.121273916093145
đổi xe,14,Trộn,200,3,0.884992987377279,5.699016827352665
đổi xe,14,Chỉ đích,200,3,0.906030855539972,6.121273916093145
đổi xe,14,Trộn,10,4,0.885519801980198,5.6786201895254464
đổi xe,14,Chỉ đích,10,4,0.9282178217821783,6.640286279582426
đổi xe,14,Trộn,25,4,0.8850718301061836,5.6786201895254464
đổi xe,14,Chỉ đích,25,4,0.9406620861961275,7.023844921280414
đổi xe,14,Trộn,50,4,0.8838832487309645,5.6441376139322585
đổi xe,14,Chỉ đích,50,4,0.9156091370558376,6.344210912310956
đổi xe,14,Trộn,100,4,0.8800786369593709,5.6157956036603025
đổi xe,14,Chỉ đích,100,4,0.8669724770642202,5.316085294129891
đổi xe,14,Trộn,200,4,0.884992987377279,5.699016827352665
đổi xe,14,Chỉ đích,200,4,0.8920056100981767,5.828099155280853
đổi xe,14,Trộn,10,5,0.8842821782178217,5.6441376139322585
đổi xe,14,Chỉ đích,10,5,0.8353960396039604,4.731153299696132
đổi xe,14,Trộn,25,5,0.8838226108682073,5.6441376139322585
đổi xe,14,Chỉ đích,25,5,0.9612742036227357,8.285687322169196
đổi xe,14,Trộn,50,5,0.8851522842639594,5.6786201895254464
đổi xe,14,Chỉ đích,50,5,0.9219543147208121,6.543489637586845
đổi xe,14,Trộn,100,5,0.8879423328964613,5.708431422675687
đổi xe,14,Chỉ đích,100,5,0.90956749672346,6.212370238024818
đổi xe,14,Trộn,200,5,0.8892005610098177,5.7214315890199146
đổi xe,14,Chỉ đích,200,5,0.9081346423562412,6.156328544301886
đổi xe,14,Trộn,10,6,0.8867574257425742,5.699016827352665
đổi xe,14,Chỉ đích,10,6,0.9399752475247525,7.012193547453677
đổi xe,14,Trộn,25,6,0.8875702685821362,5.7081249192656855
đổi xe,14,Chỉ đích,25,6,0.9512804497189257,7.385640394915953
đổi xe,14,Trộn,50,6,0.8851522842639594,5.6786201895254464
đổi xe,14,Chỉ đích,50,6,0.9200507614213198,6.479721429160122
đổi xe,14,Trộn,100,6,0.8859764089121888,5.699016827352665
đổi xe,14,Chỉ đích,100,6,0.9062909567496723,6.140143973096912
đổi xe,14,Trộn,200,6,0.9011220196353437,5.864628363715383
đổi xe,14,Chỉ đích,200,6,0.9221598877980365,6.479721429160122
đổi xe,14,Trộn,10,7,0.885519801980198,5.6786201895254464
đổi xe,14,Chỉ đích,10,7,0.9560643564356436,7.698597082363932
đổi xe,14,Trộn,25,7,0.8838226108682073,5.6441376139322585
đổi xe,14,Chỉ đích,25,7,0.9556527170518426,7.698597082363932
đổi xe,14,Trộn,50,7,0.883248730964467,5.641566672114095
đổi xe,14,Chỉ đích,50,7,0.881979695431472,5.590275533439353
đổi xe,14,Trộn,100,7,0.8833551769331586,5.6441376139322585
đổi xe,14,Chỉ đích,100,7,0.8846657929226737,5.701728933075316
đổi xe,14,Trộn,200,7,0.884992987377279,5.699016827352665
đổi xe,14,Chỉ đích,200,7,0.908835904628331,6.186482731378078
đổi xe,14,Trộn,10,8,0.8867574257425742,5.699016827352665
đổi xe,14,Chỉ đích,10,8,0.9783415841584159,10.309793418738366
đổi xe,14,Trộn,25,8,0.8850718301061836,5.6786201895254464
đổi xe,14,Chỉ đích,25,8,0.9781386633354153,10.309793418738366
đổi xe,14,Trộn,50,8,0.883248730964467,5.641566672114095
đổi xe,14,Chỉ đích,50,8,0.8788071065989848,5.505787885199652
đổi xe,14,Trộn,100,8,0.882699868938401,5.641566672114095
đổi xe,14,Chỉ đích,100,8,0.8781127129750983,5.505787885199652
đổi xe,14,Trộn,200,8,0.879382889200561,5.615809952598568
đổi xe,14,Chỉ đích,200,8,0.876577840112202,5.505787885199652
đổi xe,14,Trộn,10,9,0.885519801980198,5.6786201895254464
đổi xe,14,Chỉ đích,10,9,0.9195544554455446,6.478566271003814
đổi xe,14,Trộn,25,9,0.8850718301061836,5.6786201895254464
đổi xe,14,Chỉ đích,25,9,0.9188007495315428,6.478566271003814
đổi xe,14,Trộn,50,9,0.8851522842639594,5.6786201895254464
đổi xe,14,Chỉ đích,50,9,0.9194162436548223,6.478566271003814
đổi xe,14,Trộn,100,9,0.8859764089121888,5.699016827352665
đổi xe,14,Chỉ đích,100,9,0.9148099606815203,6.329446782510786
đổi xe,14,Trộn,200,9,0.8800841514726507,5.630848210469992
đổi xe,14,Chỉ đích,200,9,0.8758765778401122,5.50374491949114
đổi xe,14,Trộn,10,10,0.8879950495049505,5.7081249192656855
đổi xe,14,Chỉ đích,10,10,0.963490099009901,8.435498992097422
đổi xe,14,Trộn,25,10,0.8863210493441599,5.699016827352665
đổi xe,14,Chỉ đích,25,10,0.9631480324797002,8.435498992097422
đổi xe,14,Trộn,50,10,0.8864213197969543,5.699016827352665
đổi xe,14,Chỉ đích,50,10,0.9593908629441624,8.104849834833914
đổi xe,14,Trộn,100,10,0.8872870249017037,5.7081249192656855
đổi xe,14,Chỉ đích,100,10,0.9416775884665793,7.012193547453677
đổi xe,14,Trộn,200,10,0.8920056100981767,5.778470485227899
đổi xe,14,Chỉ đích,200,10,0.9368863955119214,6.701805712561821
đổi xe,14,Trộn,10,11,0.8842821782178217,5.6441376139322585
đổi xe,14,Chỉ đích,10,11,0.6893564356435643,2.998154955609266
đổi xe,14,Trộn,25,11,0.8831980012492192,5.641566672114095
đổi xe,14,Chỉ đích,25,11,0.8188632104934416,4.477259980830354
đổi xe,14,Trộn,50,11,0.883248730964467,5.641566672114095
đổi xe,14,Chỉ đích,50,11,0.8483502538071066,4.963279883841437
đổi xe,14,Trộn,100,11,0.8800786369593709,5.6157956036603025
đổi xe,14,Chỉ đích,100,11,0.8440366972477065,4.9220021453506035
đổi xe,14,Trộn,200,11,0.8751753155680224,5.5861187124100695
đổi xe,14,Chỉ đích,200,11,0.8401122019635343,4.9220021453506035
đổi xe,14,Trộn,10,12,0.8867574257425742,5.699016827352665
đổi xe,14,Chỉ đích,10,12,0.9665841584158416,8.648492189006987
đổi xe,14,Trộn,25,12,0.8850718301061836,5.6786201895254464
đổi xe,14,Chỉ đích,25,12,0.9662710805746408,8.648492189006987
đổi xe,14,Trộn,50,12,0.8851522842639594,5.6786201895254464
đổi xe,14,Chỉ đích,50,12,0.9384517766497462,6.964952067771122
đổi xe,14,Trộn,100,12,0.8872870249017037,5.7081249192656855
đổi xe,14,Chỉ đích,100,12,0.9397116644823067,6.964952067771122
đổi xe,14,Trộn,200,12,0.884992987377279,5.699016827352665
đổi xe,14,Chỉ đích,200,12,0.9305750350631136,6.611252621605303
đổi xe,14,Trộn,10,13,0.8867574257425742,5.699016827352665
đổi xe,14,Chỉ đích,10,13,0.9839108910891089,11.062822920699062
đổi xe,14,Trộn,25,13,0.8850718301061836,5.6786201895254464
đổi xe,14,Chỉ đích,25,13,0.9837601499063086,11.062822920699062
đổi xe,14,Trộn,50,13,0.883248730964467,5.641566672114095
đổi xe,14,Chỉ đích,50,13,0.8756345177664975,5.4365318417802655
đổi xe,14,Trộn,100,13,0.882699868938401,5.641566672114095
đổi xe,14,Chỉ đích,100,13,0.8787680209698558,5.529619369536505
đổi xe,14,Trộn,200,13,0.8870967741935484,5.708431422675687
đổi xe,14,Chỉ đích,200,13,0.9025245441795231,6.016639940182927
đổi xe,14,Trộn,10,14,0.885519801980198,5.6786201895254464
đổi xe,14,Chỉ đích,10,14,0.9987623762376238,21.27300927372687
đổi xe,14,Trộn,25,14,0.8863210493441599,5.699016827352665
đổi xe,14,Chỉ đích,25,14,0.9987507807620237,21.27300927372687
đổi xe,14,Trộn,50,14,0.8851522842639594,5.6786201895254464
đổi xe,14,Chỉ đích,50,14,0.9365482233502538,6.86969987573724
đổi xe,14,Trộn,100,14,0.8859764089121888,5.699016827352665
đổi xe,14,Chỉ đích,100,14,0.9121887287024901,6.282932047526003
đổi xe,14,Trộn,200,14,0.8835904628330996,5.6786201895254464
đổi xe,14,Chỉ đích,200,14,0.8863955119214586,5.77764277324718
đổi xe,14,Trộn,10,15,0.885519801980198,5.6786201895254464
đổi xe,14,Chỉ đích,10,15,0.9696782178217822,8.906245613815372
đổi xe,14,Trộn,25,15,0.886945658963148,5.701728933075316
đổi xe,14,Chỉ đích,25,15,0.9762648344784509,9.96597149848094
đổi xe,14,Trộn,50,15,0.8876903553299492,5.7081249192656855
đổi xe,14,Chỉ đích,50,15,0.9524111675126904,7.385640394915953
đổi xe,14,Trộn,100,15,0.8872870249017037,5.7081249192656855
đổi xe,14,Chỉ đích,100,15,0.9154652686762779,6.3346493092213905
đổi xe,14,Trộn,200,15,0.8934081346423562,5.782268178043182
đổi xe,14,Chỉ đích,200,15,0.9151472650771388,6.31279402759688
đổi xe,14,Trộn,10,16,0.8867574257425742,5.699016827352665
đổi xe,14,Chỉ đích,10,16,0.9956683168316832,16.043460794632495
đổi xe,14,Trộn,25,16,0.8875702685821362,5.7081249192656855
đổi xe,14,Chỉ đích,25,16,0.995627732667083,16.043460794632495
đổi xe,14,Trộn,50,16,0.8864213197969543,5.699016827352665
đổi xe,14,Chỉ đích,50,16,0.9359137055837563,6.820189902435374
đổi xe,14,Trộn,100,16,0.8846657929226737,5.6786201895254464
đổi xe,14,Chỉ đích,100,16,0.9239842726081258,6.554339528007375
đổi xe,14,Trộn,200,16,0.879382889200561,5.615809952598568
đổi xe,14,Chỉ đích,200,16,0.8744740532959326,5.461520594618094
đổi xe,14,Trộn,10,17,0.8867574257425742,5.699016827352665
đổi xe,14,Chỉ đích,10,17,0.9993811881188119,22.433369567599797
đổi xe,14,Trộn,25,17,0.8863210493441599,5.699016827352665
đổi xe,14,Chỉ đích,25,17,0.9993753903810119,22.433369567599797
đổi xe,14,Trộn,50,17,0.8864213197969543,5.699016827352665
đổi xe,14,Chỉ đích,50,17,0.9619289340101523,8.22809085089176
đổi xe,14,Trộn,100,17,0.8879423328964613,5.708431422675687
đổi xe,14,Chỉ đích,100,17,0.9639580602883355,8.22809085089176
đổi xe,14,Trộn,200,17,0.884992987377279,5.699016827352665
đổi xe,14,Chỉ đích,200,17,0.9158485273492286,6.329446782510786
đổi xe,14,Trộn,10,18,0.885519801980198,5.6786201895254464
đổi xe,14,Chỉ đích,10,18,0.9900990099009901,12.961740037578124
đổi xe,14,Trộn,25,18,0.8875702685821362,5.7081249192656855
đổi xe,14,Chỉ đích,25,18,0.9900062460961899,12.961740037578124
đổi xe,14,Trộn,50,18,0.8838832487309645,5.6441376139322585
đổi xe,14,Chỉ đích,50,18,0.8940355329949239,5.842872595445272
đổi xe,14,Trộn,100,18,0.891218872870249,5.736173596749921
đổi xe,14,Chỉ đích,100,18,0.9574049803407602,7.677711218392943
đổi xe,14,Trộn,200,18,0.8835904628330996,5.6786201895254464
đổi xe,14,Chỉ đích,200,18,0.894109396914446,5.846954815397623
đổi xe,14,Trộn,10,19,0.8867574257425742,5.699016827352665
đổi xe,14,Chỉ đích,10,19,0.994430693069307,15.412953908962606
đổi xe,14,Trộn,25,19,0.8850718301061836,5.6786201895254464
đổi xe,14,Chỉ đích,25,19,0.9943785134291068,15.412953908962606
đổi xe,14,Trộn,50,19,0.8851522842639594,5.6786201895254464
đổi xe,14,Chỉ đích,50,19,0.899746192893401,5.956699299362498
đổi xe,14,Trộn,100,19,0.8872870249017037,5.7081249192656855
đổi xe,14,Chỉ đích,100,19,0.9089121887287025,6.210547339896124
đổi xe,14,Trộn,200,19,0.8906030855539971,5.736173596749921
đổi xe,14,Chỉ đích,200,19,0.9095371669004207,6.210547339896124
đổi xe,15,Chỉ nguồn,10,0,0.9389600602863603,5.73037743410282
đổi xe,15,Trộn,10,0,0.9404672192916352,5.810883047286723
đổi xe,15,Chỉ đích,10,0,0.9698568198944989,7.807233072916631
đổi xe,15,Chỉ nguồn,25,0,0.9390243902439024,5.73037743410282
đổi xe,15,Trộn,25,0,0.9405487804878049,5.810883047286723
đổi xe,15,Chỉ đích,25,0,0.9695121951219512,7.807233072916631
đổi xe,15,Chỉ nguồn,50,0,0.940947940947941,5.73037743410282
đổi xe,15,Trộn,50,0,0.9425019425019425,5.813752373178403
đổi xe,15,Chỉ đích,50,0,0.9673659673659674,7.581077900056698
đổi xe,15,Chỉ nguồn,100,0,0.9401778496362166,5.73037743410282
đổi xe,15,Trộn,100,0,0.9401778496362166,5.717185537213481
đổi xe,15,Chỉ đích,100,0,0.9555375909458367,6.604152163845413
đổi xe,15,Chỉ nguồn,200,0,0.9393139841688655,5.73037743410282
đổi xe,15,Trộn,200,0,0.9357959542656112,5.655308626762718
đổi xe,15,Chỉ đích,200,0,0.920844327176781,5.17170721645158
đổi xe,15,Trộn,10,1,0.9382064807837227,5.73037743410282
đổi xe,15,Chỉ đích,10,1,0.9902034664657121,10.25366450291051
đổi xe,15,Trộn,25,1,0.9375,5.717185537213481
đổi xe,15,Chỉ đích,25,1,0.9900914634146342,10.25366450291051
đổi xe,15,Trộn,50,1,0.9362859362859363,5.704915945960352
đổi xe,15,Chỉ đích,50,1,0.9347319347319347,5.655290465808889
đổi xe,15,Trộn,100,1,0.9320937752627324,5.655290465808889
đổi xe,15,Chỉ đích,100,1,0.9264349232012935,5.387382082971698
đổi xe,15,Trộn,200,1,0.9287598944591029,5.615335081500746
đổi xe,15,Chỉ đích,200,1,0.8962181178540017,4.750018780048038
đổi xe,15,Trộn,10,2,0.9374529012810852,5.717185537213481
đổi xe,15,Chỉ đích,10,2,0.9344385832705351,5.655290465808889
đổi xe,15,Trộn,25,2,0.9359756097560976,5.7109808151658115
đổi xe,15,Chỉ đích,25,2,0.9336890243902439,5.655290465808889
đổi xe,15,Trộn,50,2,0.9370629370629371,5.7109808151658115
đổi xe,15,Chỉ đích,50,2,0.9347319347319347,5.655290465808889
đổi xe,15,Trộn,100,2,0.936944219886823,5.702020214737274
đổi xe,15,Chỉ đích,100,2,0.9159256265157639,5.1471495481006
đổi xe,15,Trộn,200,2,0.9375549692172384,5.693836680973504
đổi xe,15,Chỉ đích,200,2,0.9173262972735268,5.1471495481006
đổi xe,15,Trộn,10,3,0.9382064807837227,5.73037743410282
đổi xe,15,Chỉ đích,10,3,0.9660889223813113,7.581077900056698
đổi xe,15,Trộn,25,3,0.9375,5.717185537213481
đổi xe,15,Chỉ đích,25,3,0.9657012195121951,7.581077900056698
đổi xe,15,Trộn,50,3,0.9355089355089355,5.702020214737274
đổi xe,15,Chỉ đích,50,3,0.9067599067599068,4.872830810546873
đổi xe,15,Trộn,100,3,0.9345189975747777,5.693836680973504
đổi xe,15,Chỉ đích,100,3,0.8771220695230396,4.348765082047919
đổi xe,15,Trộn,200,3,0.9357959542656112,5.655308626762718
đổi xe,15,Chỉ đích,200,3,0.9217238346525946,5.1759226035465815
đổi xe,15,Trộn,10,4,0.9382064807837227,5.73037743410282
đổi xe,15,Chỉ đích,10,4,0.9939713639788997,11.490971919785807
đổi xe,15,Trộn,25,4,0.9382621951219512,5.73037743410282
đổi xe,15,Chỉ đích,25,4,0.9939024390243902,11.490971919785807
đổi xe,15,Trộn,50,4,0.9355089355089355,5.702020214737274
đổi xe,15,Chỉ đích,50,4,0.8834498834498834,4.5070608516518575
đổi xe,15,Trộn,100,4,0.936944219886823,5.702020214737274
đổi xe,15,Chỉ đích,100,4,0.9280517380759903,5.417380943769388
đổi xe,15,Trộn,200,4,0.93051890941073,5.619811559104164
đổi xe,15,Chỉ đích,200,4,0.8979771328056289,4.768997192382727
đổi xe,15,Trộn,10,5,0.9382064807837227,5.73037743410282
đổi xe,15,Chỉ đích,10,5,0.9577995478522984,6.848964877335419
đổi xe,15,Trộn,25,5,0.9375,5.717185537213481
đổi xe,15,Chỉ đích,25,5,0.9573170731707317,6.848964877335419
đổi xe,15,Trộn,50,5,0.9355089355089355,5.702020214737274
đổi xe,15,Chỉ đích,50,5,0.9246309246309247,5.354768889651268
đổi xe,15,Trộn,100,5,0.936944219886823,5.702020214737274
đổi xe,15,Chỉ đích,100,5,0.9256265157639451,5.354768889651268
đổi xe,15,Trộn,200,5,0.9331574318381706,5.639625610548137
đổi xe,15,Chỉ đích,200,5,0.9129287598944591,5.001280102539056
đổi xe,15,Trộn,10,6,0.9374529012810852,5.717185537213481
đổi xe,15,Chỉ đích,10,6,0.8244159758854559,3.651109969485077
đổi xe,15,Trộn,25,6,0.9382621951219512,5.73037743410282
đổi xe,15,Chỉ đích,25,6,0.993140243902439,11.33042410853517
đổi xe,15,Trộn,50,6,0.9386169386169386,5.717185537213481
đổi xe,15,Chỉ đích,50,6,0.9417249417249417,5.99777455752718
đổi xe,15,Trộn,100,6,0.9401778496362166,5.717185537213481
đổi xe,15,Chỉ đích,100,6,0.9434114793856103,5.99777455752718
đổi xe,15,Trộn,200,6,0.941952506596306,5.7109808151658115
đổi xe,15,Chỉ đích,200,6,0.9384344766930519,5.640983967331266
đổi xe,15,Trộn,10,7,0.9374529012810852,5.717185537213481
đổi xe,15,Chỉ đích,10,7,0.8183873398643556,3.621429029980362
đổi xe,15,Trộn,25,7,0.9375,5.717185537213481
đổi xe,15,Chỉ đích,25,7,0.948170731707317,6.373199172031747
đổi xe,15,Trộn,50,7,0.9386169386169386,5.717185537213481
đổi xe,15,Chỉ đích,50,7,0.9494949494949495,6.373199172031747
đổi xe,15,Trộn,100,7,0.936944219886823,5.702020214737274
đổi xe,15,Chỉ đích,100,7,0.9126919967663703,5.0642934475848165
đổi xe,15,Trộn,200,7,0.9331574318381706,5.639625610548137
đổi xe,15,Chỉ đích,200,7,0.911169744942832,4.962162484886505
đổi xe,15,Trộn,10,8,0.9374529012810852,5.717185537213481
đổi xe,15,Chỉ đích,10,8,0.6443104747550866,2.327581627208218
đổi xe,15,Trộn,25,8,0.9359756097560976,5.7109808151658115
đổi xe,15,Chỉ đích,25,8,0.9054878048780488,4.863334928998
đổi xe,15,Trộn,50,8,0.9331779331779332,5.693836680973504
đổi xe,15,Chỉ đích,50,8,0.8873348873348873,4.570373116287499
đổi xe,15,Trộn,100,8,0.9304769603880356,5.639625610548137
đổi xe,15,Chỉ đích,100,8,0.8868229587712207,4.570373116287499
đổi xe,15,Trộn,200,8,0.93051890941073,5.619811559104164
đổi xe,15,Chỉ đích,200,8,0.8883025505716798,4.605899418583647
đổi xe,15,Trộn,10,9,0.9382064807837227,5.73037743410282
đổi xe,15,Chỉ đích,10,9,0.9608138658628486,7.025665187998868
đổi xe,15,Trộn,25,9,0.9382621951219512,5.73037743410282
đổi xe,15,Chỉ đích,25,9,0.9603658536585366,7.025665187998868
đổi xe,15,Trộn,50,9,0.9355089355089355,5.702020214737274
đổi xe,15,Chỉ đích,50,9,0.9176379176379177,5.1650834580288745
đổi xe,15,Trộn,100,9,0.9304769603880356,5.639625610548137
đổi xe,15,Chỉ đích,100,9,0.8649959579628133,4.236876682716002
đổi xe,15,Trộn,200,9,0.9393139841688655,5.698997626410687
đổi xe,15,Chỉ đích,200,9,0.9217238346525946,5.1759226035465815
đổi xe,15,Trộn,10,10,0.9374529012810852,5.717185537213481
đổi xe,15,Chỉ đích,10,10,0.8786737000753579,4.345694819349774
đổi xe,15,Trộn,25,10,0.9375,5.717185537213481
đổi xe,15,Chỉ đích,25,10,0.9695121951219512,7.807233072916631
đổi xe,15,Trộn,50,10,0.9370629370629371,5.7109808151658115
đổi xe,15,Chỉ đích,50,10,0.8772338772338772,4.345694819349774
đổi xe,15,Trộn,100,10,0.936944219886823,5.702020214737274
đổi xe,15,Chỉ đích,100,10,0.9304769603880356,5.46217487881367
đổi xe,15,Trộn,200,10,0.9313984168865436,5.632519048095986
đổi xe,15,Chỉ đích,200,10,0.8944591029023746,4.69309362925938
đổi xe,15,Trộn,10,11,0.9382064807837227,5.73037743410282
đổi xe,15,Chỉ đích,10,11,0.9532780708364732,6.611310873968364
đổi xe,15,Trộn,25,11,0.9375,5.717185537213481
đổi xe,15,Chỉ đích,25,11,0.9527439024390244,6.611310873968364
đổi xe,15,Trộn,50,11,0.9370629370629371,5.7109808151658115
đổi xe,15,Chỉ đích,50,11,0.8997668997668997,4.786510343199495
đổi xe,15,Trộn,100,11,0.9361358124494745,5.698997626410687
đổi xe,15,Chỉ đích,100,11,0.8876313662085691,4.58446729613604
đổi xe,15,Trộn,200,11,0.9384344766930519,5.698987847222213
đổi xe,15,Chỉ đích,200,11,0.899736147757256,4.786510343199495
đổi xe,15,Trộn,10,12,0.9382064807837227,5.73037743410282
đổi xe,15,Chỉ đích,10,12,0.9683496608892238,7.6667978714554295
đổi xe,15,Trộn,25,12,0.9375,5.717185537213481
đổi xe,15,Chỉ đích,25,12,0.9679878048780488,7.6667978714554295
đổi xe,15,Trộn,50,12,0.9355089355089355,5.702020214737274
đổi xe,15,Chỉ đích,50,12,0.9300699300699301,5.480731907841459
đổi xe,15,Trộn,100,12,0.9304769603880356,5.639625610548137
đổi xe,15,Chỉ đích,100,12,0.9175424413904608,5.15696556365188
đổi xe,15,Trộn,200,12,0.93051890941073,5.619811559104164
đổi xe,15,Chỉ đích,200,12,0.9190853122251539,5.15696556365188
đổi xe,15,Trộn,10,13,0.9382064807837227,5.73037743410282
đổi xe,15,Chỉ đích,10,13,0.9917106254709872,10.679765613523358
đổi xe,15,Trộn,25,13,0.9382621951219512,5.73037743410282
đổi xe,15,Chỉ đích,25,13,0.9916158536585366,10.679765613523358
đổi xe,15,Trộn,50,13,0.9386169386169386,5.717185537213481
đổi xe,15,Chỉ đích,50,13,0.9681429681429682,7.594917660590255
đổi xe,15,Trộn,100,13,0.9361358124494745,5.698997626410687
đổi xe,15,Chỉ đích,100,13,0.9207760711398545,5.176185792784679
đổi xe,15,Trộn,200,13,0.9384344766930519,5.698987847222213
đổi xe,15,Chỉ đích,200,13,0.9340369393139841,5.480731907841459
đổi xe,15,Trộn,10,14,0.9374529012810852,5.717185537213481
đổi xe,15,Chỉ đích,10,14,0.8620949510173324,4.141463797200515
đổi xe,15,Trộn,25,14,0.9382621951219512,5.73037743410282
đổi xe,15,Chỉ đích,25,14,0.9725609756097561,7.938766910730834
đổi xe,15,Trộn,50,14,0.9386169386169386,5.717185537213481
đổi xe,15,Chỉ đích,50,14,0.9564879564879565,6.6970363290293164
đổi xe,15,Trộn,100,14,0.9401778496362166,5.717185537213481
đổi xe,15,Chỉ đích,100,14,0.9490703314470493,6.280620332031219
đổi xe,15,Trộn,200,14,0.941952506596306,5.7109808151658115
đổi xe,15,Chỉ đích,200,14,0.9322779243623571,5.448785190679985
đổi xe,15,Trộn,10,15,0.9374529012810852,5.717185537213481
đổi xe,15,Chỉ đích,10,15,0.8432554634513941,3.8969909313893254
đổi xe,15,Trộn,25,15,0.9359756097560976,5.7109808151658115
đổi xe,15,Chỉ đích,25,15,0.9291158536585366,5.480731907841459
đổi xe,15,Trộn,50,15,0.9370629370629371,5.7109808151658115
đổi xe,15,Chỉ đích,50,15,0.9300699300699301,5.480731907841459
đổi xe,15,Trộn,100,15,0.9345189975747777,5.693836680973504
đổi xe,15,Chỉ đích,100,15,0.9232012934518997,5.248026820920586
đổi xe,15,Trộn,200,15,0.9313984168865436,5.632519048095986
đổi xe,15,Chỉ đích,200,15,0.9155672823218998,5.123370474740227
đổi xe,15,Trộn,10,16,0.9374529012810852,5.717185537213481
đổi xe,15,Chỉ đích,10,16,0.8847023360964582,4.5070608516518575
đổi xe,15,Trộn,25,16,0.9375,5.717185537213481
đổi xe,15,Chỉ đích,25,16,0.9961890243902439,12.240569911228988
đổi xe,15,Trộn,50,16,0.9378399378399378,5.712782253689255
đổi xe,15,Chỉ đích,50,16,0.9378399378399378,5.712782253689255
đổi xe,15,Trộn,100,16,0.9393694421988682,5.712782253689255
đổi xe,15,Chỉ đích,100,16,0.9393694421988682,5.712782253689255
đổi xe,15,Trộn,200,16,0.9445910290237467,5.73037743410282
đổi xe,15,Chỉ đích,200,16,0.9472295514511874,5.99777455752718
đổi xe,15,Trộn,10,17,0.9374529012810852,5.717185537213481
đổi xe,15,Chỉ đích,10,17,0.7889977392614921,3.2354471693808478
đổi xe,15,Trộn,25,17,0.9367378048780488,5.712782253689255
đổi xe,15,Chỉ đích,25,17,0.9367378048780488,5.712782253689255
đổi xe,15,Trộn,50,17,0.9355089355089355,5.702020214737274
đổi xe,15,Chỉ đích,50,17,0.9114219114219114,5.001280102539056
đổi xe,15,Trộn,100,17,0.9304769603880356,5.639625610548137
đổi xe,15,Chỉ đích,100,17,0.8916734033953112,4.632586714487076
đổi xe,15,Trộn,200,17,0.93051890941073,5.619811559104164
đổi xe,15,Chỉ đích,200,17,0.8962181178540017,4.750018780048038
đổi xe,15,Trộn,10,18,0.9374529012810852,5.717185537213481
đổi xe,15,Chỉ đích,10,18,0.4483798040693293,1.437089538472975
đổi xe,15,Trộn,25,18,0.9382621951219512,5.73037743410282
đổi xe,15,Chỉ đích,25,18,0.9923780487804879,10.920774251302134
đổi xe,15,Trộn,50,18,0.9386169386169386,5.717185537213481
đổi xe,15,Chỉ đích,50,18,0.9642579642579643,7.3549715813252305
đổi xe,15,Trộn,100,18,0.9385610347615198,5.7109808151658115
đổi xe,15,Chỉ đích,100,18,0.9329021827000809,5.562364889517653
đổi xe,15,Trộn,200,18,0.9322779243623571,5.635319646190254
đổi xe,15,Chỉ đích,200,18,0.8988566402814424,4.779789158218733
đổi xe,15,Trộn,10,19,0.9374529012810852,5.717185537213481
đổi xe,15,Chỉ đích,10,19,0.8538055764883196,4.0145740984881115
đổi xe,15,Trộn,25,19,0.9375,5.717185537213481
đổi xe,15,Chỉ đích,25,19,0.9679878048780488,7.6667978714554295
đổi xe,15,Trộn,50,19,0.9386169386169386,5.717185537213481
đổi xe,15,Chỉ đích,50,19,0.9588189588189588,6.848964877335419
đổi xe,15,Trộn,100,19,0.9361358124494745,5.698997626410687
đổi xe,15,Chỉ đích,100,19,0.9191592562651576,5.17170721645158
đổi xe,15,Trộn,200,19,0.9366754617414248,5.667492217251834
đổi xe,15,Chỉ đích,200,19,0.920844327176781,5.17170721645158
đổi xe,16,Chỉ nguồn,10,0,0.9039615846338536,5.757797434048712
đổi xe,16,Trộn,10,0,0.9039615846338536,5.775382299804676
đổi xe,16,Chỉ đích,10,0,0.9879951980792316,11.412565167720743
đổi xe,16,Chỉ nguồn,25,0,0.903694730466384,5.757797434048712
đổi xe,16,Trộn,25,0,0.903694730466384,5.775382299804676
đổi xe,16,Chỉ đích,25,0,0.987886129618413,11.412565167720743
đổi xe,16,Chỉ nguồn,50,0,0.9040590405904059,5.757797434048712
đổi xe,16,Trộn,50,0,0.9040590405904059,5.775382299804676
đổi xe,16,Chỉ đích,50,0,0.988929889298893,11.358814908854214
đổi xe,16,Chỉ nguồn,100,0,0.9016497461928934,5.757797434048712
đổi xe,16,Trộn,100,0,0.899746192893401,5.7171556834095725
đổi xe,16,Chỉ đích,100,0,0.868020304568528,5.0349721844226565
đổi xe,16,Chỉ nguồn,200,0,0.9031165311653117,5.757797434048712
đổi xe,16,Trộn,200,0,0.9031165311653117,5.7395469815920706
đổi xe,16,Chỉ đích,200,0,0.9159891598915989,6.143632058764268
đổi xe,16,Trộn,10,1,0.9033613445378151,5.757797434048712
đổi xe,16,Chỉ đích,10,1,0.9789915966386554,9.878743236564873
đổi xe,16,Trộn,25,1,0.9030890369473047,5.757797434048712
đổi xe,16,Chỉ đích,25,1,0.9788007268322229,9.878743236564873
đổi xe,16,Trộn,50,1,0.9003690036900369,5.719080935688083
đổi xe,16,Chỉ đích,50,1,0.8763837638376384,5.222788644709993
đổi xe,16,Trộn,100,1,0.9003807106598984,5.719080935688083
đổi xe,16,Chỉ đích,100,1,0.8908629441624365,5.571826949242023
đổi xe,16,Trộn,200,1,0.8949864498644986,5.679308315248903
đổi xe,16,Chỉ đích,200,1,0.8787262872628726,5.3365677555236175
đổi xe,16,Trộn,10,2,0.9039615846338536,5.775382299804676
đổi xe,16,Chỉ đích,10,2,0.982593037214886,10.415828191260346
đổi xe,16,Trộn,25,2,0.903694730466384,5.775382299804676
đổi xe,16,Chỉ đích,25,2,0.9993943064809206,20.720030893160143
đổi xe,16,Trộn,50,2,0.9034440344403444,5.757797434048712
đổi xe,16,Chỉ đích,50,2,0.9520295202952029,7.262607224934811
đổi xe,16,Trộn,100,2,0.9029187817258884,5.7395469815920706
đổi xe,16,Chỉ đích,100,2,0.9124365482233503,6.119861453647815
đổi xe,16,Trộn,200,2,0.8936314363143631,5.640702814549542
đổi xe,16,Chỉ đích,200,2,0.8550135501355014,4.816384085329105
đổi xe,16,Trộn,10,3,0.9027611044417767,5.7395469815920706
đổi xe,16,Chỉ đích,10,3,0.7887154861944778,3.7857174524376944
đổi xe,16,Trộn,25,3,0.9024833434282253,5.7395469815920706
đổi xe,16,Chỉ đích,25,3,0.9963658388855239,14.519824488765508
đổi xe,16,Trộn,50,3,0.9034440344403444,5.757797434048712
đổi xe,16,Chỉ đích,50,3,0.9366543665436654,6.569040909761156
đổi xe,16,Trộn,100,3,0.9035532994923858,5.757797434048712
đổi xe,16,Chỉ đích,100,3,0.9270304568527918,6.3560864347539905
đổi xe,16,Trộn,200,3,0.9071815718157181,5.793553894131065
đổi xe,16,Chỉ đích,200,3,0.9329268292682927,6.430398838975719
đổi xe,16,Trộn,10,4,0.9039615846338536,5.775382299804676
đổi xe,16,Chỉ đích,10,4,0.9489795918367347,7.156688047055866
đổi xe,16,Trộn,25,4,0.9030890369473047,5.757797434048712
đổi xe,16,Chỉ đích,25,4,0.9485160508782556,7.156688047055866
đổi xe,16,Trộn,50,4,0.9003690036900369,5.719080935688083
đổi xe,16,Chỉ đích,50,4,0.8800738007380073,5.302440021188289
đổi xe,16,Trộn,100,4,0.9003807106598984,5.719080935688083
đổi xe,16,Chỉ đích,100,4,0.8794416243654822,5.302440021188289
đổi xe,16,Trộn,200,4,0.9031165311653117,5.7395469815920706
đổi xe,16,Chỉ đích,200,4,0.9065040650406504,5.955933307818384
đổi xe,16,Trộn,10,5,0.9039615846338536,5.775382299804676
đổi xe,16,Chỉ đích,10,5,0.9381752701080432,6.61983717866309
đổi xe,16,Trộn,25,5,0.9049061175045428,5.788505202697451
đổi xe,16,Chỉ đích,25,5,0.9376135675348274,6.61983717866309
đổi xe,16,Trộn,50,5,0.9034440344403444,5.757797434048712
đổi xe,16,Chỉ đích,50,5,0.9274292742927429,6.379463550192213
đổi xe,16,Trộn,100,5,0.9035532994923858,5.757797434048712
đổi xe,16,Chỉ đích,100,5,0.9282994923857868,6.379463550192213
đổi xe,16,Trộn,200,5,0.9058265582655827,5.788505202697451
đổi xe,16,Chỉ đích,200,5,0.9302168021680217,6.379463550192213
đổi xe,16,Trộn,10,6,0.9033613445378151,5.757797434048712
đổi xe,16,Chỉ đích,10,6,0.9525810324129652,7.273434366861949
đổi xe,16,Trộn,25,6,0.9030890369473047,5.757797434048712
đổi xe,16,Chỉ đích,25,6,0.9521502119927316,7.273434366861949
đổi xe,16,Trộn,50,6,0.9040590405904059,5.775382299804676
đổi xe,16,Chỉ đích,50,6,0.9532595325953259,7.273434366861949
đổi xe,16,Trộn,100,6,0.9067258883248731,5.793553894131065
đổi xe,16,Chỉ đích,100,6,0.9384517766497462,6.580084378522429
đổi xe,16,Trộn,200,6,0.9105691056910569,5.874647528754451
đổi xe,16,Chỉ đích,200,6,0.9336043360433605,6.446823900592193
đổi xe,16,Trộn,10,7,0.9033613445378151,5.757797434048712
đổi xe,16,Chỉ đích,10,7,0.9549819927971188,7.487306450737833
đổi xe,16,Trộn,25,7,0.9061175045427013,5.793553894131065
đổi xe,16,Chỉ đích,25,7,0.9969715324046032,16.97927059052239
đổi xe,16,Trộn,50,7,0.9077490774907749,5.819238091362905
đổi xe,16,Chỉ đích,50,7,0.947109471094711,7.013812111183455
đổi xe,16,Trộn,100,7,0.9079949238578681,5.819238091362905
đổi xe,16,Chỉ đích,100,7,0.934010152284264,6.509351671006868
đổi xe,16,Trộn,200,7,0.9085365853658537,5.819238091362905
đổi xe,16,Chỉ đích,200,7,0.9247967479674797,6.303812662760379
đổi xe,16,Trộn,10,8,0.9027611044417767,5.7395469815920706
đổi xe,16,Chỉ đích,10,8,0.8601440576230492,4.806788533528675
đổi xe,16,Trộn,25,8,0.9030890369473047,5.757797434048712
đổi xe,16,Chỉ đích,25,8,0.9884918231374924,11.630448887204892
đổi xe,16,Trộn,50,8,0.9034440344403444,5.757797434048712
đổi xe,16,Chỉ đích,50,8,0.9600246002460024,7.834001562006733
đổi xe,16,Trộn,100,8,0.8965736040609137,5.687546517977154
đổi xe,16,Chỉ đích,100,8,0.8572335025380711,4.806788533528675
đổi xe,16,Trộn,200,8,0.9031165311653117,5.7395469815920706
đổi xe,16,Chỉ đích,200,8,0.9173441734417345,6.151456649137174
đổi xe,16,Trộn,10,9,0.9033613445378151,5.757797434048712
đổi xe,16,Chỉ đích,10,9,0.9519807923169268,7.264365950865312
đổi xe,16,Trộn,25,9,0.903694730466384,5.775382299804676
đổi xe,16,Chỉ đích,25,9,0.9515445184736523,7.264365950865312
đổi xe,16,Trộn,50,9,0.9028290282902829,5.7395469815920706
đổi xe,16,Chỉ đích,50,9,0.923739237392374,6.325674168173691
đổi xe,16,Trộn,100,9,0.8965736040609137,5.687546517977154
đổi xe,16,Chỉ đích,100,9,0.8730964467005076,5.171865146484464
đổi xe,16,Trộn,200,9,0.9004065040650406,5.719080935688083
đổi xe,16,Chỉ đích,200,9,0.8983739837398373,5.692839886706878
đổi xe,16,Trộn,10,10,0.9033613445378151,5.757797434048712
đổi xe,16,Chỉ đích,10,10,0.9831932773109243,10.504756639387608
đổi xe,16,Trộn,25,10,0.9030890369473047,5.757797434048712
đổi xe,16,Chỉ đích,25,10,0.9830405814657783,10.504756639387608
đổi xe,16,Trộn,50,10,0.9028290282902829,5.7395469815920706
đổi xe,16,Chỉ đích,50,10,0.9298892988929889,6.430398838975719
đổi xe,16,Trộn,100,10,0.9029187817258884,5.7395469815920706
đổi xe,16,Chỉ đích,100,10,0.9060913705583756,5.955933307818384
đổi xe,16,Trộn,200,10,0.9004065040650406,5.719080935688083
đổi xe,16,Chỉ đích,200,10,0.8909214092140921,5.573415607263286
đổi xe,16,Trộn,10,11,0.9027611044417767,5.7395469815920706
đổi xe,16,Chỉ đích,10,11,0.89015606242497,5.504062793872947
đổi xe,16,Trộn,25,11,0.9000605693519079,5.719080935688083
đổi xe,16,Chỉ đích,25,11,0.8891580860084797,5.504062793872947
đổi xe,16,Trộn,50,11,0.8997539975399754,5.7171556834095725
đổi xe,16,Chỉ đích,50,11,0.8831488314883149,5.349130325218681
đổi xe,16,Trộn,100,11,0.9029187817258884,5.7395469815920706
đổi xe,16,Chỉ đích,100,11,0.9029187817258884,5.785355142827257
đổi xe,16,Trộn,200,11,0.8943089430894309,5.642625972785254
đổi xe,16,Chỉ đích,200,11,0.8739837398373984,5.222788644709993
đổi xe,16,Trộn,10,12,0.9039615846338536,5.775382299804676
đổi xe,16,Chỉ đích,10,12,0.9735894357743097,9.542156294565359
đổi xe,16,Trộn,25,12,0.903694730466384,5.775382299804676
đổi xe,16,Chỉ đích,25,12,0.9733494851605088,9.542156294565359
đổi xe,16,Trộn,50,12,0.9040590405904059,5.775382299804676
đổi xe,16,Chỉ đích,50,12,0.9415744157441575,6.716985065779824
đổi xe,16,Trộn,100,12,0.9035532994923858,5.757797434048712
đổi xe,16,Chỉ đích,100,12,0.9149746192893401,6.143632058764268
đổi xe,16,Trộn,200,12,0.9017615176151762,5.7288286735629015
đổi xe,16,Chỉ đích,200,12,0.9017615176151762,5.7288286735629015
đổi xe,16,Trộn,10,13,0.9033613445378151,5.757797434048712
đổi xe,16,Chỉ đích,10,13,1.0,26.289397167277286
đổi xe,16,Trộn,25,13,0.9024833434282253,5.7395469815920706
đổi xe,16,Chỉ đích,25,13,1.0,26.289397167277286
đổi xe,16,Trộn,50,13,0.9003690036900369,5.719080935688083
đổi xe,16,Chỉ đích,50,13,0.8966789667896679,5.606568230289355
đổi xe,16,Trộn,100,13,0.899746192893401,5.7171556834095725
đổi xe,16,Chỉ đích,100,13,0.8959390862944162,5.605669975697964
đổi xe,16,Trộn,200,13,0.8997289972899729,5.7171556834095725
đổi xe,16,Chỉ đích,200,13,0.8956639566395664,5.605669975697964
đổi xe,16,Trộn,10,14,0.9027611044417767,5.7395469815920706
đổi xe,16,Chỉ đích,10,14,0.851140456182473,4.607175272528281
đổi xe,16,Trộn,25,14,0.9049061175045428,5.788505202697451
đổi xe,16,Chỉ đích,25,14,0.9897032101756511,11.747673782599207
đổi xe,16,Trộn,50,14,0.9034440344403444,5.757797434048712
đổi xe,16,Chỉ đích,50,14,0.9206642066420664,6.242531924652781
đổi xe,16,Trộn,100,14,0.9010152284263959,5.720993677460996
đổi xe,16,Chỉ đích,100,14,0.9010152284263959,5.720993677460996
đổi xe,16,Trộn,200,14,0.8963414634146342,5.687546517977154
đổi xe,16,Chỉ đích,200,14,0.8888888888888888,5.515751722181136
đổi xe,16,Trộn,10,15,0.9027611044417767,5.7395469815920706
đổi xe,16,Chỉ đích,10,15,0.8991596638655462,5.692839886706878
đổi xe,16,Trộn,25,15,0.9000605693519079,5.719080935688083
đổi xe,16,Chỉ đích,25,15,0.8982434887946699,5.692839886706878
đổi xe,16,Trộn,50,15,0.9028290282902829,5.7395469815920706
đổi xe,16,Chỉ đích,50,15,0.9188191881918819,6.2218764811261735
đổi xe,16,Trộn,100,15,0.9086294416243654,5.82389095367941
đổi xe,16,Chỉ đích,100,15,0.9397208121827412,6.61983717866309
đổi xe,16,Trộn,200,15,0.9119241192411924,5.896115505642371
đổi xe,16,Chỉ đích,200,15,0.9363143631436315,6.509351671006868
đổi xe,16,Trộn,10,16,0.9039615846338536,5.775382299804676
đổi xe,16,Chỉ đích,10,16,0.9429771908763506,6.75848068966576
đổi xe,16,Trộn,25,16,0.9061175045427013,5.793553894131065
đổi xe,16,Chỉ đích,25,16,0.9897032101756511,11.747673782599207
đổi xe,16,Trộn,50,16,0.9089790897908979,5.845999269085183
đổi xe,16,Chỉ đích,50,16,0.984009840098401,10.415828191260346
đổi xe,16,Trộn,100,16,0.9092639593908629,5.845999269085183
đổi xe,16,Chỉ đích,100,16,0.9733502538071066,9.177211809408277
đổi xe,16,Trộn,200,16,0.9098915989159891,5.845999269085183
đổi xe,16,Chỉ đích,200,16,0.9424119241192412,6.61983717866309
đổi xe,16,Trộn,10,17,0.9039615846338536,5.775382299804676
đổi xe,16,Chỉ đích,10,17,0.978391356542617,9.805562829011308
đổi xe,16,Trộn,25,17,0.9049061175045428,5.788505202697451
đổi xe,16,Chỉ đích,25,17,0.9927316777710479,12.972859411814852
đổi xe,16,Trộn,50,17,0.9034440344403444,5.757797434048712
đổi xe,16,Chỉ đích,50,17,0.923739237392374,6.325674168173691
đổi xe,16,Trộn,100,17,0.9079949238578681,5.819238091362905
đổi xe,16,Chỉ đích,100,17,0.9568527918781726,7.3896073367714905
đổi xe,16,Trộn,200,17,0.9105691056910569,5.874647528754451
đổi xe,16,Chỉ đích,200,17,0.9505420054200542,6.952780129589399
đổi xe,16,Trộn,10,18,0.9039615846338536,5.775382299804676
đổi xe,16,Chỉ đích,10,18,0.9069627851140456,6.011402206029629
đổi xe,16,Trộn,25,18,0.903694730466384,5.775382299804676
đổi xe,16,Chỉ đích,25,18,0.9303452453058753,6.476607097301439
đổi xe,16,Trộn,50,18,0.9052890528905289,5.788505202697451
đổi xe,16,Chỉ đích,50,18,0.9108241082410824,6.096002444620524
đổi xe,16,Trộn,100,18,0.9035532994923858,5.757797434048712
đổi xe,16,Chỉ đích,100,18,0.9054568527918782,5.940940332657277
đổi xe,16,Trộn,200,18,0.9058265582655827,5.788505202697451
đổi xe,16,Chỉ đích,200,18,0.9112466124661247,6.092560953388556
đổi xe,16,Trộn,10,19,0.9033613445378151,5.757797434048712
đổi xe,16,Chỉ đích,10,19,0.9387755102040817,6.667714498540477
đổi xe,16,Trộn,25,19,0.9024833434282253,5.7395469815920706
đổi xe,16,Chỉ đích,25,19,0.9382192610539067,6.667714498540477
đổi xe,16,Trộn,50,19,0.9003690036900369,5.719080935688083
đổi xe,16,Chỉ đích,50,19,0.8763837638376384,5.222788644709993
đổi xe,16,Trộn,100,19,0.899746192893401,5.7171556834095725
đổi xe,16,Chỉ đích,100,19,0.8699238578680203,5.098527259657118
đổi xe,16,Trộn,200,19,0.8949864498644986,5.679308315248903
đổi xe,16,Chỉ đích,200,19,0.8739837398373984,5.222788644709993
đổi xe,17,Chỉ nguồn,10,0,0.9179875947622329,5.797086411141379
đổi xe,17,Trộn,10,0,0.9179875947622329,5.792369699371477
đổi xe,17,Chỉ đích,10,0,0.8752584424534804,4.696871523514915
đổi xe,17,Chỉ nguồn,25,0,0.9185236768802229,5.797086411141379
đổi xe,17,Trộn,25,0,0.9185236768802229,5.797086411141379
đổi xe,17,Chỉ đích,25,0,0.9937325905292479,15.689584474075161
đổi xe,17,Chỉ nguồn,50,0,0.9184975194897236,5.797086411141379
đổi xe,17,Trộn,50,0,0.9184975194897236,5.792369699371477
đổi xe,17,Chỉ đích,50,0,0.9525159461374911,7.535339640299441
đổi xe,17,Chỉ nguồn,100,0,0.919911829537105,5.797086411141379
đổi xe,17,Trộn,100,0,0.919911829537105,5.797086411141379
đổi xe,17,Chỉ đích,100,0,0.9382806759735489,6.668587896437913
đổi xe,17,Chỉ nguồn,200,0,0.9167327517842981,5.797086411141379
đổi xe,17,Trộn,200,0,0.9127676447264076,5.747917528462182
đổi xe,17,Chỉ đích,200,0,0.9000793021411578,5.342456171473373
đổi xe,17,Trộn,10,1,0.9179875947622329,5.792369699371477
đổi xe,17,Chỉ đích,10,1,0.8208132322536182,3.816152929299875
đổi xe,17,Trộn,25,1,0.9185236768802229,5.797086411141379
đổi xe,17,Chỉ đích,25,1,0.9623955431754875,8.200963551102035
đổi xe,17,Trộn,50,1,0.9192062367115521,5.797086411141379
đổi xe,17,Chỉ đích,50,1,0.9418851878100638,6.986153811673091
đổi xe,17,Trộn,100,1,0.9243203526818515,5.838172199722919
đổi xe,17,Chỉ đích,100,1,0.9500367376928729,7.35292949780947
đổi xe,17,Trộn,200,1,0.9270420301348137,5.870140260416633
đổi xe,17,Chỉ đích,200,1,0.9484536082474226,7.092810888671863
đổi xe,17,Trộn,10,2,0.9186767746381805,5.797086411141379
đổi xe,17,Chỉ đích,10,2,0.9738111647139903,9.32438111468548
đổi xe,17,Trộn,25,2,0.9178272980501393,5.792369699371477
đổi xe,17,Chỉ đích,25,2,0.9735376044568245,9.32438111468548
đổi xe,17,Trộn,50,2,0.9163713678242381,5.77964271615221
đổi xe,17,Chỉ đích,50,2,0.9078667611622963,5.525698236374723
đổi xe,17,Trộn,100,2,0.9132990448199853,5.752994053431934
đổi xe,17,Chỉ đích,100,2,0.8897869213813373,5.094660141206987
đổi xe,17,Trộn,200,2,0.9199048374306106,5.789052196446789
đổi xe,17,Chỉ đích,200,2,0.9135606661379857,5.6435735910935705
đổi xe,17,Trộn,10,3,0.9186767746381805,5.797086411141379
đổi xe,17,Chỉ đích,10,3,0.9297036526533425,6.348424003310811
đổi xe,17,Trộn,25,3,0.9206128133704735,5.811158190874323
đổi xe,17,Chỉ đích,25,3,0.9965181058495822,17.580164998169934
đổi xe,17,Trộn,50,3,0.920623671155209,5.804191035928852
đổi xe,17,Chỉ đích,50,3,0.9355067328136074,6.631312844609965
đổi xe,17,Trộn,100,3,0.9206465833945628,5.799213612196212
đổi xe,17,Chỉ đích,100,3,0.9279941219691403,6.222347001206003
đổi xe,17,Trộn,200,3,0.9214908802537668,5.797086411141379
đổi xe,17,Chỉ đích,200,3,0.9246629659000793,6.009954357222654
đổi xe,17,Trộn,10,4,0.9193659545141282,5.799213612196212
đổi xe,17,Chỉ đích,10,4,0.9772570640937285,9.936860643558788
đổi xe,17,Trộn,25,4,0.9185236768802229,5.797086411141379
đổi xe,17,Chỉ đích,25,4,0.9770194986072424,9.936860643558788
đổi xe,17,Trộn,50,4,0.9184975194897236,5.792369699371477
đổi xe,17,Chỉ đích,50,4,0.9220411055988661,6.009954357222654
đổi xe,17,Trộn,100,4,0.919911829537105,5.797086411141379
đổi xe,17,Chỉ đích,100,4,0.922850844966936,6.009954357222654
đổi xe,17,Trộn,200,4,0.922283901665345,5.799213612196212
đổi xe,17,Chỉ đích,200,4,0.9246629659000793,6.009954357222654
đổi xe,17,Trộn,10,5,0.9179875947622329,5.792369699371477
đổi xe,17,Chỉ đích,10,5,0.8718125430737422,4.64062976849263
đổi xe,17,Trộn,25,5,0.9178272980501393,5.792369699371477
đổi xe,17,Chỉ đích,25,5,1.0,32.25575191683305
đổi xe,17,Trộn,50,5,0.9163713678242381,5.77964271615221
đổi xe,17,Chỉ đích,50,5,0.8703047484053863,4.64062976849263
đổi xe,17,Trộn,100,5,0.9118295371050698,5.747917528462182
đổi xe,17,Chỉ đích,100,5,0.8648052902277737,4.563812274305519
đổi xe,17,Trộn,200,5,0.9206978588421887,5.792369699371477
đổi xe,17,Chỉ đích,200,5,0.9278350515463918,6.106040326605893
đổi xe,17,Trộn,10,6,0.9186767746381805,5.797086411141379
đổi xe,17,Chỉ đích,10,6,0.9455547898001379,7.299793642397333
đổi xe,17,Trộn,25,6,0.9185236768802229,5.797086411141379
đổi xe,17,Chỉ đích,25,6,0.9561281337047354,7.817316218532909
đổi xe,17,Trộn,50,6,0.9184975194897236,5.792369699371477
đổi xe,17,Chỉ đích,50,6,0.9461374911410347,7.299793642397333
đổi xe,17,Trộn,100,6,0.9213813372520205,5.804191035928852
đổi xe,17,Chỉ đích,100,6,0.9581190301249082,7.72985218685244
đổi xe,17,Trộn,200,6,0.922283901665345,5.799213612196212
đổi xe,17,Chỉ đích,200,6,0.9318001586042823,6.2954305844016005
đổi xe,17,Trộn,10,7,0.9186767746381805,5.797086411141379
đổi xe,17,Chỉ đích,10,7,0.9469331495520331,7.325872286706328
đổi xe,17,Trộn,25,7,0.9185236768802229,5.797086411141379
đổi xe,17,Chỉ đích,25,7,0.947075208913649,7.35292949780947
đổi xe,17,Trộn,50,7,0.9184975194897236,5.792369699371477
đổi xe,17,Chỉ đích,50,7,0.9241672572643516,6.078231602647435
đổi xe,17,Trộn,100,7,0.9184423218221895,5.789052196446789
đổi xe,17,Chỉ đích,100,7,0.916972814107274,5.765608024350996
đổi xe,17,Trộn,200,7,0.9111816019032514,5.71337362879288
đổi xe,17,Chỉ đích,200,7,0.8786677240285488,4.835140401432483
đổi xe,17,Trộn,10,8,0.9193659545141282,5.799213612196212
đổi xe,17,Chỉ đích,10,8,0.9951757408683667,15.977719556206637
đổi xe,17,Trộn,25,8,0.9192200557103064,5.799213612196212
đổi xe,17,Chỉ đích,25,8,0.995125348189415,15.977719556206637
đổi xe,17,Trộn,50,8,0.9192062367115521,5.797086411141379
đổi xe,17,Chỉ đích,50,8,0.9546420978029766,7.6653827338323595
đổi xe,17,Trộn,100,8,0.9162380602498164,5.778890569318833
đổi xe,17,Chỉ đích,100,8,0.8471711976487877,4.280080822063098
đổi xe,17,Trộn,200,8,0.9183187946074544,5.77964271615221
đổi xe,17,Chỉ đích,200,8,0.9175257731958762,5.763171136727351
đổi xe,17,Trộn,10,9,0.9179875947622329,5.792369699371477
đổi xe,17,Chỉ đích,10,9,0.6119917298414886,2.2097674018012867
đổi xe,17,Trộn,25,9,0.9185236768802229,5.797086411141379
đổi xe,17,Chỉ đích,25,9,0.9449860724233984,7.299793642397333
đổi xe,17,Trộn,50,9,0.9199149539333806,5.799213612196212
đổi xe,17,Chỉ đích,50,9,0.9298369950389794,6.348424003310811
đổi xe,17,Trộn,100,9,0.9221160911094783,5.811158190874323
đổi xe,17,Chỉ đích,100,9,0.9478324761204996,7.299793642397333
đổi xe,17,Trộn,200,9,0.9230769230769231,5.804191035928852
đổi xe,17,Chỉ đích,200,9,0.9238699444885012,6.004235513279497
đổi xe,17,Trộn,10,10,0.9186767746381805,5.797086411141379
đổi xe,17,Chỉ đích,10,10,0.9731219848380427,9.315236986046699
đổi xe,17,Trộn,25,10,0.9178272980501393,5.792369699371477
đổi xe,17,Chỉ đích,25,10,0.9728412256267409,9.315236986046699
đổi xe,17,Trộn,50,10,0.9163713678242381,5.77964271615221
đổi xe,17,Chỉ đích,50,10,0.8256555634301913,3.913761302471812
đổi xe,17,Trộn,100,10,0.9118295371050698,5.747917528462182
đổi xe,17,Chỉ đích,100,10,0.78104335047759,3.4899147758927143
đổi xe,17,Trộn,200,10,0.9111816019032514,5.71337362879288
đổi xe,17,Chỉ đích,200,10,0.8842188739095955,5.0235692371391565
đổi xe,17,Trộn,10,11,0.9179875947622329,5.792369699371477
đổi xe,17,Chỉ đích,10,11,0.4231564438318401,1.3749269918900495
đổi xe,17,Trộn,25,11,0.9171309192200557,5.789052196446789
đổi xe,17,Chỉ đích,25,11,0.7416434540389972,3.0097693022228498
đổi xe,17,Trộn,50,11,0.9156626506024096,5.778890569318833
đổi xe,17,Chỉ đích,50,11,0.8462083628632175,4.242835011071719
đổi xe,17,Trộn,100,11,0.9132990448199853,5.752994053431934
đổi xe,17,Chỉ đích,100,11,0.9000734753857458,5.342456171473373
đổi xe,17,Trộn,200,11,0.9064234734337827,5.668503974572587
đổi xe,17,Chỉ đích,200,11,0.8612212529738303,4.559595876489482
đổi xe,17,Trộn,10,12,0.9179875947622329,5.792369699371477
đổi xe,17,Chỉ đích,10,12,0.7849758787043418,3.4241020012416925
đổi xe,17,Trộn,25,12,0.9178272980501393,5.792369699371477
đổi xe,17,Chỉ đích,25,12,0.9331476323119777,6.495515690423218
đổi xe,17,Trộn,50,12,0.9192062367115521,5.797086411141379
đổi xe,17,Chỉ đích,50,12,0.9340892983699504,6.495515690423218
đổi xe,17,Trộn,100,12,0.919911829537105,5.797086411141379
đổi xe,17,Chỉ đích,100,12,0.9353416605437178,6.495515690423218
đổi xe,17,Trộn,200,12,0.9183187946074544,5.77964271615221
đổi xe,17,Chỉ đích,200,12,0.9080095162569389,5.4853438618455925
đổi xe,17,Trộn,10,13,0.9186767746381805,5.797086411141379
đổi xe,17,Chỉ đích,10,13,0.9937973811164714,15.689584474075161
đổi xe,17,Trộn,25,13,0.9185236768802229,5.797086411141379
đổi xe,17,Chỉ đích,25,13,0.9937325905292479,15.689584474075161
đổi xe,17,Trộn,50,13,0.9199149539333806,5.799213612196212
đổi xe,17,Chỉ đích,50,13,0.9709425939050319,8.93983505958019
đổi xe,17,Trộn,100,13,0.9184423218221895,5.789052196446789
đổi xe,17,Chỉ đích,100,13,0.8603967670830271,4.512064575056229
đổi xe,17,Trộn,200,13,0.9127676447264076,5.747917528462182
đổi xe,17,Chỉ đích,200,13,0.8834258524980174,5.001979921694158
đổi xe,17,Trộn,10,14,0.9186767746381805,5.797086411141379
đổi xe,17,Chỉ đích,10,14,0.9951757408683667,15.977719556206637
đổi xe,17,Trộn,25,14,0.9185236768802229,5.797086411141379
đổi xe,17,Chỉ đích,25,14,0.9958217270194986,16.67932294960623
đổi xe,17,Trộn,50,14,0.9192062367115521,5.797086411141379
đổi xe,17,Chỉ đích,50,14,0.9900779588944011,12.183908536691888
đổi xe,17,Trộn,100,14,0.922850844966936,5.817753417968731
đổi xe,17,Chỉ đích,100,14,0.964731814842028,8.081414681521608
đổi xe,17,Trộn,200,14,0.9238699444885012,5.811158190874323
đổi xe,17,Chỉ đích,200,14,0.936558287073751,6.481306245780331
đổi xe,17,Trộn,10,15,0.9193659545141282,5.799213612196212
đổi xe,17,Chỉ đích,10,15,0.9855272226051,11.26055029527187
đổi xe,17,Trộn,25,15,0.9213091922005571,5.817753417968731
đổi xe,17,Chỉ đích,25,15,0.9853760445682451,11.26055029527187
đổi xe,17,Trộn,50,15,0.920623671155209,5.804191035928852
đổi xe,17,Chỉ đích,50,15,0.9673990077958894,8.556027406141453
đổi xe,17,Trộn,100,15,0.9206465833945628,5.799213612196212
đổi xe,17,Chỉ đích,100,15,0.9375459221160911,6.656003061565173
đổi xe,17,Trộn,200,15,0.9199048374306106,5.789052196446789
đổi xe,17,Chỉ đích,200,15,0.9143536875495638,5.66327153320313
đổi xe,17,Trộn,10,16,0.9179875947622329,5.792369699371477
đổi xe,17,Chỉ đích,10,16,0.8766368022053757,4.723520505901718
đổi xe,17,Trộn,25,16,0.9185236768802229,5.797086411141379
đổi xe,17,Chỉ đích,25,16,0.9916434540389972,13.522505313418137
đổi xe,17,Trộn,50,16,0.9184975194897236,5.792369699371477
đổi xe,17,Chỉ đích,50,16,0.9213323883770376,6.004235513279497
đổi xe,17,Trộn,100,16,0.9191770756796473,5.792369699371477
đổi xe,17,Chỉ đích,100,16,0.9221160911094783,6.004235513279497
đổi xe,17,Trộn,200,16,0.9175257731958762,5.778890569318833
đổi xe,17,Chỉ đích,200,16,0.8969072164948454,5.285604542422277
đổi xe,17,Trộn,10,17,0.9193659545141282,5.799213612196212
đổi xe,17,Chỉ đích,10,17,0.9703652653342523,8.940563625759523
đổi xe,17,Trộn,25,17,0.9192200557103064,5.799213612196212
đổi xe,17,Chỉ đích,25,17,0.9700557103064067,8.940563625759523
đổi xe,17,Trộn,50,17,0.9184975194897236,5.792369699371477
đổi xe,17,Chỉ đích,50,17,0.9390503189227498,6.8287467379022075
đổi xe,17,Trộn,100,17,0.9118295371050698,5.747917528462182
đổi xe,17,Chỉ đích,100,17,0.8927259368111683,5.117265884454156
đổi xe,17,Trộn,200,17,0.9095955590800952,5.703481535554118
đổi xe,17,Chỉ đích,200,17,0.8850118953211736,5.025760701093418
đổi xe,17,Trộn,10,18,0.9179875947622329,5.792369699371477
đổi xe,17,Chỉ đích,10,18,0.8828394210889042,4.8492359514636405
đổi xe,17,Trộn,25,18,0.9171309192200557,5.789052196446789
đổi xe,17,Chỉ đích,25,18,0.8892757660167131,5.084428475870396
đổi xe,17,Trộn,50,18,0.9184975194897236,5.792369699371477
đổi xe,17,Chỉ đích,50,18,0.9702338766832034,8.935298017610961
đổi xe,17,Trộn,100,18,0.9162380602498164,5.778890569318833
đổi xe,17,Chỉ đích,100,18,0.8890521675238795,5.084428475870396
đổi xe,17,Trộn,200,18,0.9127676447264076,5.747917528462182
đổi xe,17,Chỉ đích,200,18,0.8881839809674861,5.084428475870396
đổi xe,17,Trộn,10,19,0.9179875947622329,5.792369699371477
đổi xe,17,Chỉ đích,10,19,0.8566505858028945,4.399611160577535
đổi xe,17,Trộn,25,19,0.9185236768802229,5.797086411141379
đổi xe,17,Chỉ đích,25,19,0.9860724233983287,11.341786599230375
đổi xe,17,Trộn,50,19,0.9163713678242381,5.77964271615221
đổi xe,17,Chỉ đích,50,19,0.8858965272856131,5.0235692371391565
đổi xe,17,Trộn,100,19,0.9118295371050698,5.747917528462182
đổi xe,17,Chỉ đích,100,19,0.8405584129316679,4.1604519324737055
đổi xe,17,Trộn,200,19,0.9151467089611419,5.763171136727351
đổi xe,17,Chỉ đích,200,19,0.8842188739095955,5.0235692371391565
đổi xe,18,Chỉ nguồn,10,0,0.8279438682123246,5.544887457117426
đổi xe,18,Trộn,10,0,0.8279438682123246,5.534416178129476
đổi xe,18,Chỉ đích,10,0,0.7156802928615009,3.8348236083983522
đổi xe,18,Chỉ nguồn,25,0,0.8300492610837439,5.544887457117426
đổi xe,18,Trộn,25,0,0.8312807881773399,5.5697148382550665
đổi xe,18,Chỉ đích,25,0,0.978448275862069,12.919453433734702
đổi xe,18,Chỉ nguồn,50,0,0.8330206378986866,5.544887457117426
đổi xe,18,Trộn,50,0,0.8392745465916197,5.688202203776058
đổi xe,18,Chỉ đích,50,0,0.9774859287054409,12.747540760314564
đổi xe,18,Chỉ nguồn,100,0,0.8327953518398967,5.544887457117426
đổi xe,18,Trộn,100,0,0.8392511297611362,5.699043996784894
đổi xe,18,Chỉ đích,100,0,0.9347966429954809,9.121940173026843
đổi xe,18,Chỉ nguồn,200,0,0.8329882677708764,5.544887457117426
đổi xe,18,Trộn,200,0,0.841959972394755,5.797127493604677
đổi xe,18,Chỉ đích,200,0,0.9089026915113871,7.90218193268953
đổi xe,18,Trộn,10,1,0.8303843807199512,5.562125945424043
đổi xe,18,Chỉ đích,10,1,0.951189749847468,10.404554894776112
đổi xe,18,Trộn,25,1,0.8306650246305419,5.568961018567677
đổi xe,18,Chỉ đích,25,1,0.9525862068965517,10.465514651150215
đổi xe,18,Trộn,50,1,0.8305190744215134,5.5697148382550665
đổi xe,18,Chỉ đích,50,1,0.9287054409005628,8.953728003408457
đổi xe,18,Trộn,100,1,0.8366688185926404,5.679583386543555
đổi xe,18,Chỉ đích,100,1,0.9296320206584894,8.953728003408457
đổi xe,18,Trộn,200,1,0.8357487922705314,5.699104789268972
đổi xe,18,Chỉ đích,200,1,0.9261559696342305,8.51066074565179
đổi xe,18,Trộn,10,2,0.8303843807199512,5.562125945424043
đổi xe,18,Chỉ đích,10,2,0.9145820622330689,8.141425953541386
đổi xe,18,Trộn,25,2,0.8312807881773399,5.5697148382550665
đổi xe,18,Chỉ đích,25,2,0.9870689655172413,13.909291017482929
đổi xe,18,Trộn,50,2,0.8330206378986866,5.58863715729899
đổi xe,18,Chỉ đích,50,2,0.9418386491557224,9.556815314920556
đổi xe,18,Trộn,100,2,0.8340865074241446,5.613878286733922
đổi xe,18,Chỉ đích,100,2,0.9025177533892834,7.689186735508343
đổi xe,18,Trộn,200,2,0.8405797101449275,5.792019703327924
đổi xe,18,Chỉ đích,200,2,0.9026915113871635,7.689186735508343
đổi xe,18,Trộn,10,3,0.8303843807199512,5.562125945424043
đổi xe,18,Chỉ đích,10,3,0.9609517998779744,11.014258197699661
đổi xe,18,Trộn,25,3,0.8300492610837439,5.56253888531964
đổi xe,18,Chỉ đích,25,3,0.9605911330049262,11.014258197699661
đổi xe,18,Trộn,50,3,0.8267667292057536,5.544887457117426
đổi xe,18,Chỉ đích,50,3,0.8536585365853658,6.225965624724154
đổi xe,18,Trộn,100,3,0.8263395739186572,5.562125945424043
đổi xe,18,Chỉ đích,100,3,0.8405422853453841,5.9131408221905986
đổi xe,18,Trộn,200,3,0.8350586611456177,5.699043996784894
đổi xe,18,Chỉ đích,200,3,0.8978605935127675,7.5350966118705855
đổi xe,18,Trộn,10,4,0.8285539963392312,5.544887457117426
đổi xe,18,Chỉ đích,10,4,0.8462477120195241,5.9551499500867635
đổi xe,18,Trộn,25,4,0.8294334975369458,5.562125945424043
đổi xe,18,Chỉ đích,25,4,0.9704433497536946,11.783293326858143
đổi xe,18,Trộn,50,4,0.8305190744215134,5.5697148382550665
đổi xe,18,Chỉ đích,50,4,0.890556597873671,7.164058659922773
đổi xe,18,Trộn,100,4,0.8392511297611362,5.699043996784894
đổi xe,18,Chỉ đích,100,4,0.9425435765009683,9.547372081441381
đổi xe,18,Trộn,200,4,0.8426501035196687,5.797345200216597
đổi xe,18,Chỉ đích,200,4,0.9137336093857833,8.052447645399269
đổi xe,18,Trộn,10,5,0.8285539963392312,5.544887457117426
đổi xe,18,Chỉ đích,10,5,0.9951189749847468,16.96183939615888
đổi xe,18,Trộn,25,5,0.8294334975369458,5.562125945424043
đổi xe,18,Chỉ đích,25,5,0.9950738916256158,16.96183939615888
đổi xe,18,Trộn,50,5,0.8298936835522202,5.568961018567677
đổi xe,18,Chỉ đích,50,5,0.9343339587242027,9.194160299528477
đổi xe,18,Trộn,100,5,0.8340865074241446,5.613878286733922
đổi xe,18,Chỉ đích,100,5,0.9380245319561007,9.309896995764149
đổi xe,18,Trộn,200,5,0.8371290545203589,5.725298950441868
đổi xe,18,Chỉ đích,200,5,0.9233954451345756,8.469994212962973
đổi xe,18,Trộn,10,6,0.8285539963392312,5.544887457117426
đổi xe,18,Chỉ đích,10,6,0.8322147651006712,5.59963992504791
đổi xe,18,Trộn,25,6,0.8306650246305419,5.568961018567677
đổi xe,18,Chỉ đích,25,6,0.9568965517241379,10.783418193049414
đổi xe,18,Trộn,50,6,0.8305190744215134,5.5697148382550665
đổi xe,18,Chỉ đích,50,6,0.9424640400250156,9.585876418594864
đổi xe,18,Trộn,100,6,0.8366688185926404,5.679583386543555
đổi xe,18,Chỉ đích,100,6,0.9199483537766301,8.445134673539968
đổi xe,18,Trộn,200,6,0.8371290545203589,5.725298950441868
đổi xe,18,Chỉ đích,200,6,0.8978605935127675,7.5350966118705855
đổi xe,18,Trộn,10,7,0.8309945088468579,5.56253888531964
đổi xe,18,Chỉ đích,10,7,0.963392312385601,11.3241885604088
đổi xe,18,Trộn,25,7,0.8306650246305419,5.568961018567677
đổi xe,18,Chỉ đích,25,7,0.9630541871921182,11.3241885604088
đổi xe,18,Trộn,50,7,0.8292682926829268,5.56253888531964
đổi xe,18,Chỉ đích,50,7,0.9036898061288305,7.729080552576988
đổi xe,18,Trộn,100,7,0.8276307295029051,5.568961018567677
đổi xe,18,Chỉ đích,100,7,0.9044544867656552,7.780783924417904
đổi xe,18,Trộn,200,7,0.8343685300207039,5.697125859354514
đổi xe,18,Chỉ đích,200,7,0.9102829537612146,7.93026439858221
đổi xe,18,Trộn,10,8,0.8309945088468579,5.56253888531964
đổi xe,18,Chỉ đích,10,8,0.9847467968273338,13.38352918927228
đổi xe,18,Trộn,25,8,0.8300492610837439,5.56253888531964
đổi xe,18,Chỉ đích,25,8,0.9846059113300493,13.38352918927228
đổi xe,18,Trộn,50,8,0.8286429018136335,5.562125945424043
đổi xe,18,Chỉ đích,50,8,0.8868042526579112,7.027553691372077
đổi xe,18,Trộn,100,8,0.8315041962556488,5.588744672451753
đổi xe,18,Chỉ đích,100,8,0.8908973531310523,7.205252035541008
đổi xe,18,Trộn,200,8,0.8412698412698413,5.795021032945272
đổi xe,18,Chỉ đích,200,8,0.9102829537612146,7.93026439858221
đổi xe,18,Trộn,10,9,0.8279438682123246,5.534416178129476
đổi xe,18,Chỉ đích,10,9,0.6693105552165954,3.386106993053346
đổi xe,18,Trộn,25,9,0.8294334975369458,5.562125945424043
đổi xe,18,Chỉ đích,25,9,0.9365763546798029,9.32582488969635
đổi xe,18,Trộn,50,9,0.8292682926829268,5.56253888531964
đổi xe,18,Chỉ đích,50,9,0.9205753595997499,8.449144265931494
đổi xe,18,Trộn,100,9,0.8315041962556488,5.588744672451753
đổi xe,18,Chỉ đích,100,9,0.921885087153002,8.469994212962973
đổi xe,18,Trộn,200,9,0.8343685300207039,5.697125859354514
đổi xe,18,Chỉ đích,200,9,0.9164941338854382,8.197375462094953
đổi xe,18,Trộn,10,10,0.8285539963392312,5.544887457117426
đổi xe,18,Chỉ đích,10,10,0.9035997559487492,7.706880674495835
đổi xe,18,Trộn,25,10,0.8300492610837439,5.56253888531964
đổi xe,18,Chỉ đích,25,10,0.958128078817734,10.863570213749114
đổi xe,18,Trộn,50,10,0.8305190744215134,5.5697148382550665
đổi xe,18,Chỉ đích,50,10,0.9337085678549093,9.121940173026843
đổi xe,18,Trộn,100,10,0.8366688185926404,5.679583386543555
đổi xe,18,Chỉ đích,100,10,0.920593931568754,8.447101272421264
đổi xe,18,Trộn,200,10,0.8357487922705314,5.699104789268972
đổi xe,18,Chỉ đích,200,10,0.9144237405106971,8.068954931014588
đổi xe,18,Trộn,10,11,0.8279438682123246,5.534416178129476
đổi xe,18,Chỉ đích,10,11,0.823672971323978,5.476841081532768
đổi xe,18,Trộn,25,11,0.8294334975369458,5.562125945424043
đổi xe,18,Chỉ đích,25,11,0.9975369458128078,20.788102134943657
đổi xe,18,Trộn,50,11,0.8361475922451532,5.613878286733922
đổi xe,18,Chỉ đích,50,11,0.9749843652282677,12.157770989060907
đổi xe,18,Trộn,100,11,0.8386055519690123,5.697125859354514
đổi xe,18,Chỉ đích,100,11,0.9296320206584894,8.953728003408457
đổi xe,18,Trộn,200,11,0.8336783988957902,5.689040748173227
đổi xe,18,Chỉ đích,200,11,0.9054520358868184,7.785355773404007
đổi xe,18,Trộn,10,12,0.8322147651006712,5.5697148382550665
đổi xe,18,Chỉ đích,10,12,0.9890176937156803,14.29225107199926
đổi xe,18,Trộn,25,12,0.833743842364532,5.58863715729899
đổi xe,18,Chỉ đích,25,12,0.9907635467980296,14.77010904947916
đổi xe,18,Trộn,50,12,0.83364602876798,5.588744672451753
đổi xe,18,Chỉ đích,50,12,0.9643527204502814,11.3241885604088
đổi xe,18,Trộn,100,12,0.8308586184635248,5.58863715729899
đổi xe,18,Chỉ đích,100,12,0.907682375726275,7.895886671911171
đổi xe,18,Trộn,200,12,0.8350586611456177,5.699043996784894
đổi xe,18,Chỉ đích,200,12,0.8985507246376812,7.545409852382903
đổi xe,18,Trộn,10,13,0.8303843807199512,5.562125945424043
đổi xe,18,Chỉ đích,10,13,0.9743746186699207,12.345546873885212
đổi xe,18,Trộn,25,13,0.8300492610837439,5.56253888531964
đổi xe,18,Chỉ đích,25,13,0.9741379310344828,12.345546873885212
đổi xe,18,Trộn,50,13,0.8298936835522202,5.568961018567677
đổi xe,18,Chỉ đích,50,13,0.965603502188868,11.334605290339425
đổi xe,18,Trộn,100,13,0.8269851517107811,5.56253888531964
đổi xe,18,Chỉ đích,100,13,0.8805681084570691,6.913831360233189
đổi xe,18,Trộn,200,13,0.8343685300207039,5.697125859354514
đổi xe,18,Chỉ đích,200,13,0.9082125603864735,7.895886671911171
đổi xe,18,Trộn,10,14,0.8285539963392312,5.544887457117426
đổi xe,18,Chỉ đích,10,14,0.8840756558877364,6.948550109296065
đổi xe,18,Trộn,25,14,0.8269704433497537,5.534416178129476
đổi xe,18,Chỉ đích,25,14,0.8830049261083743,6.948550109296065
đổi xe,18,Trộn,50,14,0.8330206378986866,5.58863715729899
đổi xe,18,Chỉ đích,50,14,0.908692933083177,7.906545013627152
đổi xe,18,Trộn,100,14,0.8366688185926404,5.679583386543555
đổi xe,18,Chỉ đích,100,14,0.9302775984506133,8.95628963541671
đổi xe,18,Trộn,200,14,0.8357487922705314,5.699104789268972
đổi xe,18,Chỉ đích,200,14,0.9095928226363009,7.906545013627152
đổi xe,18,Trộn,10,15,0.8285539963392312,5.544887457117426
đổi xe,18,Chỉ đích,10,15,0.9566809029896278,10.7197762193816
đổi xe,18,Trộn,25,15,0.8294334975369458,5.562125945424043
đổi xe,18,Chỉ đích,25,15,0.979064039408867,12.92715835282442
đổi xe,18,Trộn,50,15,0.8298936835522202,5.568961018567677
đổi xe,18,Chỉ đích,50,15,0.9318323952470294,9.01279130008919
đổi xe,18,Trộn,100,15,0.8315041962556488,5.588744672451753
đổi xe,18,Chỉ đích,100,15,0.9264041316978696,8.63700884449537
đổi xe,18,Trộn,200,15,0.8343685300207039,5.697125859354514
đổi xe,18,Chỉ đích,200,15,0.9254658385093167,8.48511664858853
đổi xe,18,Trộn,10,16,0.8285539963392312,5.544887457117426
đổi xe,18,Chỉ đích,10,16,0.8822452715070165,6.913831360233189
đổi xe,18,Trộn,25,16,0.8306650246305419,5.568961018567677
đổi xe,18,Chỉ đích,25,16,0.9156403940886699,8.23647454427089
đổi xe,18,Trộn,50,16,0.8330206378986866,5.58863715729899
đổi xe,18,Chỉ đích,50,16,0.9161976235146967,8.23647454427089
đổi xe,18,Trộn,100,16,0.8327953518398967,5.59963992504791
đổi xe,18,Chỉ đích,100,16,0.9038089089735313,7.729080552576988
đổi xe,18,Trộn,200,16,0.8343685300207039,5.697125859354514
đổi xe,18,Chỉ đích,200,16,0.8847481021394065,7.015349384765614
đổi xe,18,Trộn,10,17,0.8279438682123246,5.534416178129476
đổi xe,18,Chỉ đích,10,17,0.7962172056131788,4.931302383889744
đổi xe,18,Trộn,25,17,0.8269704433497537,5.534416178129476
đổi xe,18,Chỉ đích,25,17,0.8725369458128078,6.636104196464345
đổi xe,18,Trộn,50,17,0.8267667292057536,5.544887457117426
đổi xe,18,Chỉ đích,50,17,0.8724202626641651,6.636104196464345
đổi xe,18,Trộn,100,17,0.8315041962556488,5.588744672451753
đổi xe,18,Chỉ đích,100,17,0.8941252420916721,7.339165470377623
đổi xe,18,Trộn,200,17,0.8343685300207039,5.697125859354514
đổi xe,18,Chỉ đích,200,17,0.9089026915113871,7.90218193268953
đổi xe,18,Trộn,10,18,0.8279438682123246,5.534416178129476
đổi xe,18,Chỉ đích,10,18,0.7199511897498475,3.869720930414104
đổi xe,18,Trộn,25,18,0.8300492610837439,5.56253888531964
đổi xe,18,Chỉ đích,25,18,0.9907635467980296,14.77010904947916
đổi xe,18,Trộn,50,18,0.8261413383364603,5.534416178129476
đổi xe,18,Chỉ đích,50,18,0.8717948717948718,6.628138672616558
đổi xe,18,Trộn,100,18,0.8211749515816655,5.519684849717919
đổi xe,18,Chỉ đích,100,18,0.8108457069076824,5.259527722828665
đổi xe,18,Trộn,200,18,0.821256038647343,5.562125945424043
đổi xe,18,Chỉ đích,200,18,0.8488612836438924,6.225965624724154
đổi xe,18,Trộn,10,19,0.8285539963392312,5.544887457117426
đổi xe,18,Chỉ đích,10,19,0.947528981086028,9.95168481568615
đổi xe,18,Trộn,25,19,0.8306650246305419,5.568961018567677
đổi xe,18,Chỉ đích,25,19,0.9618226600985221,11.084419428475513
đổi xe,18,Trộn,50,19,0.8311444652908068,5.5723298391025935
đổi xe,18,Chỉ đích,50,19,0.9480925578486554,9.95168481568615
đổi xe,18,Trộn,100,19,0.8340865074241446,5.613878286733922
đổi xe,18,Chỉ đích,100,19,0.934151065203357,9.100129125311184
đổi xe,18,Trộn,200,19,0.841959972394755,5.797127493604677
đổi xe,18,Chỉ đích,200,19,0.9192546583850931,8.279869091796826
đổi xe,19,Chỉ nguồn,10,0,0.8939393939393939,5.717603888204195
đổi xe,19,Trộn,10,0,0.8939393939393939,5.708317857530432
đổi xe,19,Chỉ đích,10,0,0.8775252525252525,5.328091102552463
đổi xe,19,Chỉ nguồn,25,0,0.894200127469726,5.717603888204195
đổi xe,19,Trộn,25,0,0.894200127469726,5.717603888204195
đổi xe,19,Chỉ đích,25,0,0.9337157425111536,6.740134875940356
đổi xe,19,Chỉ nguồn,50,0,0.8937823834196891,5.717603888204195
đổi xe,19,Trộn,50,0,0.8937823834196891,5.708317857530432
đổi xe,19,Chỉ đích,50,0,0.9060880829015544,5.97941828387809
đổi xe,19,Chỉ nguồn,100,0,0.8962516733601071,5.717603888204195
đổi xe,19,Trộn,100,0,0.8962516733601071,5.7468894839174425
đổi xe,19,Chỉ đích,100,0,0.928380187416332,6.550558451596345
đổi xe,19,Chỉ nguồn,200,0,0.8959827833572453,5.717603888204195
đổi xe,19,Trộn,200,0,0.8959827833572453,5.7468894839174425
đổi xe,19,Chỉ đích,200,0,0.9067431850789096,5.97941828387809
đổi xe,19,Trộn,10,1,0.8939393939393939,5.708317857530432
đổi xe,19,Chỉ đích,10,1,0.8933080808080808,5.676481427228111
đổi xe,19,Trộn,25,1,0.8935627788400254,5.708317857530432
đổi xe,19,Chỉ đích,25,1,0.9273422562141491,6.6010869085675665
đổi xe,19,Trộn,50,1,0.8931347150259067,5.690154987563346
đổi xe,19,Chỉ đích,50,1,0.8924870466321243,5.676481427228111
đổi xe,19,Trộn,100,1,0.8942436412315931,5.717603888204195
đổi xe,19,Chỉ đích,100,1,0.9036144578313253,5.894681209928564
đổi xe,19,Trộn,200,1,0.8981348637015782,5.7617982585288985
đổi xe,19,Chỉ đích,200,1,0.9088952654232425,6.020764073989028
đổi xe,19,Trộn,10,2,0.8964646464646465,5.7468894839174425
đổi xe,19,Chỉ đích,10,2,0.9810606060606061,10.24039980155743
đổi xe,19,Trộn,25,2,0.8961121733588273,5.7468894839174425
đổi xe,19,Chỉ đích,25,2,0.9949012109623965,12.94412279581968
đổi xe,19,Trộn,50,2,0.897020725388601,5.757291271273942
đổi xe,19,Chỉ đích,50,2,0.9721502590673575,9.378328489601785
đổi xe,19,Trộn,100,2,0.8995983935742972,5.767997030665555
đổi xe,19,Chỉ đích,100,2,0.9544846050870147,7.962943154305123
đổi xe,19,Trộn,200,2,0.896700143472023,5.757291271273942
đổi xe,19,Chỉ đích,200,2,0.9225251076040172,6.32100145714557
đổi xe,19,Trộn,10,3,0.8939393939393939,5.708317857530432
đổi xe,19,Chỉ đích,10,3,0.8699494949494949,5.128369205250408
đổi xe,19,Trộn,25,3,0.894200127469726,5.717603888204195
đổi xe,19,Chỉ đích,25,3,0.9993626513702996,15.783602697885158
đổi xe,19,Trộn,50,3,0.8937823834196891,5.708317857530432
đổi xe,19,Chỉ đích,50,3,0.913860103626943,6.178009415562514
đổi xe,19,Trộn,100,3,0.892904953145917,5.690154987563346
đổi xe,19,Chỉ đích,100,3,0.8701472556894244,5.1950203238439485
đổi xe,19,Trộn,200,3,0.8931133428981348,5.708317857530432
đổi xe,19,Chỉ đích,200,3,0.8931133428981348,5.724758843103359
đổi xe,19,Trộn,10,4,0.8939393939393939,5.708317857530432
đổi xe,19,Chỉ đích,10,4,0.8712121212121212,5.171196007954961
đổi xe,19,Trộn,25,4,0.8954748247291269,5.741467422952212
đổi xe,19,Chỉ đích,25,4,0.9917144678138942,12.260190378406776
đổi xe,19,Trộn,50,4,0.897020725388601,5.757291271273942
đổi xe,19,Chỉ đích,50,4,0.9501295336787565,7.609377898515589
đổi xe,19,Trộn,100,4,0.8982597054886211,5.7617982585288985
đổi xe,19,Chỉ đích,100,4,0.9223560910307899,6.369018120659689
đổi xe,19,Trộn,200,4,0.8931133428981348,5.708317857530432
đổi xe,19,Chỉ đích,200,4,0.9024390243902439,5.884916982887006
đổi xe,19,Trộn,10,5,0.8945707070707071,5.717603888204195
đổi xe,19,Chỉ đích,10,5,0.9532828282828283,8.019598581134431
đổi xe,19,Trộn,25,5,0.8935627788400254,5.708317857530432
đổi xe,19,Chỉ đích,25,5,0.952836201402167,8.019598581134431
đổi xe,19,Trộn,50,5,0.8937823834196891,5.708317857530432
đổi xe,19,Chỉ đích,50,5,0.9540155440414507,8.019598581134431
đổi xe,19,Trộn,100,5,0.893574297188755,5.708317857530432
đổi xe,19,Chỉ đích,100,5,0.9143239625167336,6.178009415562514
đổi xe,19,Trộn,200,5,0.896700143472023,5.757291271273942
đổi xe,19,Chỉ đích,200,5,0.9196556671449068,6.268769382052909
đổi xe,19,Trộn,10,6,0.8939393939393939,5.708317857530432
đổi xe,19,Chỉ đích,10,6,0.8794191919191919,5.366210135323627
đổi xe,19,Trộn,25,6,0.894200127469726,5.717603888204195
đổi xe,19,Chỉ đích,25,6,0.9668578712555768,8.987714111870645
đổi xe,19,Trộn,50,6,0.8944300518134715,5.717603888204195
đổi xe,19,Chỉ đích,50,6,0.9093264248704663,6.02635973202959
đổi xe,19,Trộn,100,6,0.8955823293172691,5.741467422952212
đổi xe,19,Chỉ đích,100,6,0.9143239625167336,6.178009415562514
đổi xe,19,Trộn,200,6,0.8938307030129125,5.717603888204195
đổi xe,19,Chỉ đích,200,6,0.9103299856527977,6.02635973202959
đổi xe,19,Trộn,10,7,0.8945707070707071,5.717603888204195
đổi xe,19,Chỉ đích,10,7,0.9488636363636364,7.585596147477162
đổi xe,19,Trộn,25,7,0.8954748247291269,5.741467422952212
đổi xe,19,Chỉ đích,25,7,0.9649458253664754,8.763811800853517
đổi xe,19,Trộn,50,7,0.8944300518134715,5.717603888204195
đổi xe,19,Chỉ đích,50,7,0.9494818652849741,7.585596147477162
đổi xe,19,Trộn,100,7,0.893574297188755,5.708317857530432
đổi xe,19,Chỉ đích,100,7,0.9049531459170014,5.9202399559270305
đổi xe,19,Trộn,200,7,0.8938307030129125,5.717603888204195
đổi xe,19,Chỉ đích,200,7,0.9053084648493543,5.9202399559270305
đổi xe,19,Trộn,10,8,0.8945707070707071,5.717603888204195
đổi xe,19,Chỉ đích,10,8,0.92739898989899,6.550558451596345
đổi xe,19,Trộn,25,8,0.8935627788400254,5.708317857530432
đổi xe,19,Chỉ đích,25,8,0.9267049075844487,6.550558451596345
đổi xe,19,Trộn,50,8,0.8911917098445595,5.680064885264187
đổi xe,19,Chỉ đích,50,8,0.8205958549222798,4.35218612959747
đổi xe,19,Trộn,100,8,0.892904953145917,5.690154987563346
đổi xe,19,Chỉ đích,100,8,0.8862115127175368,5.574070249204283
đổi xe,19,Trộn,200,8,0.890961262553802,5.681829118589803
đổi xe,19,Chỉ đích,200,8,0.8859397417503587,5.581064969618069
đổi xe,19,Trộn,10,9,0.8945707070707071,5.717603888204195
đổi xe,19,Chỉ đích,10,9,0.9646464646464646,8.702409229744148
đổi xe,19,Trộn,25,9,0.894200127469726,5.717603888204195
đổi xe,19,Chỉ đích,25,9,0.9808795411089866,10.24039980155743
đổi xe,19,Trộn,50,9,0.8963730569948186,5.7468894839174425
đổi xe,19,Chỉ đích,50,9,0.9656735751295337,8.702409229744148
đổi xe,19,Trộn,100,9,0.8962516733601071,5.7468894839174425
đổi xe,19,Chỉ đích,100,9,0.9444444444444444,7.254785179653425
đổi xe,19,Trộn,200,9,0.8923959827833573,5.690154987563346
đổi xe,19,Chỉ đích,200,9,0.8916786226685797,5.676481427228111
đổi xe,19,Trộn,10,10,0.8958333333333334,5.741467422952212
đổi xe,19,Chỉ đích,10,10,0.9337121212121212,6.734065294053835
đổi xe,19,Trộn,25,10,0.894200127469726,5.717603888204195
đổi xe,19,Chỉ đích,25,10,0.9330783938814532,6.734065294053835
đổi xe,19,Trộn,50,10,0.8944300518134715,5.717603888204195
đổi xe,19,Chỉ đích,50,10,0.9255181347150259,6.506630749807925
đổi xe,19,Trộn,100,10,0.893574297188755,5.708317857530432
đổi xe,19,Chỉ đích,100,10,0.9036144578313253,5.894681209928564
đổi xe,19,Trộn,200,10,0.8931133428981348,5.708317857530432
đổi xe,19,Chỉ đích,200,10,0.8952654232424677,5.777544172634634
đổi xe,19,Trộn,10,11,0.8939393939393939,5.708317857530432
đổi xe,19,Chỉ đích,10,11,0.7563131313131313,3.6194109396514023
đổi xe,19,Trộn,25,11,0.8935627788400254,5.708317857530432
đổi xe,19,Chỉ đích,25,11,0.9974506054811982,14.339925329783568
đổi xe,19,Trộn,50,11,0.8931347150259067,5.690154987563346
đổi xe,19,Chỉ đích,50,11,0.875,5.316838264305602
đổi xe,19,Trộn,100,11,0.8942436412315931,5.717603888204195
đổi xe,19,Chỉ đích,100,11,0.9056224899598394,5.940986642252511
đổi xe,19,Trộn,200,11,0.8923959827833573,5.690154987563346
đổi xe,19,Chỉ đích,200,11,0.8830703012912482,5.540075129439089
đổi xe,19,Trộn,10,12,0.8939393939393939,5.708317857530432
đổi xe,19,Chỉ đích,10,12,0.8118686868686869,4.234443209255147
đổi xe,19,Trộn,25,12,0.8954748247291269,5.741467422952212
đổi xe,19,Chỉ đích,25,12,0.9738687061822817,9.670385681381845
đổi xe,19,Trộn,50,12,0.897020725388601,5.757291271273942
đổi xe,19,Chỉ đích,50,12,0.9643782383419689,8.687230949609813
đổi xe,19,Trộn,100,12,0.8962516733601071,5.7468894839174425
đổi xe,19,Chỉ đích,100,12,0.9230254350736279,6.370503152126616
đổi xe,19,Trộn,200,12,0.8959827833572453,5.7468894839174425
đổi xe,19,Chỉ đích,200,12,0.9225251076040172,6.32100145714557
đổi xe,19,Trộn,10,13,0.8958333333333334,5.741467422952212
đổi xe,19,Chỉ đích,10,13,0.9627525252525253,8.679621229181237
đổi xe,19,Trộn,25,13,0.8967495219885278,5.757291271273942
đổi xe,19,Chỉ đích,25,13,0.9910771191841937,12.246810516510436
đổi xe,19,Trộn,50,13,0.9022020725388601,5.810310780565203
đổi xe,19,Chỉ đích,50,13,0.9702072538860104,9.219055830096835
đổi xe,19,Trộn,100,13,0.9022757697456493,5.810310780565203
đổi xe,19,Chỉ đích,100,13,0.9524765729585006,7.6378961864247685
đổi xe,19,Trộn,200,13,0.8959827833572453,5.7468894839174425
đổi xe,19,Chỉ đích,200,13,0.9103299856527977,6.02635973202959
đổi xe,19,Trộn,10,14,0.8939393939393939,5.708317857530432
đổi xe,19,Chỉ đích,10,14,0.8642676767676768,5.000376745153403
đổi xe,19,Trộn,25,14,0.8954748247291269,5.741467422952212
đổi xe,19,Chỉ đích,25,14,0.9904397705544933,12.17763959522739
đổi xe,19,Trộn,50,14,0.8931347150259067,5.690154987563346
đổi xe,19,Chỉ đích,50,14,0.8827720207253886,5.461635565654973
đổi xe,19,Trộn,100,14,0.893574297188755,5.708317857530432
đổi xe,19,Chỉ đích,100,14,0.8975903614457831,5.810973606998317
đổi xe,19,Trộn,200,14,0.8995695839311334,5.767997030665555
đổi xe,19,Chỉ đích,200,14,0.9275466284074605,6.4820719853153435
đổi xe,19,Trộn,10,15,0.8970959595959596,5.757291271273942
đổi xe,19,Chỉ đích,10,15,0.928030303030303,6.6010869085675665
đổi xe,19,Trộn,25,15,0.8992989165073295,5.767997030665555
đổi xe,19,Chỉ đích,25,15,0.9898024219247928,11.875029413360437
đổi xe,19,Trộn,50,15,0.8996113989637305,5.767997030665555
đổi xe,19,Chỉ đích,50,15,0.9540155440414507,8.019598581134431
đổi xe,19,Trộn,100,15,0.8995983935742972,5.767997030665555
đổi xe,19,Chỉ đích,100,15,0.9303882195448461,6.616789605783026
đổi xe,19,Trộn,200,15,0.9038737446197992,5.818956777788884
đổi xe,19,Chỉ đích,200,15,0.9261119081779053,6.452075165751296
đổi xe,19,Trộn,10,16,0.8939393939393939,5.708317857530432
đổi xe,19,Chỉ đích,10,16,0.86489898989899,5.004671251894763
đổi xe,19,Trộn,25,16,0.8967495219885278,5.757291271273942
đổi xe,19,Chỉ đích,25,16,0.9955385595920969,13.125076760316574
đổi xe,19,Trộn,50,16,0.8996113989637305,5.767997030665555
đổi xe,19,Chỉ đích,50,16,0.9520725388601037,7.842783860529835
đổi xe,19,Trộn,100,16,0.8995983935742972,5.767997030665555
đổi xe,19,Chỉ đích,100,16,0.9451137884872824,7.287693250867989
đổi xe,19,Trộn,200,16,0.9081779053084649,5.879720034903045
đổi xe,19,Chỉ đích,200,16,0.9469153515064562,7.231555364858622
đổi xe,19,Trộn,10,17,0.8945707070707071,5.717603888204195
đổi xe,19,Chỉ đích,10,17,0.9570707070707071,8.384983324807763
đổi xe,19,Trộn,25,17,0.894200127469726,5.717603888204195
đổi xe,19,Chỉ đích,25,17,0.9566602931803697,8.384983324807763
đổi xe,19,Trộn,50,17,0.8937823834196891,5.708317857530432
đổi xe,19,Chỉ đích,50,17,0.905440414507772,5.940986642252511
đổi xe,19,Trộn,100,17,0.8942436412315931,5.717603888204195
đổi xe,19,Chỉ đích,100,17,0.9056224899598394,5.940986642252511
đổi xe,19,Trộn,200,17,0.9024390243902439,5.810310780565203
đổi xe,19,Chỉ đích,200,17,0.9261119081779053,6.452075165751296
đổi xe,19,Trộn,10,18,0.8958333333333334,5.741467422952212
đổi xe,19,Chỉ đích,10,18,0.9482323232323232,7.525901765920054
đổi xe,19,Trộn,25,18,0.894200127469726,5.717603888204195
đổi xe,19,Chỉ đích,25,18,0.9477374123645634,7.525901765920054
đổi xe,19,Trộn,50,18,0.8957253886010362,5.741467422952212
đổi xe,19,Chỉ đích,50,18,0.9410621761658031,7.207997729985522
đổi xe,19,Trộn,100,18,0.8962516733601071,5.7468894839174425
đổi xe,19,Chỉ đích,100,18,0.9310575635876841,6.624003624718483
đổi xe,19,Trộn,200,18,0.8959827833572453,5.7468894839174425
đổi xe,19,Chỉ đích,200,18,0.9232424677187948,6.338692345739332
đổi xe,19,Trộn,10,19,0.8939393939393939,5.708317857530432
đổi xe,19,Chỉ đích,10,19,0.88510101010101,5.534331190321211
đổi xe,19,Trộn,25,19,0.8935627788400254,5.708317857530432
đổi xe,19,Chỉ đích,25,19,0.9050350541746335,5.940986642252511
đổi xe,19,Trộn,50,19,0.8918393782383419,5.681829118589803
đổi xe,19,Chỉ đích,50,19,0.8607512953367875,4.939261944682244
đổi xe,19,Trộn,100,19,0.8942436412315931,5.717603888204195
đổi xe,19,Chỉ đích,100,19,0.8962516733601071,5.793247425672774
đổi xe,19,Trộn,200,19,0.8981348637015782,5.7617982585288985
đổi xe,19,Chỉ đích,200,19,0.9074605451936872,5.988618142939174
đổi xe,20,Chỉ nguồn,10,0,0.8245942571785269,5.700611043294174
đổi xe,20,Trộn,10,0,0.8245942571785269,5.700611043294174
đổi xe,20,Chỉ đích,10,0,0.9619225967540574,12.378329113124664
đổi xe,20,Chỉ nguồn,25,0,0.8235664776307499,5.700611043294174
đổi xe,20,Trộn,25,0,0.8235664776307499,5.700611043294174
đổi xe,20,Chỉ đích,25,0,0.9615626969124134,12.378329113124664
đổi xe,20,Chỉ nguồn,50,0,0.823943661971831,5.700611043294174
đổi xe,20,Trộn,50,0,0.825224071702945,5.735440770185619
đổi xe,20,Chỉ đích,50,0,0.8758002560819462,7.3277590478516
đổi xe,20,Chỉ nguồn,100,0,0.8227513227513228,5.700611043294174
đổi xe,20,Trộn,100,0,0.8253968253968254,5.772962966134401
đổi xe,20,Chỉ đích,100,0,0.8650793650793651,7.055595661358353
đổi xe,20,Chỉ nguồn,200,0,0.8236543909348442,5.700611043294174
đổi xe,20,Trộn,200,0,0.8286118980169972,5.866082667448779
đổi xe,20,Chỉ đích,200,0,0.873229461756374,7.3277590478516
đổi xe,20,Trộn,10,1,0.8245942571785269,5.700611043294174
đổi xe,20,Chỉ đích,10,1,0.8308364544319601,5.866777033299542
đổi xe,20,Trộn,25,1,0.8260869565217391,5.735440770185619
đổi xe,20,Chỉ đích,25,1,0.9136735979836169,8.669325379452573
đổi xe,20,Trộn,50,1,0.8303457106274008,5.794100284352055
đổi xe,20,Chỉ đích,50,1,0.91101152368758,8.509129389662377
đổi xe,20,Trộn,100,1,0.8313492063492064,5.833113866617623
đổi xe,20,Chỉ đích,100,1,0.9113756613756614,8.509129389662377
đổi xe,20,Trộn,200,1,0.8264872521246459,5.833113866617623
đổi xe,20,Chỉ đích,200,1,0.8909348441926346,7.814676888020898
đổi xe,20,Trộn,10,2,0.8264669163545568,5.719298880950731
đổi xe,20,Chỉ đích,10,2,0.8757802746566792,7.3175959652759275
đổi xe,20,Trộn,25,2,0.8286074354127284,5.772962966134401
đổi xe,20,Chỉ đích,25,2,0.9540012602394455,11.182060394459484
đổi xe,20,Trộn,50,2,0.8258642765685019,5.747516639985804
đổi xe,20,Chỉ đích,50,2,0.9026888604353394,8.007973644567471
đổi xe,20,Trộn,100,2,0.8333333333333334,5.866082667448779
đổi xe,20,Chỉ đích,100,2,0.9464285714285714,10.292882573784738
đổi xe,20,Trộn,200,2,0.8420679886685553,6.0540882315004865
đổi xe,20,Chỉ đích,200,2,0.93342776203966,9.655991890357967
đổi xe,20,Trộn,10,3,0.8277153558052435,5.747516639985804
đổi xe,20,Chỉ đích,10,3,0.9912609238451935,19.89574415147564
đổi xe,20,Trộn,25,3,0.8330182734719597,5.814661423588802
đổi xe,20,Chỉ đích,25,3,0.9911783238815375,19.89574415147564
đổi xe,20,Trộn,50,3,0.8335467349551856,5.833113866617623
đổi xe,20,Chỉ đích,50,3,0.9436619718309859,10.16731019217238
đổi xe,20,Trộn,100,3,0.8359788359788359,5.907820707284458
đổi xe,20,Chỉ đích,100,3,0.9391534391534392,9.873038183700118
đổi xe,20,Trộn,200,3,0.8498583569405099,6.168895635828363
đổi xe,20,Chỉ đích,200,3,0.9412181303116147,9.841671731019574
đổi xe,20,Trộn,10,4,0.8245942571785269,5.700611043294174
đổi xe,20,Chỉ đích,10,4,0.9918851435705368,20.461373751698375
đổi xe,20,Trộn,25,4,0.8254568367989918,5.719298880950731
đổi xe,20,Chỉ đích,25,4,0.9918084436042848,20.461373751698375
đổi xe,20,Trộn,50,4,0.825224071702945,5.735440770185619
đổi xe,20,Chỉ đích,50,4,0.9571062740076824,11.501149439228186
đổi xe,20,Trộn,100,4,0.8306878306878307,5.823922143048975
đổi xe,20,Chỉ đích,100,4,0.8968253968253969,7.9092275216239045
đổi xe,20,Trộn,200,4,0.8342776203966006,5.923358746603242
đổi xe,20,Chỉ đích,200,4,0.8902266288951841,7.784433775448008
đổi xe,20,Trộn,10,5,0.8245942571785269,5.700611043294174
đổi xe,20,Chỉ đích,10,5,0.9962546816479401,23.456108674080028
đổi xe,20,Trộn,25,5,0.8254568367989918,5.719298880950731
đổi xe,20,Chỉ đích,25,5,0.996219281663516,23.456108674080028
đổi xe,20,Trộn,50,5,0.8201024327784892,5.669927448083598
đổi xe,20,Chỉ đích,50,5,0.8444302176696543,6.344467120878676
đổi xe,20,Trộn,100,5,0.8306878306878307,5.823922143048975
đổi xe,20,Chỉ đích,100,5,0.8981481481481481,7.92554526095924
đổi xe,20,Trộn,200,5,0.8349858356940509,5.945883339702277
đổi xe,20,Chỉ đích,200,5,0.8895184135977338,7.75370823531884
đổi xe,20,Trộn,10,6,0.8245942571785269,5.700611043294174
đổi xe,20,Chỉ đích,10,6,0.8414481897627965,6.177164502000778
đổi xe,20,Trộn,25,6,0.8267170762444864,5.747516639985804
đổi xe,20,Chỉ đích,25,6,0.9325771896660365,9.74200829272067
đổi xe,20,Trộn,50,6,0.8329065300896287,5.823922143048975
đổi xe,20,Chỉ đích,50,6,0.9276568501920615,9.486969810526091
đổi xe,20,Trộn,100,6,0.8326719576719577,5.864207435684989
đổi xe,20,Chỉ đích,100,6,0.8809523809523809,7.58903792526371
đổi xe,20,Trộn,200,6,0.8335694050991501,5.921726729189032
đổi xe,20,Chỉ đích,200,6,0.8817280453257791,7.6425603203429375
đổi xe,20,Trộn,10,7,0.8245942571785269,5.700611043294174
đổi xe,20,Chỉ đích,10,7,0.8739076154806492,7.252233072916681
đổi xe,20,Trộn,25,7,0.8210459987397606,5.669927448083598
đổi xe,20,Chỉ đích,25,7,0.872715816005041,7.252233072916681
đổi xe,20,Trộn,50,7,0.825224071702945,5.735440770185619
đổi xe,20,Chỉ đích,50,7,0.9039692701664532,8.050946212975276
đổi xe,20,Trộn,100,7,0.8306878306878307,5.823922143048975
đổi xe,20,Chỉ đích,100,7,0.8716931216931217,7.252233072916681
đổi xe,20,Trộn,200,7,0.8427762039660056,6.057208835975786
đổi xe,20,Chỉ đích,200,7,0.9369688385269122,9.74200829272067
đổi xe,20,Trộn,10,8,0.8220973782771536,5.669927448083598
đổi xe,20,Chỉ đích,10,8,0.8114856429463171,5.54176858775989
đổi xe,20,Trộn,25,8,0.8172652804032766,5.622911402756614
đổi xe,20,Chỉ đích,25,8,0.8097038437303088,5.54176858775989
đổi xe,20,Trộn,50,8,0.822663252240717,5.700611043294174
đổi xe,20,Chỉ đích,50,8,0.9078104993597952,8.303108006289705
đổi xe,20,Trộn,100,8,0.828042328042328,5.794100284352055
đổi xe,20,Chỉ đích,100,8,0.9305555555555556,9.647911562053224
đổi xe,20,Trộn,200,8,0.8314447592067988,5.907820707284458
đổi xe,20,Chỉ đích,200,8,0.9206798866855525,8.930399600935488
đổi xe,20,Trộn,10,9,0.8270911360799001,5.735440770185619
đổi xe,20,Chỉ đích,10,9,0.9656679151061174,12.879041395399312
đổi xe,20,Trộn,25,9,0.8267170762444864,5.747516639985804
đổi xe,20,Chỉ đích,25,9,0.9653434152488973,12.879041395399312
đổi xe,20,Trộn,50,9,0.8245838668373879,5.719298880950731
đổi xe,20,Chỉ đích,50,9,0.8713188220230473,7.149019004810469
đổi xe,20,Trộn,100,9,0.8253968253968254,5.772962966134401
đổi xe,20,Chỉ đích,100,9,0.9226190476190477,9.092436502586338
đổi xe,20,Trộn,200,9,0.8286118980169972,5.866082667448779
đổi xe,20,Chỉ đích,200,9,0.9086402266288952,8.303108006289705
đổi xe,20,Trộn,10,10,0.8270911360799001,5.735440770185619
đổi xe,20,Chỉ đích,10,10,0.9600499375780275,12.207945424623802
đổi xe,20,Trộn,25,10,0.833648393194707,5.823922143048975
đổi xe,20,Chỉ đích,25,10,0.9974795211090107,24.996266668099793
đổi xe,20,Trộn,50,10,0.8354673495518566,5.866082667448779
đổi xe,20,Chỉ đích,50,10,0.971190781049936,13.202752969835046
đổi xe,20,Trộn,100,10,0.8452380952380952,6.049594381434815
đổi xe,20,Chỉ đích,100,10,0.9629629629629629,12.207945424623802
đổi xe,20,Trộn,200,10,0.8498583569405099,6.168895635828363
đổi xe,20,Chỉ đích,200,10,0.9617563739376771,11.411394136620544
đổi xe,20,Trộn,10,11,0.8220973782771536,5.669927448083598
đổi xe,20,Chỉ đích,10,11,0.7802746566791511,4.904636527459729
đổi xe,20,Trộn,25,11,0.8216761184625079,5.690892710810118
đổi xe,20,Chỉ đích,25,11,0.9930686830497795,20.956028445188977
đổi xe,20,Trộn,50,11,0.8245838668373879,5.719298880950731
đổi xe,20,Chỉ đích,50,11,0.9186939820742638,8.930399600935488
đổi xe,20,Trộn,100,11,0.8273809523809523,5.791389063380279
đổi xe,20,Chỉ đích,100,11,0.9193121693121693,8.930399600935488
đổi xe,20,Trộn,200,11,0.8307365439093485,5.89683726225644
đổi xe,20,Chỉ đích,200,11,0.9206798866855525,8.930399600935488
đổi xe,20,Trộn,10,12,0.8245942571785269,5.700611043294174
đổi xe,20,Chỉ đích,10,12,0.8564294631710362,6.654794195481344
đổi xe,20,Trộn,25,12,0.8267170762444864,5.747516639985804
đổi xe,20,Chỉ đích,25,12,0.9729048519218652,13.43453459715738
đổi xe,20,Trộn,50,12,0.8322663252240717,5.814661423588802
đổi xe,20,Chỉ đích,50,12,0.9276568501920615,9.486969810526091
đổi xe,20,Trộn,100,12,0.8313492063492064,5.833113866617623
đổi xe,20,Chỉ đích,100,12,0.9226190476190477,9.092436502586338
đổi xe,20,Trộn,200,12,0.8349858356940509,5.945883339702277
đổi xe,20,Chỉ đích,200,12,0.9242209631728046,9.092436502586338
đổi xe,20,Trộn,10,13,0.8270911360799001,5.735440770185619
đổi xe,20,Chỉ đích,10,13,0.9450686641697877,10.502072726988189
đổi xe,20,Trộn,25,13,0.8267170762444864,5.747516639985804
đổi xe,20,Chỉ đích,25,13,0.9905482041587902,19.576400449399614
đổi xe,20,Trộn,50,13,0.8258642765685019,5.747516639985804
đổi xe,20,Chỉ đích,50,13,0.8937259923175416,7.848422439444647
đổi xe,20,Trộn,100,13,0.8253968253968254,5.772962966134401
đổi xe,20,Chỉ đích,100,13,0.8935185185185185,7.848422439444647
đổi xe,20,Trộn,200,13,0.8314447592067988,5.907820707284458
đổi xe,20,Chỉ đích,200,13,0.9072237960339944,8.210420167920262
đổi xe,20,Trộn,10,14,0.8264669163545568,5.719298880950731
đổi xe,20,Chỉ đích,10,14,0.8976279650436954,7.9092275216239045
đổi xe,20,Trộn,25,14,0.8267170762444864,5.747516639985804
đổi xe,20,Chỉ đích,25,14,0.9785759294265911,14.229440511884732
đổi xe,20,Trộn,50,14,0.8322663252240717,5.814661423588802
đổi xe,20,Chỉ đích,50,14,0.9647887323943662,12.58154016762795
đổi xe,20,Trộn,100,14,0.830026455026455,5.814661423588802
đổi xe,20,Chỉ đích,100,14,0.9451058201058201,10.16731019217238
đổi xe,20,Trộn,200,14,0.8413597733711048,6.049594381434815
đổi xe,20,Chỉ đích,200,14,0.9114730878186968,8.5050294391624
đổi xe,20,Trộn,10,15,0.8245942571785269,5.700611043294174
đổi xe,20,Chỉ đích,10,15,0.9662921348314607,12.894597241155566
đổi xe,20,Trộn,25,15,0.8254568367989918,5.719298880950731
đổi xe,20,Chỉ đích,25,15,0.9873976055450535,17.545432807520555
đổi xe,20,Trộn,50,15,0.825224071702945,5.735440770185619
đổi xe,20,Chỉ đích,50,15,0.9250960307298336,9.252063923292525
đổi xe,20,Trộn,100,15,0.830026455026455,5.814661423588802
đổi xe,20,Chỉ đích,100,15,0.923941798941799,9.134613280360583
đổi xe,20,Trộn,200,15,0.8250708215297451,5.814661423588802
đổi xe,20,Chỉ đích,200,15,0.8895184135977338,7.75370823531884
đổi xe,20,Trộn,10,16,0.8264669163545568,5.719298880950731
đổi xe,20,Chỉ đích,10,16,0.9650436953807741,12.713004136827195
đổi xe,20,Trộn,25,16,0.8267170762444864,5.747516639985804
đổi xe,20,Chỉ đích,25,16,0.9647132955261499,12.713004136827195
đổi xe,20,Trộn,50,16,0.825224071702945,5.735440770185619
đổi xe,20,Chỉ đích,50,16,0.9257362355953905,9.274496554309025
đổi xe,20,Trộn,100,16,0.8253968253968254,5.772962966134401
đổi xe,20,Chỉ đích,100,16,0.8888888888888888,7.746272908528681
đổi xe,20,Trộn,200,16,0.8286118980169972,5.866082667448779
đổi xe,20,Chỉ đích,200,16,0.9050991501416431,8.115770307036371
đổi xe,20,Trộn,10,17,0.8264669163545568,5.719298880950731
đổi xe,20,Chỉ đích,10,17,0.9756554307116105,13.75019037633821
đổi xe,20,Trộn,25,17,0.8286074354127284,5.772962966134401
đổi xe,20,Chỉ đích,25,17,0.9955891619407687,23.311300087545405
đổi xe,20,Trộn,50,17,0.8322663252240717,5.814661423588802
đổi xe,20,Chỉ đích,50,17,0.9334186939820742,9.74200829272067
đổi xe,20,Trộn,100,17,0.8313492063492064,5.833113866617623
đổi xe,20,Chỉ đích,100,17,0.9001322751322751,7.952415791254651
đổi xe,20,Trộn,200,17,0.8314447592067988,5.907820707284458
đổi xe,20,Chỉ đích,200,17,0.9001416430594901,7.952415791254651
đổi xe,20,Trộn,10,18,0.8245942571785269,5.700611043294174
đổi xe,20,Chỉ đích,10,18,0.83270911360799,5.9188740103458315
đổi xe,20,Trộn,25,18,0.8267170762444864,5.747516639985804
đổi xe,20,Chỉ đích,25,18,0.9955891619407687,23.311300087545405
đổi xe,20,Trộn,50,18,0.8277848911651728,5.772962966134401
đổi xe,20,Chỉ đích,50,18,0.9564660691421255,11.464452129991287
đổi xe,20,Trộn,100,18,0.8234126984126984,5.747516639985804
đổi xe,20,Chỉ đích,100,18,0.878968253968254,7.50099824995894
đổi xe,20,Trộn,200,18,0.8264872521246459,5.833113866617623
đổi xe,20,Chỉ đích,200,18,0.8682719546742209,7.149019004810469
đổi xe,20,Trộn,10,19,0.8264669163545568,5.719298880950731
đổi xe,20,Chỉ đích,10,19,0.9912609238451935,19.89574415147564
đổi xe,20,Trộn,25,19,0.8267170762444864,5.747516639985804
đổi xe,20,Chỉ đích,25,19,0.9911783238815375,19.89574415147564
đổi xe,20,Trộn,50,19,0.8303457106274008,5.794100284352055
đổi xe,20,Chỉ đích,50,19,0.9596670934699104,12.014067237490735
đổi xe,20,Trộn,100,19,0.8326719576719577,5.864207435684989
đổi xe,20,Chỉ đích,100,19,0.9206349206349206,8.938096588282264
đổi xe,20,Trộn,200,19,0.8314447592067988,5.907820707284458
đổi xe,20,Chỉ đích,200,19,0.9058073654390935,8.129020491057759
đổi thời kỳ,0,Chỉ nguồn,10,0,0.5204294183624419,10.201998233570805
đổi thời kỳ,0,Trộn,10,0,0.5225124178817497,10.238618263445005
đổi thời kỳ,0,Chỉ đích,10,0,0.932863323185387,21.204411893596117
đổi thời kỳ,0,Chỉ nguồn,25,0,0.5200770960488275,10.201998233570805
đổi thời kỳ,0,Trộn,25,0,0.5244137487953743,10.261431982564659
đổi thời kỳ,0,Chỉ đích,25,0,0.9327015740443302,21.204411893596117
đổi thời kỳ,0,Chỉ nguồn,50,0,0.5197548782454443,10.201998233570805
đổi thời kỳ,0,Trộn,50,0,0.5270117722947911,10.303003344726562
đổi thời kỳ,0,Chỉ đích,50,0,0.8975971617481051,19.024249085669354
đổi thời kỳ,0,Chỉ nguồn,100,0,0.5195903105186148,10.201998233570805
đổi thời kỳ,0,Trộn,100,0,0.5309705738904243,10.387168876888353
đổi thời kỳ,0,Chỉ đích,100,0,0.9074947163062916,19.500735145941903
đổi thời kỳ,0,Chỉ nguồn,200,0,0.5197488018509338,10.201998233570805
đổi thời kỳ,0,Trộn,200,0,0.5463559742191373,10.644438261090556
đổi thời kỳ,0,Chỉ đích,200,0,0.9231531978185424,20.437356930683777
đổi thời kỳ,0,Trộn,10,1,0.5212305720237141,10.221859274028219
đổi thời kỳ,0,Chỉ đích,10,1,0.9352667841692036,21.346677351259032
đổi thời kỳ,0,Trộn,25,1,0.5234500481850305,10.25737212750613
đổi thời kỳ,0,Chỉ đích,25,1,0.9351108255701895,21.346677351259032
đổi thời kỳ,0,Trộn,50,1,0.527656829543622,10.311217642325005
đổi thời kỳ,0,Chỉ đích,50,1,0.9222706015158846,20.395457647674732
đổi thời kỳ,0,Trộn,100,1,0.5330840513737604,10.404521966469474
đổi thời kỳ,0,Chỉ đích,100,1,0.9071695659242399,19.49701421247208
đổi thời kỳ,0,Trộn,200,1,0.5447033548173855,10.604868174407471
đổi thời kỳ,0,Chỉ đích,200,1,0.8824987605354487,18.28149883303523
đổi thời kỳ,0,Trộn,10,2,0.5220317256849863,10.22946156437419
đổi thời kỳ,0,Chỉ đích,10,2,0.9195641724082679,20.181920638408215
đổi thời kỳ,0,Trộn,25,2,0.525377449405718,10.27075817406066
đổi thời kỳ,0,Chỉ đích,25,2,0.963218760038548,23.57928913914374
đổi thời kỳ,0,Trộn,50,2,0.5270117722947911,10.303003344726562
đổi thời kỳ,0,Chỉ đích,50,2,0.9104983067247219,19.652089555080565
đổi thời kỳ,0,Trộn,100,2,0.5321086002276053,10.400138740262548
đổi thời kỳ,0,Chỉ đích,100,2,0.9055438140139814,19.39074047270276
đổi thời kỳ,0,Trộn,200,2,0.5463559742191373,10.644438261090556
đổi thời kỳ,0,Chỉ đích,200,2,0.8993554784333168,19.1163032582143
đổi thời kỳ,0,Trộn,10,3,0.5237942637397853,10.250457826803142
đổi thời kỳ,0,Chỉ đích,10,3,0.9302996314693158,21.03363595783209
đổi thời kỳ,0,Trộn,25,3,0.5244137487953743,10.261431982564659
đổi thời kỳ,0,Chỉ đích,25,3,0.932380340507549,21.1555950979901
đổi thời kỳ,0,Trộn,50,3,0.5286244154168682,10.319209573903947
đổi thời kỳ,0,Chỉ đích,50,3,0.9608127721335269,23.188501886237134
đổi thời kỳ,0,Trộn,100,3,0.5368232807673549,10.460025939501037
đổi thời kỳ,0,Chỉ đích,100,3,0.9305803934319623,21.03363595783209
đổi thời kỳ,0,Trộn,200,3,0.5498264749628161,10.68167452171582
đổi thời kỳ,0,Chỉ đích,200,3,0.9091059329036523,19.570005716063875
đổi thời kỳ,0,Trộn,10,4,0.5225124178817497,10.238618263445005
đổi thời kỳ,0,Chỉ đích,10,4,0.902739945521551,19.237918937251933
đổi thời kỳ,0,Trộn,25,4,0.5250562158689367,10.268869094749931
đổi thời kỳ,0,Chỉ đích,25,4,0.9309347895920335,21.079893206327725
đổi thời kỳ,0,Trộn,50,4,0.5286244154168682,10.319209573903947
đổi thời kỳ,0,Chỉ đích,50,4,0.9256571520722464,20.72629208833672
đổi thời kỳ,0,Trộn,100,4,0.5368232807673549,10.460025939501037
đổi thời kỳ,0,Chỉ đích,100,4,0.934157047634531,21.22828210248275
đổi thời kỳ,0,Trộn,200,4,0.5490001652619402,10.673850044604507
đổi thời kỳ,0,Chỉ đích,200,4,0.9142290530490828,19.853266530786357
đổi thời kỳ,0,Trộn,10,5,0.5244351866688031,10.25737212750613
đổi thời kỳ,0,Chỉ đích,10,5,0.8916840249959942,18.70212154329721
đổi thời kỳ,0,Trộn,25,5,0.5250562158689367,10.268869094749931
đổi thời kỳ,0,Chỉ đích,25,5,0.9282043045293928,20.93730441814286
đổi thời kỳ,0,Trộn,50,5,0.5284631511046606,10.319095783661254
đổi thời kỳ,0,Chỉ đích,50,5,0.8730849862925335,17.806090891108795
đổi thời kỳ,0,Trộn,100,5,0.5355226792391481,10.428327956368776
đổi thời kỳ,0,Chỉ đích,100,5,0.8993659567549992,19.1163032582143
đổi thời kỳ,0,Trộn,200,5,0.5511485704842175,10.694237946773029
đổi thời kỳ,0,Chỉ đích,200,5,0.8940670963477111,18.866324448839578
đổi thời kỳ,0,Trộn,10,6,0.5225124178817497,10.238618263445005
đổi thời kỳ,0,Chỉ đích,10,6,0.9205255568017946,20.2333042081914
đổi thời kỳ,0,Trộn,25,6,0.5255380661741086,10.274023479233449
đổi thời kỳ,0,Chỉ đích,25,6,0.9219402505621587,20.390773959366683
đổi thời kỳ,0,Trộn,50,6,0.5289469440412836,10.324055337766652
đổi thời kỳ,0,Chỉ đích,50,6,0.9204966940815997,20.2333042081914
đổi thời kỳ,0,Trộn,100,6,0.5338969273288896,10.409517890526331
đổi thời kỳ,0,Chỉ đích,100,6,0.9170866525768168,20.061348483615475
đổi thời kỳ,0,Trộn,200,6,0.5486696413815898,10.67057310575592
đổi thời kỳ,0,Chỉ đích,200,6,0.8917534291852587,18.733620274613713
đổi thời kỳ,0,Trộn,10,7,0.5237942637397853,10.250457826803142
đổi thời kỳ,0,Chỉ đích,10,7,0.9782086204133953,25.53209749710652
đổi thời kỳ,0,Trộn,25,7,0.5258592997108898,10.278049553888508
đổi thời kỳ,0,Chỉ đích,25,7,0.9983938323160938,34.348860100023686
đổi thời kỳ,0,Trộn,50,7,0.5286244154168682,10.319209573903947
đổi thời kỳ,0,Chỉ đích,50,7,0.969521044992743,24.215133520354257
đổi thời kỳ,0,Trộn,100,7,0.5338969273288896,10.409517890526331
đổi thời kỳ,0,Chỉ đích,100,7,0.9617948301089254,23.253755747879495
đổi thời kỳ,0,Trộn,200,7,0.5541232854073707,10.712683524889826
đổi thời kỳ,0,Chỉ đích,200,7,0.9424888448190382,21.85558924041402
đổi thời kỳ,0,Trộn,10,8,0.5237942637397853,10.250457826803142
đổi thời kỳ,0,Chỉ đích,10,8,0.8604390322063772,17.326310105043618
đổi thời kỳ,0,Trộn,25,8,0.5258592997108898,10.278049553888508
đổi thời kỳ,0,Chỉ đích,25,8,0.9484420173466109,22.31442773263609
đổi thời kỳ,0,Trộn,50,8,0.5292694726656991,10.327714293406018
đổi thời kỳ,0,Chỉ đích,50,8,0.8909853249475891,18.676784044743044
đổi thời kỳ,0,Trộn,100,8,0.5379613071045358,10.46866519182882
đổi thời kỳ,0,Chỉ đích,100,8,0.9045683628678264,19.33638440838682
đổi thời kỳ,0,Trộn,200,8,0.5518096182449181,10.701044772266926
đổi thời kỳ,0,Chỉ đích,200,8,0.9183606015534622,20.123434539994363
đổi thời kỳ,0,Trộn,10,9,0.5220317256849863,10.22946156437419
đổi thời kỳ,0,Chỉ đích,10,9,0.8730972600544784,17.797512362048224
đổi thời kỳ,0,Trộn,25,9,0.5271442338580148,10.2897894446331
đổi thời kỳ,0,Chỉ đích,25,9,0.9702858978477353,24.27073205640562
đổi thời kỳ,0,Trộn,50,9,0.5284631511046606,10.319095783661254
đổi thời kỳ,0,Chỉ đích,50,9,0.8934042896307047,18.830628417968697
đổi thời kỳ,0,Trộn,100,9,0.5329214761827346,10.403226033933521
đổi thời kỳ,0,Chỉ đích,100,9,0.8933506746870428,18.830628417968697
đổi thời kỳ,0,Trộn,200,9,0.5499917369029912,10.68302376302077
đổi thời kỳ,0,Chỉ đích,200,9,0.9135680052883821,19.815229980301766
đổi thời kỳ,0,Trộn,10,10,0.5250761095978209,10.259093347816645
đổi thời kỳ,0,Chỉ đích,10,10,0.8875180259573786,18.490029205840628
đổi thời kỳ,0,Trộn,25,10,0.5271442338580148,10.2897894446331
đổi thời kỳ,0,Chỉ đích,25,10,0.9736588499839384,25.001109626928553
đổi thời kỳ,0,Trộn,50,10,0.528785679729076,10.321921992414218
đổi thời kỳ,0,Chỉ đích,50,10,0.9140461215932913,19.85773235134542
đổi thời kỳ,0,Trộn,100,10,0.5324337506096569,10.401567801900882
đổi thời kỳ,0,Chỉ đích,100,10,0.8847341895626727,18.35804124240451
đổi thời kỳ,0,Trộn,200,10,0.5498264749628161,10.68167452171582
đổi thời kỳ,0,Chỉ đích,200,10,0.8844819038175508,18.35804124240451
đổi thời kỳ,0,Trộn,10,11,0.5220317256849863,10.22946156437419
đổi thời kỳ,0,Chỉ đích,10,11,0.8208620413395289,16.06940561225578
đổi thời kỳ,0,Trộn,25,11,0.5258592997108898,10.278049553888508
đổi thời kỳ,0,Chỉ đích,25,11,0.9743013170575008,25.030595377417114
đổi thời kỳ,0,Trộn,50,11,0.5295920012901145,10.329450134541531
đổi thời kỳ,0,Chỉ đích,50,11,0.9400096758587324,21.71596387527792
đổi thời kỳ,0,Trộn,100,11,0.5387741830596651,10.479421519435022
đổi thời kỳ,0,Chỉ đích,100,11,0.9227767842627215,20.437356930683777
đổi thời kỳ,0,Trộn,200,11,0.5539580234671955,10.711816004923008
đổi thời kỳ,0,Chỉ đích,200,11,0.9157164105106594,19.90458878605392
đổi thời kỳ,0,Trộn,10,12,0.5220317256849863,10.22946156437419
đổi thời kỳ,0,Chỉ đích,10,12,0.7974683544303798,15.442859859015243
đổi thời kỳ,0,Trộn,25,12,0.5271442338580148,10.2897894446331
đổi thời kỳ,0,Chỉ đích,25,12,0.9677160295534853,23.997506027720362
đổi thời kỳ,0,Trộn,50,12,0.5289469440412836,10.324055337766652
đổi thời kỳ,0,Chỉ đích,50,12,0.9198516368327689,20.1880528105072
đổi thời kỳ,0,Trộn,100,12,0.5340595025199154,10.41247106882085
đổi thời kỳ,0,Chỉ đích,100,12,0.920013006015282,20.1880528105072
đổi thời kỳ,0,Trộn,200,12,0.5529664518261445,10.70912908257381
đổi thời kỳ,0,Chỉ đích,200,12,0.9119153858866303,19.70657805761715
đổi thời kỳ,0,Trộn,10,13,0.5220317256849863,10.22946156437419
đổi thời kỳ,0,Chỉ đích,10,13,0.9278961704854991,20.860700489837768
đổi thời kỳ,0,Trộn,25,13,0.524092515258593,10.259093347816645
đổi thời kỳ,0,Chỉ đích,25,13,0.9277224542242211,20.860700489837768
đổi thời kỳ,0,Trộn,50,13,0.5263667150459603,10.29831561509286
đổi thời kỳ,0,Chỉ đích,50,13,0.8742138364779874,17.858732802712993
đổi thời kỳ,0,Trộn,100,13,0.5335717769468379,10.408088675429553
đổi thời kỳ,0,Chỉ đích,100,13,0.872541050235734,17.797512362048224
đổi thời kỳ,0,Trộn,200,13,0.5490001652619402,10.673850044604507
đổi thời kỳ,0,Chỉ đích,200,13,0.8806808791935218,18.216160635489032
đổi thời kỳ,0,Trộn,10,14,0.5220317256849863,10.22946156437419
đổi thời kỳ,0,Chỉ đích,10,14,0.978849543342413,25.659073507176913
đổi thời kỳ,0,Trộn,25,14,0.5250562158689367,10.268869094749931
đổi thời kỳ,0,Chỉ đích,25,14,0.9787985865724381,25.659073507176913
đổi thời kỳ,0,Trộn,50,14,0.527656829543622,10.311217642325005
đổi thời kỳ,0,Chỉ đích,50,14,0.9158200290275762,19.96243833830357
đổi thời kỳ,0,Trộn,100,14,0.5340595025199154,10.41247106882085
đổi thời kỳ,0,Chỉ đích,100,14,0.9159486262396358,19.96243833830357
đổi thời kỳ,0,Trộn,200,14,0.5529664518261445,10.70912908257381
đổi thời kỳ,0,Chỉ đích,200,14,0.8724177821847628,17.806090891108795
đổi thời kỳ,0,Trộn,10,15,0.5212305720237141,10.221859274028219
đổi thời kỳ,0,Chỉ đích,10,15,0.8096458900817177,15.791022110167887
đổi thời kỳ,0,Trộn,25,15,0.524092515258593,10.259093347816645
đổi thời kỳ,0,Chỉ đích,25,15,0.931095406360424,21.081360588634425
đổi thời kỳ,0,Trộn,50,15,0.5263667150459603,10.29831561509286
đổi thời kỳ,0,Chỉ đích,50,15,0.9140461215932913,19.85773235134542
đổi thời kỳ,0,Trộn,100,15,0.5321086002276053,10.400138740262548
đổi thời kỳ,0,Chỉ đích,100,15,0.9071695659242399,19.49701421247208
đổi thời kỳ,0,Trộn,200,15,0.5463559742191373,10.644438261090556
đổi thời kỳ,0,Chỉ đích,200,15,0.8881176665014048,18.544667149640517
đổi thời kỳ,0,Trộn,10,16,0.5220317256849863,10.22946156437419
đổi thời kỳ,0,Chỉ đích,10,16,0.8215029642685467,16.094044353543254
đổi thời kỳ,0,Trộn,25,16,0.5250562158689367,10.268869094749931
đổi thời kỳ,0,Chỉ đích,25,16,0.8210729200128494,16.094044353543254
đổi thời kỳ,0,Trộn,50,16,0.5286244154168682,10.319209573903947
đổi thời kỳ,0,Chỉ đích,50,16,0.774875020158039,14.81518724482477
đổi thời kỳ,0,Trộn,100,16,0.5330840513737604,10.404521966469474
đổi thời kỳ,0,Chỉ đích,100,16,0.8649000162575191,17.51021723120006
đổi thời kỳ,0,Trộn,200,16,0.5486696413815898,10.67057310575592
đổi thời kỳ,0,Chỉ đích,200,16,0.8877871426210544,18.51604487888163
đổi thời kỳ,0,Trộn,10,17,0.5212305720237141,10.221859274028219
đổi thời kỳ,0,Chỉ đích,10,17,0.9083480211504567,19.548443802947403
đổi thời kỳ,0,Trộn,25,17,0.5228075811114681,10.250457826803142
đổi thời kỳ,0,Chỉ đích,25,17,0.9943784131063284,30.987573313627593
đổi thời kỳ,0,Trộn,50,17,0.5270117722947911,10.303003344726562
đổi thời kỳ,0,Chỉ đích,50,17,0.9082406063538139,19.548443802947403
đổi thời kỳ,0,Trộn,100,17,0.5329214761827346,10.403226033933521
đổi thời kỳ,0,Chỉ đích,100,17,0.8785563323036905,18.109155242435563
đổi thời kỳ,0,Trộn,200,17,0.5480085936208892,10.666154481893273
đổi thời kỳ,0,Chỉ đích,200,17,0.8932407866468353,18.830628417968697
đổi thời kỳ,0,Trộn,10,18,0.5199487261656786,10.20292623608637
đổi thời kỳ,0,Chỉ đích,10,18,0.9506489344656305,22.4153221577796
đổi thời kỳ,0,Trộn,25,18,0.5258592997108898,10.278049553888508
đổi thời kỳ,0,Chỉ đích,25,18,0.9779955027304851,25.528896354284612
đổi thời kỳ,0,Trộn,50,18,0.5286244154168682,10.319209573903947
đổi thời kỳ,0,Chỉ đích,50,18,0.9508143847766489,22.4153221577796
đổi thời kỳ,0,Trộn,100,18,0.5309705738904243,10.387168876888353
đổi thời kỳ,0,Chỉ đích,100,18,0.8853844903267761,18.390393994975227
đổi thời kỳ,0,Trộn,200,18,0.5490001652619402,10.673850044604507
đổi thời kỳ,0,Chỉ đích,200,18,0.8783672120310693,18.110763907877626
đổi thời kỳ,0,Trộn,10,19,0.5237942637397853,10.250457826803142
đổi thời kỳ,0,Chỉ đích,10,19,0.922127864124339,20.390773959366683
đổi thời kỳ,0,Trộn,25,19,0.5258592997108898,10.278049553888508
đổi thời kỳ,0,Chỉ đích,25,19,0.9771924188885319,25.389492025406625
đổi thời kỳ,0,Trộn,50,19,0.5284631511046606,10.319095783661254
đổi thời kỳ,0,Chỉ đích,50,19,0.9416223189808095,21.859735166196515
đổi thời kỳ,0,Trộn,100,19,0.5329214761827346,10.403226033933521
đổi thời kỳ,0,Chỉ đích,100,19,0.9388717281742806,21.58051451152143
đổi thời kỳ,0,Trộn,200,19,0.546025450338787,10.641449586407674
đổi thời kỳ,0,Chỉ đích,200,19,0.9031565030573458,19.248620956393992
